/*
SQLyog Enterprise v12.09 (64 bit)
MySQL - 5.6.24 : Database - kmc
*********************************************************************
*/

/*!40101 SET NAMES utf8 */;

/*!40101 SET SQL_MODE=''*/;

/*!40014 SET @OLD_UNIQUE_CHECKS=@@UNIQUE_CHECKS, UNIQUE_CHECKS=0 */;
/*!40014 SET @OLD_FOREIGN_KEY_CHECKS=@@FOREIGN_KEY_CHECKS, FOREIGN_KEY_CHECKS=0 */;
/*!40101 SET @OLD_SQL_MODE=@@SQL_MODE, SQL_MODE='NO_AUTO_VALUE_ON_ZERO' */;
/*!40111 SET @OLD_SQL_NOTES=@@SQL_NOTES, SQL_NOTES=0 */;
CREATE DATABASE /*!32312 IF NOT EXISTS*/`kmc` /*!40100 DEFAULT CHARACTER SET latin1 */;

USE `kmc`;

/*Table structure for table `access_groups` */

DROP TABLE IF EXISTS `access_groups`;

CREATE TABLE `access_groups` (
  `id` int(11) unsigned NOT NULL AUTO_INCREMENT,
  `name` varchar(255) DEFAULT NULL,
  `type` enum('backend','frontend') DEFAULT 'backend',
  `status` tinyint(1) DEFAULT '1',
  `created_at` datetime DEFAULT NULL,
  `updated_at` datetime DEFAULT NULL,
  PRIMARY KEY (`id`)
) ENGINE=InnoDB AUTO_INCREMENT=5 DEFAULT CHARSET=utf8;

/*Data for the table `access_groups` */

insert  into `access_groups`(`id`,`name`,`type`,`status`,`created_at`,`updated_at`) values (1,'مدیریت کامل','backend',1,'2015-10-02 14:25:24','2015-10-02 20:12:47'),(2,'مدیر محتوا','backend',1,'2015-10-02 19:31:27','2015-10-02 19:31:27'),(3,'مشتری','frontend',1,'2015-11-15 04:47:09','2015-11-15 04:47:09'),(4,'مشتری ویژه','frontend',1,'2015-11-15 04:47:40','2015-11-15 04:47:40');

/*Table structure for table `access_list` */

DROP TABLE IF EXISTS `access_list`;

CREATE TABLE `access_list` (
  `id` int(11) unsigned NOT NULL AUTO_INCREMENT,
  `access_group_id` int(11) DEFAULT NULL,
  `user_id` int(11) DEFAULT NULL,
  `employee_id` int(11) DEFAULT NULL,
  `action_id` int(11) DEFAULT NULL,
  `access` tinyint(1) DEFAULT '1',
  `status` tinyint(1) DEFAULT '1',
  `creator_id` int(11) DEFAULT NULL,
  `created_at` datetime DEFAULT NULL,
  `updated_at` datetime DEFAULT NULL,
  PRIMARY KEY (`id`)
) ENGINE=InnoDB AUTO_INCREMENT=237 DEFAULT CHARSET=utf8;

/*Data for the table `access_list` */

insert  into `access_list`(`id`,`access_group_id`,`user_id`,`employee_id`,`action_id`,`access`,`status`,`creator_id`,`created_at`,`updated_at`) values (1,1,NULL,NULL,20,1,1,1,'2015-10-03 15:53:45','2015-10-03 18:39:57'),(2,1,NULL,NULL,21,1,1,1,'2015-10-03 15:53:45','2015-10-03 18:39:57'),(3,1,NULL,NULL,22,1,1,1,'2015-10-03 15:58:38',NULL),(4,1,NULL,NULL,23,1,1,1,'2015-10-03 15:58:38',NULL),(5,1,NULL,NULL,24,1,1,1,'2015-10-03 15:58:38',NULL),(6,1,NULL,NULL,25,1,1,1,'2015-10-03 15:58:38',NULL),(7,1,NULL,NULL,26,1,1,1,'2015-10-03 15:58:38',NULL),(8,1,NULL,NULL,27,1,1,1,'2015-10-03 15:58:38',NULL),(9,1,NULL,NULL,28,1,1,1,'2015-10-03 15:58:38',NULL),(10,1,NULL,NULL,29,1,1,1,'2015-10-03 15:58:38',NULL),(11,1,NULL,NULL,30,1,1,1,'2015-10-03 15:58:38',NULL),(12,1,NULL,NULL,31,1,1,1,'2015-10-03 15:58:38',NULL),(13,1,NULL,NULL,32,1,1,1,'2015-10-03 15:58:38',NULL),(14,1,NULL,NULL,33,1,1,1,'2015-10-03 15:58:38',NULL),(15,1,NULL,NULL,34,1,1,1,'2015-10-03 15:58:38',NULL),(16,1,NULL,NULL,35,1,1,1,'2015-10-03 15:58:38',NULL),(17,1,NULL,NULL,36,1,1,1,'2015-10-03 15:58:38',NULL),(18,1,NULL,NULL,37,1,1,1,'2015-10-03 15:58:38',NULL),(19,1,NULL,NULL,38,1,1,1,'2015-10-03 15:58:38',NULL),(20,1,NULL,NULL,39,1,1,1,'2015-10-03 15:58:38',NULL),(21,1,NULL,NULL,40,1,1,1,'2015-10-03 15:58:38',NULL),(22,1,NULL,NULL,41,1,1,1,'2015-10-03 15:58:38',NULL),(23,1,NULL,NULL,42,1,1,1,'2015-10-03 15:58:38',NULL),(24,1,NULL,NULL,43,1,1,1,'2015-10-03 15:58:38',NULL),(25,1,NULL,NULL,44,1,1,1,'2015-10-03 15:58:38',NULL),(26,1,NULL,NULL,45,1,1,1,'2015-10-03 15:58:38',NULL),(27,1,NULL,NULL,46,1,1,1,'2015-10-03 15:58:38',NULL),(28,1,NULL,NULL,47,1,1,1,'2015-10-03 15:58:38',NULL),(29,1,NULL,NULL,48,1,1,1,'2015-10-03 15:58:38',NULL),(30,1,NULL,NULL,49,1,1,1,'2015-10-03 15:58:38',NULL),(31,1,NULL,NULL,50,1,1,1,'2015-10-03 15:58:38',NULL),(32,1,NULL,NULL,51,1,1,1,'2015-10-03 15:58:38',NULL),(33,1,NULL,NULL,52,1,1,1,'2015-10-03 15:58:38',NULL),(34,1,NULL,NULL,53,1,1,1,'2015-10-03 15:58:38',NULL),(35,1,NULL,NULL,54,1,1,1,'2015-10-03 15:58:38',NULL),(36,1,NULL,NULL,55,1,1,1,'2015-10-03 15:58:38',NULL),(37,1,NULL,NULL,56,1,1,1,'2015-10-03 15:58:38',NULL),(38,1,NULL,NULL,57,1,1,1,'2015-10-03 15:58:38',NULL),(39,1,NULL,NULL,58,1,1,1,'2015-10-03 15:58:38',NULL),(40,1,NULL,NULL,59,1,1,1,'2015-10-03 15:58:38',NULL),(41,1,NULL,NULL,60,1,1,1,'2015-10-03 15:58:38',NULL),(42,1,NULL,NULL,61,1,1,1,'2015-10-03 15:58:38',NULL),(43,1,NULL,NULL,62,1,1,1,'2015-10-03 15:58:38',NULL),(44,1,NULL,NULL,63,1,1,1,'2015-10-03 15:58:38',NULL),(45,1,NULL,NULL,64,1,1,1,'2015-10-03 15:58:38',NULL),(46,1,NULL,NULL,65,1,1,1,'2015-10-03 15:58:38',NULL),(47,1,NULL,NULL,66,1,1,1,'2015-10-03 15:58:38',NULL),(48,1,NULL,NULL,67,1,1,1,'2015-10-03 15:58:38',NULL),(49,1,NULL,NULL,68,1,1,1,'2015-10-03 15:58:38',NULL),(50,1,NULL,NULL,69,1,1,1,'2015-10-03 15:58:38',NULL),(51,1,NULL,NULL,70,1,1,1,'2015-10-03 15:58:38',NULL),(52,1,NULL,NULL,71,1,1,1,'2015-10-03 15:58:38',NULL),(53,1,NULL,NULL,72,1,1,1,'2015-10-03 15:58:38',NULL),(54,1,NULL,NULL,73,1,1,1,'2015-10-03 15:58:38',NULL),(55,1,NULL,NULL,74,1,1,1,'2015-10-03 15:58:38',NULL),(56,1,NULL,NULL,75,1,1,1,'2015-10-03 15:58:38',NULL),(57,1,NULL,NULL,76,1,1,1,'2015-10-03 15:58:38',NULL),(58,1,NULL,NULL,77,1,1,1,'2015-10-03 15:58:38',NULL),(59,1,NULL,NULL,78,1,1,1,'2015-10-03 15:58:38',NULL),(60,1,NULL,NULL,79,1,1,1,'2015-10-03 15:58:38',NULL),(61,1,NULL,NULL,80,1,1,1,'2015-10-03 15:58:38',NULL),(62,1,NULL,NULL,81,1,1,1,'2015-10-03 15:58:38',NULL),(63,1,NULL,NULL,82,1,1,1,'2015-10-03 15:58:38',NULL),(64,1,NULL,NULL,83,1,1,1,'2015-10-03 15:58:38',NULL),(65,1,NULL,NULL,84,1,1,1,'2015-10-03 15:58:38',NULL),(66,1,NULL,NULL,85,1,1,1,'2015-10-03 15:58:38',NULL),(67,1,NULL,NULL,86,1,1,1,'2015-10-03 15:58:38',NULL),(68,1,NULL,NULL,87,1,1,1,'2015-10-03 15:58:38',NULL),(69,1,NULL,NULL,88,1,1,1,'2015-10-03 15:58:38',NULL),(70,1,NULL,NULL,89,1,1,1,'2015-10-03 15:58:38',NULL),(71,1,NULL,NULL,90,1,1,1,'2015-10-03 15:58:38',NULL),(72,1,NULL,NULL,91,1,1,1,'2015-10-03 15:58:38',NULL),(73,1,NULL,NULL,92,1,1,1,'2015-10-03 15:58:38',NULL),(74,1,NULL,NULL,93,1,1,1,'2015-10-03 15:58:38',NULL),(75,1,NULL,NULL,94,1,1,1,'2015-10-03 15:58:38',NULL),(76,1,NULL,NULL,95,1,1,1,'2015-10-03 15:58:38',NULL),(77,1,NULL,NULL,96,1,1,1,'2015-10-03 15:58:38',NULL),(78,1,NULL,NULL,97,1,1,1,'2015-10-03 15:58:38',NULL),(79,1,NULL,NULL,98,1,1,1,'2015-10-03 15:58:38',NULL),(80,1,NULL,NULL,99,1,1,1,'2015-10-03 15:58:38',NULL),(81,1,NULL,NULL,100,1,1,1,'2015-10-03 15:58:38',NULL),(82,1,NULL,NULL,101,1,1,1,'2015-10-03 15:58:38',NULL),(83,1,NULL,NULL,102,1,1,1,'2015-10-03 15:58:38',NULL),(84,1,NULL,NULL,103,1,1,1,'2015-10-03 15:58:38',NULL),(85,1,NULL,NULL,104,1,1,1,'2015-10-03 15:58:38',NULL),(86,1,NULL,NULL,105,1,1,1,'2015-10-03 15:58:38',NULL),(87,1,NULL,NULL,106,1,1,1,'2015-10-03 15:58:38',NULL),(88,1,NULL,NULL,107,1,1,1,'2015-10-03 15:58:38',NULL),(89,1,NULL,NULL,108,1,1,1,'2015-10-03 15:58:38',NULL),(90,1,NULL,NULL,109,1,1,1,'2015-10-03 15:58:38',NULL),(91,1,NULL,NULL,110,1,1,1,'2015-10-03 15:58:38',NULL),(92,1,NULL,NULL,111,1,1,1,'2015-10-03 15:58:38',NULL),(93,1,NULL,NULL,112,1,1,1,'2015-10-03 15:58:38',NULL),(94,1,NULL,NULL,113,1,1,1,'2015-10-03 15:58:39',NULL),(95,1,NULL,NULL,114,1,1,1,'2015-10-03 15:58:39',NULL),(96,1,NULL,NULL,115,1,1,1,'2015-10-03 15:58:39',NULL),(97,1,NULL,NULL,116,1,1,1,'2015-10-03 15:58:39',NULL),(98,1,NULL,NULL,117,1,1,1,'2015-10-03 15:58:39',NULL),(99,1,NULL,NULL,118,1,1,1,'2015-10-03 15:58:39',NULL),(100,1,NULL,NULL,119,1,1,1,'2015-10-03 15:58:39',NULL),(101,1,NULL,NULL,120,1,1,1,'2015-10-03 15:58:39',NULL),(102,1,NULL,NULL,121,1,1,1,'2015-10-03 15:58:39',NULL),(103,1,NULL,NULL,122,1,1,1,'2015-10-03 15:58:39',NULL),(104,1,NULL,NULL,123,1,1,1,'2015-10-03 15:58:39',NULL),(105,1,NULL,NULL,124,1,1,1,'2015-10-03 15:58:39',NULL),(106,1,NULL,NULL,125,1,1,1,'2015-10-03 15:58:39',NULL),(107,1,NULL,NULL,126,1,1,1,'2015-10-03 15:58:39',NULL),(108,1,NULL,NULL,127,1,1,1,'2015-10-03 15:58:39',NULL),(109,1,NULL,NULL,128,1,1,1,'2015-10-03 15:58:39',NULL),(110,1,NULL,NULL,129,1,1,1,'2015-10-03 15:58:39',NULL),(111,1,NULL,NULL,130,1,1,1,'2015-10-03 15:58:39',NULL),(112,1,NULL,NULL,131,1,1,1,'2015-10-03 15:58:39',NULL),(113,1,NULL,NULL,132,1,1,1,'2015-10-03 15:58:39',NULL),(114,1,NULL,NULL,133,1,1,1,'2015-10-03 15:58:39',NULL),(115,1,NULL,NULL,134,1,1,1,'2015-10-03 15:58:39',NULL),(116,1,NULL,NULL,135,1,1,1,'2015-10-03 15:58:39',NULL),(117,1,NULL,NULL,136,1,1,1,'2015-10-03 15:58:39',NULL),(118,1,NULL,NULL,137,1,1,1,'2015-10-03 15:58:39',NULL),(119,1,NULL,NULL,138,1,1,1,'2015-10-03 15:58:39',NULL),(120,1,NULL,NULL,139,1,1,1,'2015-10-03 15:58:39',NULL),(121,1,NULL,NULL,140,1,1,1,'2015-10-03 15:58:39',NULL),(122,1,NULL,NULL,141,1,1,1,'2015-10-03 15:58:39',NULL),(123,1,NULL,NULL,142,1,1,1,'2015-10-03 15:58:39',NULL),(124,1,NULL,NULL,143,1,1,1,'2015-10-03 15:58:39',NULL),(125,1,NULL,NULL,144,1,1,1,'2015-10-03 15:58:39',NULL),(126,1,NULL,NULL,145,1,1,1,'2015-10-03 15:58:39',NULL),(127,1,NULL,NULL,146,1,1,1,'2015-10-03 15:58:39',NULL),(128,1,NULL,NULL,147,1,1,1,'2015-10-03 15:58:39',NULL),(129,1,NULL,NULL,148,1,1,1,'2015-10-03 15:58:39',NULL),(130,1,NULL,NULL,149,1,1,1,'2015-10-03 15:58:39',NULL),(131,1,NULL,NULL,150,1,1,1,'2015-10-03 15:58:39',NULL),(132,1,NULL,NULL,151,1,1,1,'2015-10-03 15:58:39',NULL),(133,1,NULL,NULL,152,1,1,1,'2015-10-03 15:58:39',NULL),(134,1,NULL,NULL,153,1,1,1,'2015-10-03 15:58:39',NULL),(135,1,NULL,NULL,154,1,1,1,'2015-10-03 15:58:39',NULL),(136,1,NULL,NULL,155,1,1,1,'2015-10-03 15:58:39',NULL),(137,1,NULL,NULL,156,1,1,1,'2015-10-03 15:58:39',NULL),(138,1,NULL,NULL,157,1,1,1,'2015-10-03 15:58:39',NULL),(139,1,NULL,NULL,158,1,1,1,'2015-10-03 15:58:39',NULL),(140,1,NULL,NULL,159,1,1,1,'2015-10-03 15:58:39',NULL),(141,1,NULL,NULL,160,1,1,1,'2015-10-03 15:58:39',NULL),(142,1,NULL,NULL,161,1,1,1,'2015-10-03 15:58:39',NULL),(143,1,NULL,NULL,162,1,1,1,'2015-10-03 15:58:39',NULL),(144,1,NULL,NULL,163,1,1,1,'2015-10-03 15:58:39',NULL),(145,1,NULL,NULL,164,1,1,1,'2015-10-03 15:58:39',NULL),(146,1,NULL,NULL,165,1,1,1,'2015-10-03 15:58:39',NULL),(147,1,NULL,NULL,166,1,1,1,'2015-10-03 15:58:39',NULL),(148,1,NULL,NULL,167,1,1,1,'2015-10-03 15:58:39',NULL),(149,1,NULL,NULL,168,1,1,1,'2015-10-03 15:58:39',NULL),(150,1,NULL,NULL,169,1,1,1,'2015-10-03 15:58:39',NULL),(151,1,NULL,NULL,170,1,1,1,'2015-10-03 15:58:39',NULL),(152,1,NULL,NULL,171,1,1,1,'2015-10-03 15:58:39',NULL),(153,1,NULL,NULL,172,1,1,1,'2015-10-03 15:58:39',NULL),(154,1,NULL,NULL,173,1,1,1,'2015-10-03 15:58:39',NULL),(155,1,NULL,NULL,174,1,1,1,'2015-10-03 15:58:39',NULL),(156,1,NULL,NULL,175,1,1,1,'2015-10-03 15:58:39',NULL),(157,1,NULL,NULL,176,1,1,1,'2015-10-03 15:58:39',NULL),(158,1,NULL,NULL,177,1,1,1,'2015-10-03 15:58:39',NULL),(159,1,NULL,NULL,178,1,1,1,'2015-10-03 15:58:39',NULL),(160,1,NULL,NULL,179,1,1,1,'2015-10-03 15:58:39',NULL),(161,1,NULL,NULL,180,1,1,1,'2015-10-03 15:58:39',NULL),(162,1,NULL,NULL,181,1,1,1,'2015-10-03 15:58:39',NULL),(163,1,NULL,NULL,182,1,1,1,'2015-10-03 15:58:39',NULL),(164,1,NULL,NULL,183,1,1,1,'2015-10-03 15:58:39',NULL),(165,1,NULL,NULL,184,1,1,1,'2015-10-03 15:58:39',NULL),(166,1,NULL,NULL,185,1,1,1,'2015-10-03 15:58:39',NULL),(167,1,NULL,NULL,186,1,1,1,'2015-10-03 15:58:39',NULL),(168,1,NULL,NULL,187,1,1,1,'2015-10-03 15:58:39',NULL),(169,1,NULL,NULL,188,1,1,1,'2015-10-03 15:58:39',NULL),(170,1,NULL,NULL,189,1,1,1,'2015-10-03 15:58:39',NULL),(171,1,NULL,NULL,190,1,1,1,'2015-10-03 15:58:39',NULL),(172,1,NULL,NULL,191,1,1,1,'2015-10-03 15:58:39',NULL),(173,1,NULL,NULL,192,1,1,1,'2015-10-03 15:58:39',NULL),(174,1,NULL,NULL,193,1,1,1,'2015-10-03 15:58:39',NULL),(175,1,NULL,NULL,194,1,1,1,'2015-10-03 15:58:39',NULL),(176,1,NULL,NULL,195,1,1,1,'2015-10-03 15:58:39',NULL),(177,1,NULL,NULL,196,1,1,1,'2015-10-03 15:58:39',NULL),(178,1,NULL,NULL,197,1,1,1,'2015-10-03 15:58:39',NULL),(179,1,NULL,NULL,198,1,1,1,'2015-10-03 15:58:39',NULL),(180,1,NULL,NULL,199,1,1,1,'2015-10-03 15:58:39',NULL),(181,1,NULL,NULL,200,1,1,1,'2015-10-03 15:58:39',NULL),(182,1,NULL,NULL,201,1,1,1,'2015-10-03 15:58:39',NULL),(183,1,NULL,NULL,202,1,1,1,'2015-10-03 15:58:39',NULL),(184,1,NULL,NULL,203,1,1,1,'2015-10-03 15:58:39',NULL),(185,1,NULL,NULL,204,1,1,1,'2015-10-03 15:58:39',NULL),(186,1,NULL,NULL,205,1,1,1,'2015-10-03 15:58:39',NULL),(187,1,NULL,NULL,206,1,1,1,'2015-10-03 15:58:39',NULL),(188,1,NULL,NULL,207,1,1,1,'2015-10-03 15:58:39',NULL),(189,1,NULL,NULL,208,1,1,1,'2015-10-03 15:58:39',NULL),(190,1,NULL,NULL,209,1,1,1,'2015-10-03 15:58:39',NULL),(191,1,NULL,NULL,210,1,1,1,'2015-10-03 15:58:39',NULL),(192,1,NULL,NULL,211,1,1,1,'2015-10-03 15:58:39',NULL),(193,1,NULL,NULL,212,1,1,1,'2015-10-03 15:58:39',NULL),(194,1,NULL,NULL,213,1,1,1,'2015-10-03 15:58:39',NULL),(195,1,NULL,NULL,214,1,1,1,'2015-10-03 15:58:39',NULL),(196,1,NULL,NULL,215,1,1,1,'2015-10-03 15:58:39',NULL),(197,1,NULL,NULL,216,1,1,1,'2015-10-03 15:58:39',NULL),(198,1,NULL,NULL,217,1,1,1,'2015-10-03 15:58:39',NULL),(199,1,NULL,NULL,218,1,1,1,'2015-10-03 15:58:39',NULL),(200,1,NULL,NULL,219,1,1,1,'2015-10-03 15:58:39',NULL),(201,1,NULL,NULL,220,1,1,1,'2015-10-03 15:58:39',NULL),(202,1,NULL,NULL,221,1,1,1,'2015-10-03 15:58:39',NULL),(203,1,NULL,NULL,222,1,1,1,'2015-10-03 15:58:39',NULL),(204,1,NULL,NULL,223,1,1,1,'2015-10-03 15:58:39',NULL),(205,1,NULL,NULL,224,1,1,1,'2015-10-03 15:58:39',NULL),(206,1,NULL,NULL,225,1,1,1,'2015-10-03 15:58:39',NULL),(207,1,NULL,NULL,226,1,1,1,'2015-10-03 15:58:39',NULL),(208,1,NULL,NULL,227,1,1,1,'2015-10-03 15:58:39',NULL),(209,1,NULL,NULL,228,1,1,1,'2015-10-03 15:58:40',NULL),(210,1,NULL,NULL,229,1,1,1,'2015-10-03 15:58:40',NULL),(211,1,NULL,NULL,230,1,1,1,'2015-10-03 15:58:40',NULL),(212,1,NULL,NULL,231,1,1,1,'2015-10-03 15:58:40',NULL),(213,1,NULL,NULL,232,1,1,1,'2015-10-03 15:58:40',NULL),(214,1,NULL,NULL,233,1,1,1,'2015-10-03 15:58:40',NULL),(215,1,NULL,NULL,234,1,1,1,'2015-10-03 15:58:40',NULL),(216,1,NULL,NULL,235,1,1,1,'2015-10-03 15:58:40',NULL),(217,1,NULL,NULL,236,1,1,1,'2015-10-03 15:58:40',NULL),(218,1,NULL,NULL,237,1,1,1,'2015-10-03 15:58:40',NULL),(219,1,NULL,NULL,238,1,1,1,'2015-10-03 15:58:40',NULL),(220,1,NULL,NULL,239,1,1,1,'2015-10-03 15:58:40',NULL),(221,1,NULL,NULL,240,1,1,1,'2015-10-03 15:58:40',NULL),(222,1,NULL,NULL,241,1,1,1,'2015-10-03 15:58:40',NULL),(223,1,NULL,NULL,242,1,1,1,'2015-10-03 15:58:40',NULL),(224,1,NULL,NULL,243,1,1,1,'2015-10-03 15:58:40',NULL),(225,1,NULL,NULL,244,1,1,1,'2015-10-03 15:58:40',NULL),(226,1,NULL,NULL,245,1,1,1,'2015-10-03 15:58:40',NULL),(227,1,NULL,NULL,246,1,1,1,'2015-10-03 15:58:40',NULL),(228,1,NULL,NULL,329,1,1,1,'2015-10-03 18:35:35',NULL),(229,1,NULL,NULL,330,1,1,1,'2015-10-03 18:35:35',NULL),(230,1,NULL,NULL,331,1,1,1,'2015-11-29 05:21:47',NULL),(231,1,NULL,NULL,332,1,1,1,'2015-11-29 05:21:47',NULL),(232,1,NULL,NULL,333,1,1,1,'2015-11-29 05:21:47',NULL),(233,1,NULL,NULL,334,1,1,1,'2015-11-29 05:21:47',NULL),(234,1,NULL,NULL,335,1,1,1,'2015-11-29 05:21:47',NULL),(235,1,NULL,NULL,336,1,1,1,'2015-11-29 05:21:47',NULL),(236,1,NULL,NULL,337,1,1,1,'2015-11-29 05:21:47',NULL);

/*Table structure for table `access_menu` */

DROP TABLE IF EXISTS `access_menu`;

CREATE TABLE `access_menu` (
  `id` int(10) unsigned NOT NULL AUTO_INCREMENT,
  `user_id` int(11) NOT NULL,
  `menu_id` int(11) NOT NULL,
  `access` tinyint(4) NOT NULL,
  `status` tinyint(4) NOT NULL,
  `created_at` timestamp NOT NULL DEFAULT '0000-00-00 00:00:00',
  `updated_at` timestamp NOT NULL DEFAULT '0000-00-00 00:00:00',
  PRIMARY KEY (`id`)
) ENGINE=InnoDB DEFAULT CHARSET=utf8 COLLATE=utf8_unicode_ci;

/*Data for the table `access_menu` */

/*Table structure for table `actions_list` */

DROP TABLE IF EXISTS `actions_list`;

CREATE TABLE `actions_list` (
  `id` int(11) unsigned NOT NULL AUTO_INCREMENT,
  `prefix` varchar(255) DEFAULT NULL,
  `controller` varchar(255) DEFAULT NULL,
  `function` varchar(255) DEFAULT NULL,
  `method` enum('post','get','put','delete') DEFAULT 'get',
  `employee_id` int(11) DEFAULT NULL,
  `status` tinyint(1) DEFAULT '1',
  `created_at` datetime DEFAULT NULL,
  `updated_at` datetime DEFAULT NULL,
  PRIMARY KEY (`id`)
) ENGINE=InnoDB AUTO_INCREMENT=338 DEFAULT CHARSET=utf8;

/*Data for the table `actions_list` */

insert  into `actions_list`(`id`,`prefix`,`controller`,`function`,`method`,`employee_id`,`status`,`created_at`,`updated_at`) values (1,'public','AuthController','getRegister','get',1,1,'2015-10-02 05:17:50',NULL),(2,'public','AuthController','postRegister','post',1,1,'2015-10-02 05:17:50',NULL),(3,'public','AuthController','getLogin','get',1,1,'2015-10-02 05:17:50',NULL),(4,'public','AuthController','postLogin','post',1,1,'2015-10-02 05:17:50',NULL),(5,'public','AuthController','getLogout','get',1,1,'2015-10-02 05:17:50',NULL),(6,'public','AuthController','missingMethod','get',1,1,'2015-10-02 05:17:50',NULL),(7,'public','ResetPasswordController','getReset','get',1,1,'2015-10-02 05:17:50',NULL),(8,'public','ResetPasswordController','postMail','post',1,1,'2015-10-02 05:17:50',NULL),(9,'public','ResetPasswordController','missingMethod','get',1,1,'2015-10-02 05:17:50',NULL),(10,'public','FrontAuthController','getRegister','get',1,1,'2015-10-02 05:17:50',NULL),(11,'public','FrontAuthController','postRegister','post',1,1,'2015-10-02 05:17:50',NULL),(12,'public','FrontAuthController','getLogin','get',1,1,'2015-10-02 05:17:50',NULL),(13,'public','FrontAuthController','postLogin','post',1,1,'2015-10-02 05:17:50',NULL),(14,'public','FrontAuthController','getLogout','get',1,1,'2015-10-02 05:17:50',NULL),(15,'public','FrontAuthController','missingMethod','get',1,1,'2015-10-02 05:17:50',NULL),(16,'public','FrontResetPasswordController','getReset','get',1,1,'2015-10-02 05:17:50',NULL),(17,'public','FrontResetPasswordController','getEmail','get',1,1,'2015-10-02 05:17:50',NULL),(18,'public','FrontResetPasswordController','postEmail','post',1,1,'2015-10-02 05:17:50',NULL),(19,'public','FrontResetPasswordController','missingMethod','get',1,1,'2015-10-02 05:17:50',NULL),(20,'backend','AccessGroupController','index','post',1,1,'2015-10-02 05:17:50',NULL),(21,'backend','AccessGroupController','index','get',1,1,'2015-10-02 05:17:50',NULL),(22,'backend','AccessGroupController','create','get',1,1,'2015-10-02 05:17:50',NULL),(23,'backend','AccessGroupController','store','post',1,1,'2015-10-02 05:17:50',NULL),(24,'backend','AccessGroupController','show','get',1,1,'2015-10-02 05:17:50',NULL),(25,'backend','AccessGroupController','edit','get',1,1,'2015-10-02 05:17:50',NULL),(26,'backend','AccessGroupController','update','put',1,1,'2015-10-02 05:17:50',NULL),(27,'backend','AccessGroupController','destroy','delete',1,1,'2015-10-02 05:17:50',NULL),(28,'backend','ActionListController','index','post',1,1,'2015-10-02 05:17:50',NULL),(29,'backend','ActionListController','index','get',1,1,'2015-10-02 05:17:50',NULL),(30,'backend','ActionListController','create','get',1,1,'2015-10-02 05:17:50',NULL),(31,'backend','ActionListController','store','post',1,1,'2015-10-02 05:17:50',NULL),(32,'backend','ActionListController','show','get',1,1,'2015-10-02 05:17:50',NULL),(33,'backend','ActionListController','edit','get',1,1,'2015-10-02 05:17:50',NULL),(34,'backend','ActionListController','update','put',1,1,'2015-10-02 05:17:50',NULL),(35,'backend','ActionListController','destroy','delete',1,1,'2015-10-02 05:17:50',NULL),(36,'backend','HomeController','listRoomRented','get',1,1,'2015-10-02 05:17:50',NULL),(37,'backend','HomeController','listRoomRented','post',1,1,'2015-10-02 05:17:50',NULL),(38,'backend','HomeController','index','get',1,1,'2015-10-02 05:17:50',NULL),(39,'backend','CategoryController','changePosition','post',1,1,'2015-10-02 05:17:50',NULL),(40,'backend','CategoryController','index','get',1,1,'2015-10-02 05:17:50',NULL),(41,'backend','CategoryController','create','get',1,1,'2015-10-02 05:17:50',NULL),(42,'backend','CategoryController','store','post',1,1,'2015-10-02 05:17:50',NULL),(43,'backend','CategoryController','show','get',1,1,'2015-10-02 05:17:50',NULL),(44,'backend','CategoryController','edit','get',1,1,'2015-10-02 05:17:50',NULL),(45,'backend','CategoryController','update','put',1,1,'2015-10-02 05:17:50',NULL),(46,'backend','CategoryController','destroy','delete',1,1,'2015-10-02 05:17:50',NULL),(47,'backend','PlansController','index','get',1,1,'2015-10-02 05:17:50',NULL),(48,'backend','PlansController','create','get',1,1,'2015-10-02 05:17:50',NULL),(49,'backend','PlansController','store','post',1,1,'2015-10-02 05:17:50',NULL),(50,'backend','PlansController','show','get',1,1,'2015-10-02 05:17:50',NULL),(51,'backend','PlansController','edit','get',1,1,'2015-10-02 05:17:50',NULL),(52,'backend','PlansController','update','put',1,1,'2015-10-02 05:17:50',NULL),(53,'backend','PlansController','destroy','delete',1,1,'2015-10-02 05:17:50',NULL),(54,'backend','MenuController','changePosition','post',1,1,'2015-10-02 05:17:50',NULL),(55,'backend','MenuController','index','get',1,1,'2015-10-02 05:17:50',NULL),(56,'backend','MenuController','create','get',1,1,'2015-10-02 05:17:50',NULL),(57,'backend','MenuController','store','post',1,1,'2015-10-02 05:17:50',NULL),(58,'backend','MenuController','show','get',1,1,'2015-10-02 05:17:50',NULL),(59,'backend','MenuController','edit','get',1,1,'2015-10-02 05:17:50',NULL),(60,'backend','MenuController','update','put',1,1,'2015-10-02 05:17:50',NULL),(61,'backend','MenuController','destroy','delete',1,1,'2015-10-02 05:17:50',NULL),(62,'backend','ContentsController','index','get',1,1,'2015-10-02 05:17:50',NULL),(63,'backend','ContentsController','create','get',1,1,'2015-10-02 05:17:50',NULL),(64,'backend','ContentsController','store','post',1,1,'2015-10-02 05:17:50',NULL),(65,'backend','ContentsController','show','get',1,1,'2015-10-02 05:17:50',NULL),(66,'backend','ContentsController','edit','get',1,1,'2015-10-02 05:17:50',NULL),(67,'backend','ContentsController','update','put',1,1,'2015-10-02 05:17:50',NULL),(68,'backend','ContentsController','destroy','delete',1,1,'2015-10-02 05:17:50',NULL),(69,'backend','NewsController','index','get',1,1,'2015-10-02 05:17:50',NULL),(70,'backend','NewsController','create','get',1,1,'2015-10-02 05:17:50',NULL),(71,'backend','NewsController','store','post',1,1,'2015-10-02 05:17:50',NULL),(72,'backend','NewsController','show','get',1,1,'2015-10-02 05:17:50',NULL),(73,'backend','NewsController','edit','get',1,1,'2015-10-02 05:17:50',NULL),(74,'backend','NewsController','update','put',1,1,'2015-10-02 05:17:50',NULL),(75,'backend','NewsController','destroy','delete',1,1,'2015-10-02 05:17:50',NULL),(76,'backend','UsersController','mail','post',1,1,'2015-10-02 05:17:50',NULL),(77,'backend','UsersController','showData','get',1,1,'2015-10-02 05:17:50',NULL),(78,'backend','UsersController','showEmail','get',1,1,'2015-10-02 05:17:50','2015-10-02 17:33:01'),(79,'backend','UsersController','formSendMailGroup','get',1,1,'2015-10-02 05:17:50',NULL),(80,'backend','UsersController','sendMailGroup','post',1,1,'2015-10-02 05:17:50',NULL),(81,'backend','UsersController','sendAccountInt','post',1,1,'2015-10-02 05:17:50',NULL),(82,'backend','UsersController','index','get',1,1,'2015-10-02 05:17:50',NULL),(83,'backend','UsersController','create','get',1,1,'2015-10-02 05:17:50',NULL),(84,'backend','UsersController','store','post',1,1,'2015-10-02 05:17:50',NULL),(85,'backend','UsersController','show','get',1,1,'2015-10-02 05:17:50',NULL),(86,'backend','UsersController','edit','get',1,1,'2015-10-02 05:17:50',NULL),(87,'backend','UsersController','update','put',1,1,'2015-10-02 05:17:50',NULL),(88,'backend','UsersController','destroy','delete',1,1,'2015-10-02 05:17:50',NULL),(89,'backend','EmployeesController','index','get',1,1,'2015-10-02 05:17:50',NULL),(90,'backend','EmployeesController','create','get',1,1,'2015-10-02 05:17:50',NULL),(91,'backend','EmployeesController','store','post',1,1,'2015-10-02 05:17:50',NULL),(92,'backend','EmployeesController','show','get',1,1,'2015-10-02 05:17:50',NULL),(93,'backend','EmployeesController','edit','get',1,1,'2015-10-02 05:17:50',NULL),(94,'backend','EmployeesController','update','put',1,1,'2015-10-02 05:17:50',NULL),(95,'backend','EmployeesController','destroy','delete',1,1,'2015-10-02 05:17:50',NULL),(96,'backend','ProfileController','edit','get',1,1,'2015-10-02 05:17:50',NULL),(97,'backend','ProfileController','update','put',1,1,'2015-10-02 05:17:50',NULL),(98,'backend','LinksController','index','get',1,1,'2015-10-02 05:17:50',NULL),(99,'backend','LinksController','create','get',1,1,'2015-10-02 05:17:50',NULL),(100,'backend','LinksController','store','post',1,1,'2015-10-02 05:17:50',NULL),(101,'backend','LinksController','show','get',1,1,'2015-10-02 05:17:50',NULL),(102,'backend','LinksController','edit','get',1,1,'2015-10-02 05:17:50',NULL),(103,'backend','LinksController','update','put',1,1,'2015-10-02 05:17:50',NULL),(104,'backend','LinksController','destroy','delete',1,1,'2015-10-02 05:17:50',NULL),(105,'backend','FaqController','index','get',1,1,'2015-10-02 05:17:50',NULL),(106,'backend','FaqController','create','get',1,1,'2015-10-02 05:17:50',NULL),(107,'backend','FaqController','store','post',1,1,'2015-10-02 05:17:50',NULL),(108,'backend','FaqController','show','get',1,1,'2015-10-02 05:17:50',NULL),(109,'backend','FaqController','edit','get',1,1,'2015-10-02 05:17:50',NULL),(110,'backend','FaqController','update','put',1,1,'2015-10-02 05:17:50',NULL),(111,'backend','FaqController','destroy','delete',1,1,'2015-10-02 05:17:50',NULL),(112,'backend','MessagesController','index','get',1,1,'2015-10-02 05:17:50',NULL),(113,'backend','MessagesController','create','get',1,1,'2015-10-02 05:17:50',NULL),(114,'backend','MessagesController','store','post',1,1,'2015-10-02 05:17:50',NULL),(115,'backend','MessagesController','show','get',1,1,'2015-10-02 05:17:50',NULL),(116,'backend','MessagesController','edit','get',1,1,'2015-10-02 05:17:50',NULL),(117,'backend','MessagesController','update','put',1,1,'2015-10-02 05:17:50',NULL),(118,'backend','MessagesController','destroy','delete',1,1,'2015-10-02 05:17:50',NULL),(119,'backend','ParamsController','index','get',1,1,'2015-10-02 05:17:50',NULL),(120,'backend','ParamsController','create','get',1,1,'2015-10-02 05:17:50',NULL),(121,'backend','ParamsController','store','post',1,1,'2015-10-02 05:17:50',NULL),(122,'backend','ParamsController','show','get',1,1,'2015-10-02 05:17:50',NULL),(123,'backend','ParamsController','edit','get',1,1,'2015-10-02 05:17:50',NULL),(124,'backend','ParamsController','update','put',1,1,'2015-10-02 05:17:50',NULL),(125,'backend','ParamsController','destroy','delete',1,1,'2015-10-02 05:17:50',NULL),(126,'backend','CalendarController','index','get',1,1,'2015-10-02 05:17:50',NULL),(127,'backend','CalendarController','create','get',1,1,'2015-10-02 05:17:50',NULL),(128,'backend','CalendarController','store','post',1,1,'2015-10-02 05:17:50',NULL),(129,'backend','CalendarController','show','get',1,1,'2015-10-02 05:17:50',NULL),(130,'backend','CalendarController','edit','get',1,1,'2015-10-02 05:17:50',NULL),(131,'backend','CalendarController','update','put',1,1,'2015-10-02 05:17:50',NULL),(132,'backend','CalendarController','destroy','delete',1,1,'2015-10-02 05:17:50',NULL),(133,'backend','LanguageController','index','get',1,1,'2015-10-02 05:17:50',NULL),(134,'backend','LanguageController','create','get',1,1,'2015-10-02 05:17:50',NULL),(135,'backend','LanguageController','store','post',1,1,'2015-10-02 05:17:50',NULL),(136,'backend','LanguageController','show','get',1,1,'2015-10-02 05:17:50',NULL),(137,'backend','LanguageController','edit','get',1,1,'2015-10-02 05:17:50',NULL),(138,'backend','LanguageController','update','put',1,1,'2015-10-02 05:17:50',NULL),(139,'backend','LanguageController','destroy','delete',1,1,'2015-10-02 05:17:50',NULL),(140,'backend','FeatureController','createFeatureValue','get',1,1,'2015-10-02 05:17:50',NULL),(141,'backend','FeatureController','storeFeatureValue','post',1,1,'2015-10-02 05:17:50',NULL),(142,'backend','FeatureController','editFeatureValue','get',1,1,'2015-10-02 05:17:50',NULL),(143,'backend','FeatureController','updateFeatureValue','put',1,1,'2015-10-02 05:17:50',NULL),(144,'backend','FeatureController','index','get',1,1,'2015-10-02 05:17:50',NULL),(145,'backend','FeatureController','create','get',1,1,'2015-10-02 05:17:50',NULL),(146,'backend','FeatureController','store','post',1,1,'2015-10-02 05:17:50',NULL),(147,'backend','FeatureController','show','get',1,1,'2015-10-02 05:17:50',NULL),(148,'backend','FeatureController','edit','get',1,1,'2015-10-02 05:17:50',NULL),(149,'backend','FeatureController','update','put',1,1,'2015-10-02 05:17:50',NULL),(150,'backend','FeatureController','destroy','delete',1,1,'2015-10-02 05:17:50',NULL),(151,'backend','FeatureGroupController','index','get',1,1,'2015-10-02 05:17:50',NULL),(152,'backend','FeatureGroupController','create','get',1,1,'2015-10-02 05:17:50',NULL),(153,'backend','FeatureGroupController','store','post',1,1,'2015-10-02 05:17:50',NULL),(154,'backend','FeatureGroupController','show','get',1,1,'2015-10-02 05:17:50',NULL),(155,'backend','FeatureGroupController','edit','get',1,1,'2015-10-02 05:17:50',NULL),(156,'backend','FeatureGroupController','update','put',1,1,'2015-10-02 05:17:50',NULL),(157,'backend','FeatureGroupController','destroy','delete',1,1,'2015-10-02 05:17:50',NULL),(158,'backend','AttachTypeController','rejectDocumentsUser','post',1,1,'2015-10-02 05:17:50',NULL),(159,'backend','AttachTypeController','isOkDocumentsUser','post',1,1,'2015-10-02 05:17:50',NULL),(160,'backend','AttachTypeController','sendMailToUser','post',1,1,'2015-10-02 05:17:50',NULL),(161,'backend','AttachTypeController','activate','put',1,1,'2015-10-02 05:17:50',NULL),(162,'backend','AttachTypeController','activateGroup','put',1,1,'2015-10-02 05:17:50',NULL),(163,'backend','AttachTypeController','createGroup','get',1,1,'2015-10-02 05:17:50',NULL),(164,'backend','AttachTypeController','editGroup','get',1,1,'2015-10-02 05:17:50',NULL),(165,'backend','AttachTypeController','updateGroup','put',1,1,'2015-10-02 05:17:50',NULL),(166,'backend','AttachTypeController','destroyGroup','delete',1,1,'2015-10-02 05:17:50',NULL),(167,'backend','AttachTypeController','storeGroup','post',1,1,'2015-10-02 05:17:50',NULL),(168,'backend','AttachTypeController','listUploadedSingleUser','get',1,1,'2015-10-02 05:17:50',NULL),(169,'backend','AttachTypeController','listUploaded','get',1,1,'2015-10-02 05:17:50',NULL),(170,'backend','AttachTypeController','listUploaded','post',1,1,'2015-10-02 05:17:50',NULL),(171,'backend','AttachTypeController','listUploadedRender','get',1,1,'2015-10-02 05:17:50',NULL),(172,'backend','AttachTypeController','index','get',1,1,'2015-10-02 05:17:50',NULL),(173,'backend','AttachTypeController','create','get',1,1,'2015-10-02 05:17:50',NULL),(174,'backend','AttachTypeController','store','post',1,1,'2015-10-02 05:17:50',NULL),(175,'backend','AttachTypeController','show','get',1,1,'2015-10-02 05:17:50',NULL),(176,'backend','AttachTypeController','edit','get',1,1,'2015-10-02 05:17:50',NULL),(177,'backend','AttachTypeController','update','put',1,1,'2015-10-02 05:17:50',NULL),(178,'backend','AttachTypeController','destroy','delete',1,1,'2015-10-02 05:17:50',NULL),(179,'backend','BookingController','sendContract','post',1,1,'2015-10-02 05:17:50',NULL),(180,'backend','BookingController','generateContract','post',1,1,'2015-10-02 05:17:50',NULL),(181,'backend','BookingController','sendMailContract','post',1,1,'2015-10-02 05:17:50',NULL),(182,'backend','BookingController','rejectBookingDetailsType','put',1,1,'2015-10-02 05:17:50',NULL),(183,'backend','BookingController','listArchiveBooking','get',1,1,'2015-10-02 05:17:50',NULL),(184,'backend','BookingController','listArchiveBooking','post',1,1,'2015-10-02 05:17:50',NULL),(185,'backend','BookingController','index','post',1,1,'2015-10-02 05:17:50',NULL),(186,'backend','BookingController','index','get',1,1,'2015-10-02 05:17:50',NULL),(187,'backend','BookingController','create','get',1,1,'2015-10-02 05:17:50',NULL),(188,'backend','BookingController','store','post',1,1,'2015-10-02 05:17:50',NULL),(189,'backend','BookingController','show','get',1,1,'2015-10-02 05:17:50',NULL),(190,'backend','BookingController','edit','get',1,1,'2015-10-02 05:17:50',NULL),(191,'backend','BookingController','update','put',1,1,'2015-10-02 05:17:50',NULL),(192,'backend','BookingController','destroy','delete',1,1,'2015-10-02 05:17:50',NULL),(193,'backend','ProductController','isDefault','put',1,1,'2015-10-02 05:17:50',NULL),(194,'backend','ProductController','index','get',1,1,'2015-10-02 05:17:50',NULL),(195,'backend','ProductController','create','get',1,1,'2015-10-02 05:17:50',NULL),(196,'backend','ProductController','store','post',1,1,'2015-10-02 05:17:50',NULL),(197,'backend','ProductController','show','get',1,1,'2015-10-02 05:17:50',NULL),(198,'backend','ProductController','edit','get',1,1,'2015-10-02 05:17:50',NULL),(199,'backend','ProductController','update','put',1,1,'2015-10-02 05:17:50',NULL),(200,'backend','ProductController','destroy','delete',1,1,'2015-10-02 05:17:50',NULL),(201,'backend','RoomCategoryController','details','get',1,1,'2015-10-02 05:17:50',NULL),(202,'backend','RoomCategoryController','updateDetails','put',1,1,'2015-10-02 05:17:50',NULL),(203,'backend','RoomCategoryController','addDetails','post',1,1,'2015-10-02 05:17:50',NULL),(204,'backend','RoomCategoryController','delDetails','delete',1,1,'2015-10-02 05:17:50',NULL),(205,'backend','RoomCategoryController','updatePrice','put',1,1,'2015-10-02 05:17:50',NULL),(206,'backend','RoomCategoryController','index','get',1,1,'2015-10-02 05:17:50',NULL),(207,'backend','RoomCategoryController','create','get',1,1,'2015-10-02 05:17:50',NULL),(208,'backend','RoomCategoryController','store','post',1,1,'2015-10-02 05:17:50',NULL),(209,'backend','RoomCategoryController','show','get',1,1,'2015-10-02 05:17:50',NULL),(210,'backend','RoomCategoryController','edit','get',1,1,'2015-10-02 05:17:50',NULL),(211,'backend','RoomCategoryController','update','put',1,1,'2015-10-02 05:17:50',NULL),(212,'backend','RoomCategoryController','destroy','delete',1,1,'2015-10-02 05:17:50',NULL),(213,'backend','HomeController','listRoomRentedInDashboard','get',1,1,'2015-10-02 05:17:50',NULL),(214,'backend','HomeController','listRoomRentedInDashboard','post',1,1,'2015-10-02 05:17:50',NULL),(215,'backend','RoomController','listRoomRented','get',1,1,'2015-10-02 05:17:50',NULL),(216,'backend','RoomController','listRoomRented','post',1,1,'2015-10-02 05:17:50',NULL),(217,'backend','RoomController','savePictures','put',1,1,'2015-10-02 05:17:50',NULL),(218,'backend','RoomController','delPictures','delete',1,1,'2015-10-02 05:17:50',NULL),(219,'backend','RoomController','reservationRoom','post',1,1,'2015-10-02 05:17:50',NULL),(220,'backend','RoomController','rentRoom','post',1,1,'2015-10-02 05:17:50',NULL),(221,'backend','RoomController','cancelRentRoom','post',1,1,'2015-10-02 05:17:50',NULL),(222,'backend','RoomController','generateRooms','post',1,1,'2015-10-02 05:17:50',NULL),(223,'backend','RoomController','index','get',1,1,'2015-10-02 05:17:50',NULL),(224,'backend','RoomController','create','get',1,1,'2015-10-02 05:17:50',NULL),(225,'backend','RoomController','store','post',1,1,'2015-10-02 05:17:50',NULL),(226,'backend','RoomController','show','get',1,1,'2015-10-02 05:17:50',NULL),(227,'backend','RoomController','edit','get',1,1,'2015-10-02 05:17:50',NULL),(228,'backend','RoomController','update','put',1,1,'2015-10-02 05:17:50',NULL),(229,'backend','RoomController','destroy','delete',1,1,'2015-10-02 05:17:50',NULL),(230,'backend','AdvertisementsController','index','get',1,1,'2015-10-02 05:17:50',NULL),(231,'backend','AdvertisementsController','create','get',1,1,'2015-10-02 05:17:50',NULL),(232,'backend','AdvertisementsController','store','post',1,1,'2015-10-02 05:17:50',NULL),(233,'backend','AdvertisementsController','show','get',1,1,'2015-10-02 05:17:50',NULL),(234,'backend','AdvertisementsController','edit','get',1,1,'2015-10-02 05:17:50',NULL),(235,'backend','AdvertisementsController','update','put',1,1,'2015-10-02 05:17:50',NULL),(236,'backend','AdvertisementsController','destroy','delete',1,1,'2015-10-02 05:17:50',NULL),(237,'backend','BillingController','index','post',1,1,'2015-10-02 05:17:50',NULL),(238,'backend','BillingController','index','get',1,1,'2015-10-02 05:17:50',NULL),(239,'backend','BillingController','generateListRent','post',1,1,'2015-10-02 05:17:50',NULL),(240,'backend','BillingController','sendMailRememberDueInvoice','post',1,1,'2015-10-02 05:17:50',NULL),(241,'backend','BillingController','create','get',1,1,'2015-10-02 05:17:50',NULL),(242,'backend','BillingController','store','post',1,1,'2015-10-02 05:17:50',NULL),(243,'backend','BillingController','show','get',1,1,'2015-10-02 05:17:50',NULL),(244,'backend','BillingController','edit','get',1,1,'2015-10-02 05:17:50',NULL),(245,'backend','BillingController','update','put',1,1,'2015-10-02 05:17:50',NULL),(246,'backend','BillingController','destroy','delete',1,1,'2015-10-02 05:17:50',NULL),(247,'frontend','ProfileController','showMessage','get',1,1,'2015-10-02 05:17:50',NULL),(248,'frontend','ProfileController','messagesUser','get',1,1,'2015-10-02 05:17:50',NULL),(249,'frontend','ProfileController','password','get',1,1,'2015-10-02 05:17:50',NULL),(250,'frontend','ProfileController','changePassword','post',1,1,'2015-10-02 05:17:50',NULL),(251,'frontend','ProfileController','avatar','get',1,1,'2015-10-02 05:17:50',NULL),(252,'frontend','ProfileController','changeAvatar','post',1,1,'2015-10-02 05:17:50',NULL),(253,'frontend','ProfileController','index','get',1,1,'2015-10-02 05:17:50',NULL),(254,'frontend','ProfileController','create','get',1,1,'2015-10-02 05:17:50',NULL),(255,'frontend','ProfileController','store','post',1,1,'2015-10-02 05:17:50',NULL),(256,'frontend','ProfileController','show','get',1,1,'2015-10-02 05:17:50',NULL),(257,'frontend','ProfileController','edit','get',1,1,'2015-10-02 05:17:50',NULL),(258,'frontend','ProfileController','update','put',1,1,'2015-10-02 05:17:50',NULL),(259,'frontend','ProfileController','destroy','delete',1,1,'2015-10-02 05:17:50',NULL),(260,'frontend','BookingController','index','get',1,1,'2015-10-02 05:17:50',NULL),(261,'frontend','BookingController','create','get',1,1,'2015-10-02 05:17:50',NULL),(262,'frontend','BookingController','store','post',1,1,'2015-10-02 05:17:50',NULL),(263,'frontend','BookingController','show','get',1,1,'2015-10-02 05:17:50',NULL),(264,'frontend','BookingController','edit','get',1,1,'2015-10-02 05:17:50',NULL),(265,'frontend','BookingController','update','put',1,1,'2015-10-02 05:17:50',NULL),(266,'frontend','BookingController','destroy','delete',1,1,'2015-10-02 05:17:50',NULL),(267,'public','Closure','Closure','get',1,1,'2015-10-02 05:17:50',NULL),(268,'public','HomeController','index','get',1,1,'2015-10-02 05:17:50',NULL),(269,'public','HomeController','show','get',1,1,'2015-10-02 05:17:50',NULL),(270,'public','UploaderController','deleteFile','post',1,1,'2015-10-02 05:17:50',NULL),(271,'public','UploaderController','uploadFile','post',1,1,'2015-10-02 05:17:50',NULL),(272,'public','MediaController','index','get',1,1,'2015-10-02 05:17:50',NULL),(273,'public','MediaController','create','get',1,1,'2015-10-02 05:17:50',NULL),(274,'public','MediaController','store','post',1,1,'2015-10-02 05:17:50',NULL),(275,'public','MediaController','show','get',1,1,'2015-10-02 05:17:50',NULL),(276,'public','MediaController','edit','get',1,1,'2015-10-02 05:17:50',NULL),(277,'public','MediaController','update','put',1,1,'2015-10-02 05:17:50',NULL),(278,'public','MediaController','destroy','delete',1,1,'2015-10-02 05:17:50',NULL),(279,'public','ProductController','index','get',1,1,'2015-10-02 05:17:50',NULL),(280,'public','ProductController','create','get',1,1,'2015-10-02 05:17:50',NULL),(281,'public','ProductController','store','post',1,1,'2015-10-02 05:17:50',NULL),(282,'public','ProductController','show','get',1,1,'2015-10-02 05:17:50',NULL),(283,'public','ProductController','edit','get',1,1,'2015-10-02 05:17:50',NULL),(284,'public','ProductController','update','put',1,1,'2015-10-02 05:17:50',NULL),(285,'public','ProductController','destroy','delete',1,1,'2015-10-02 05:17:50',NULL),(286,'public','ContentController','show','get',1,1,'2015-10-02 05:17:50',NULL),(287,'public','NewsController','index','get',1,1,'2015-10-02 05:17:50',NULL),(288,'public','NewsController','create','get',1,1,'2015-10-02 05:17:50',NULL),(289,'public','NewsController','store','post',1,1,'2015-10-02 05:17:50',NULL),(290,'public','NewsController','show','get',1,1,'2015-10-02 05:17:50',NULL),(291,'public','NewsController','edit','get',1,1,'2015-10-02 05:17:50',NULL),(292,'public','NewsController','update','put',1,1,'2015-10-02 05:17:50',NULL),(293,'public','NewsController','destroy','delete',1,1,'2015-10-02 05:17:50',NULL),(294,'public','LinksController','index','get',1,1,'2015-10-02 05:17:50',NULL),(295,'public','FaqController','index','get',1,1,'2015-10-02 05:17:50',NULL),(296,'public','FaqController','show','get',1,1,'2015-10-02 05:17:50',NULL),(297,'public','ContactUsController','index','get',1,1,'2015-10-02 05:17:50',NULL),(298,'public','ContactUsController','create','get',1,1,'2015-10-02 05:17:50',NULL),(299,'public','ContactUsController','store','post',1,1,'2015-10-02 05:17:50',NULL),(300,'public','ContactUsController','show','get',1,1,'2015-10-02 05:17:50',NULL),(301,'public','ContactUsController','edit','get',1,1,'2015-10-02 05:17:50',NULL),(302,'public','ContactUsController','update','put',1,1,'2015-10-02 05:17:50',NULL),(303,'public','ContactUsController','destroy','delete',1,1,'2015-10-02 05:17:50',NULL),(304,'public','GuideController','index','get',1,1,'2015-10-02 05:17:50',NULL),(305,'public','GuideController','show','get',1,1,'2015-10-02 05:17:50',NULL),(306,'public','PageController','show','get',1,1,'2015-10-02 05:17:50',NULL),(307,'public','RssController','index','get',1,1,'2015-10-02 05:17:50',NULL),(308,'public','RssController','create','get',1,1,'2015-10-02 05:17:50',NULL),(309,'public','RssController','store','post',1,1,'2015-10-02 05:17:50',NULL),(310,'public','RssController','show','get',1,1,'2015-10-02 05:17:50',NULL),(311,'public','RssController','edit','get',1,1,'2015-10-02 05:17:50',NULL),(312,'public','RssController','update','put',1,1,'2015-10-02 05:17:50',NULL),(313,'public','RssController','destroy','delete',1,1,'2015-10-02 05:17:50',NULL),(314,'public','PlansController','index','get',1,1,'2015-10-02 05:17:50',NULL),(315,'public','PlansController','create','get',1,1,'2015-10-02 05:17:50',NULL),(316,'public','PlansController','store','post',1,1,'2015-10-02 05:17:50',NULL),(317,'public','PlansController','show','get',1,1,'2015-10-02 05:17:50',NULL),(318,'public','PlansController','edit','get',1,1,'2015-10-02 05:17:50',NULL),(319,'public','PlansController','update','put',1,1,'2015-10-02 05:17:50',NULL),(320,'public','PlansController','destroy','delete',1,1,'2015-10-02 05:17:50',NULL),(321,'public','TestController','index','get',1,1,'2015-10-02 05:17:50',NULL),(322,'public','TestController','create','get',1,1,'2015-10-02 05:17:50',NULL),(323,'public','TestController','store','post',1,1,'2015-10-02 05:17:50',NULL),(324,'public','TestController','show','get',1,1,'2015-10-02 05:17:50',NULL),(325,'public','TestController','edit','get',1,1,'2015-10-02 05:17:50',NULL),(326,'public','TestController','update','put',1,1,'2015-10-02 05:17:50',NULL),(327,'public','TestController','destroy','delete',1,1,'2015-10-02 05:17:50',NULL),(328,'public','CKController','browse','get',1,1,'2015-10-02 05:17:50',NULL),(329,'backend','AccessGroupController','showAccessList','get',NULL,1,'2015-10-03 18:28:50','2015-10-03 18:28:50'),(330,'backend','AccessGroupController','updateAccessList','put',NULL,1,'2015-10-03 18:29:27','2015-10-03 18:29:27'),(331,'backend','WebLogController','index','get',NULL,1,'2015-11-29 05:19:24','2015-11-29 05:19:24'),(332,'backend','WebLogController','create','get',NULL,1,'2015-11-29 05:19:36','2015-11-29 05:19:36'),(333,'backend','WebLogController','show','get',NULL,1,'2015-11-29 05:19:46','2015-11-29 05:19:46'),(334,'backend','WebLogController','edit','get',NULL,1,'2015-11-29 05:19:56','2015-11-29 05:19:56'),(335,'backend','WebLogController','update','put',NULL,1,'2015-11-29 05:20:11','2015-11-29 05:20:11'),(336,'backend','WebLogController','store','post',NULL,1,'2015-11-29 05:20:24','2015-11-29 05:20:24'),(337,'backend','WebLogController','destroy','delete',NULL,1,'2015-11-29 05:20:37','2015-11-29 05:20:37');

/*Table structure for table `advertisements` */

DROP TABLE IF EXISTS `advertisements`;

CREATE TABLE `advertisements` (
  `id` int(10) unsigned NOT NULL AUTO_INCREMENT,
  `type` enum('image','flash') COLLATE utf8_unicode_ci NOT NULL DEFAULT 'image',
  `position` varchar(255) COLLATE utf8_unicode_ci NOT NULL DEFAULT 'home_slider',
  `slider_option` varchar(255) COLLATE utf8_unicode_ci DEFAULT NULL,
  `url` varchar(255) COLLATE utf8_unicode_ci DEFAULT NULL,
  `file_path` varchar(255) COLLATE utf8_unicode_ci DEFAULT NULL,
  `extension` varchar(255) COLLATE utf8_unicode_ci DEFAULT NULL,
  `group_show` varchar(255) COLLATE utf8_unicode_ci NOT NULL DEFAULT 'public',
  `status_show` tinyint(1) NOT NULL DEFAULT '0',
  `status` tinyint(1) NOT NULL DEFAULT '1',
  `created_at` timestamp NOT NULL DEFAULT '0000-00-00 00:00:00',
  `updated_at` timestamp NOT NULL DEFAULT '0000-00-00 00:00:00',
  PRIMARY KEY (`id`)
) ENGINE=InnoDB AUTO_INCREMENT=19 DEFAULT CHARSET=utf8 COLLATE=utf8_unicode_ci;

/*Data for the table `advertisements` */

insert  into `advertisements`(`id`,`type`,`position`,`slider_option`,`url`,`file_path`,`extension`,`group_show`,`status_show`,`status`,`created_at`,`updated_at`) values (8,'image','home_slider',NULL,'www.url.com','/uploads/images/image_advertisement/8/lifan-x50.jpg',NULL,'public',0,1,'2015-08-28 12:15:43','2015-08-28 12:49:03'),(9,'image','home_slider','','www','/uploads/images/image_advertisement/9/jac-s5-2.jpg','jpg','public',0,1,'2015-08-28 13:41:56','2015-11-30 14:55:04'),(10,'image','center_advert_home_footer','','http://lifan.com','/uploads/images/image_advertisement/10/lifan.jpg','jpg','public',0,1,'2015-10-13 06:23:29','2015-10-13 06:32:22'),(11,'image','center_advert_home_footer','','http://jac.com','/uploads/images/image_advertisement/11/jac.jpg','jpg','public',0,1,'2015-10-13 06:33:36','2015-10-13 06:33:36'),(12,'image','center_advert_home_footer','','http://lifan.com','/uploads/images/image_advertisement/12/lifan.jpg','jpg','public',0,1,'2015-10-13 06:43:52','2015-10-13 06:43:52'),(13,'image','center_advert_home_footer','','http://jac.com','/uploads/images/image_advertisement/13/jac.jpg','jpg','public',0,1,'2015-10-13 06:44:41','2015-10-13 06:44:41'),(14,'image','center_advert_home_footer','','http://lifan.com','/uploads/images/image_advertisement/14/lifan.jpg','jpg','public',0,1,'2015-10-13 06:45:40','2015-10-13 06:45:40'),(15,'image','center_advert_home_footer','','http://jac.com','/uploads/images/image_advertisement/15/jac.jpg','jpg','public',0,1,'2015-10-13 06:46:26','2015-10-13 06:46:26'),(16,'image','home_slider','','','/uploads/images/image_advertisement/16/jac-j5.jpg','jpg','public',0,1,'2015-11-30 15:03:20','2015-11-30 15:03:20'),(17,'image','home_slider','','','/uploads/images/image_advertisement/17/meigoon.jpg','jpg','public',0,1,'2015-11-30 15:05:28','2015-11-30 15:05:28'),(18,'image','home_slider','','','/uploads/images/image_advertisement/18/meigoon.jpg','jpg','public',0,1,'2015-11-30 15:07:33','2015-11-30 15:07:33');

/*Table structure for table `advertisements_lang` */

DROP TABLE IF EXISTS `advertisements_lang`;

CREATE TABLE `advertisements_lang` (
  `advertisement_id` int(11) NOT NULL,
  `lang_id` int(11) NOT NULL,
  `title` varchar(255) COLLATE utf8_unicode_ci DEFAULT NULL,
  `short_description` text COLLATE utf8_unicode_ci,
  `description` text COLLATE utf8_unicode_ci,
  `body_content` text COLLATE utf8_unicode_ci
) ENGINE=InnoDB DEFAULT CHARSET=utf8 COLLATE=utf8_unicode_ci;

/*Data for the table `advertisements_lang` */

insert  into `advertisements_lang`(`advertisement_id`,`lang_id`,`title`,`short_description`,`description`,`body_content`) values (8,1,'','خلاصه مطلب<br>','<p>توضیحات</p>','[\"<div class=\\\"ls-l\\\" style=\\\"top:125px;right:45px;font-weight:normal; z-index:5;padding-left:0px;font-size:30px;line-height:46px;color:#fff;white-space: nowrap;\\\" data-ls=\\\"offsetxin:0;offsetyin:-100;durationin:2000;delayin:2500;transformoriginin:left 50% 0;offsetxout:0;rotateyout:-90;transformoriginout:left 50% 0;\\\">                \\u0644\\u06cc\\u0641\\u0627\\u0646<span style=\\\"font-weight:300;padding-right:20px\\\">\\u0627\\u06cc\\u06a9\\u063350<\\/span><\\/div>\",\"<div class=\\\"ls-l\\\" style=\\\"top:85px;right:45px;font-weight:700; z-index:3;font-size:15px;line-height:26px;color:#E74C3C;white-space: nowrap;\\\" data-ls=\\\"offsetxin:-100;durationin:2000;delayin:1500;\\\">\\u0631\\u0627\\u0647\\u06cc \\u062c\\u062f\\u06cc\\u062f\\u060c \\u0647\\u0645\\u0631\\u0627\\u0647\\u06cc \\u062c\\u062f\\u06cc\\u062f            <\\/div>\",\" <p class=\\\"ls-l\\\" style=\\\"top:470px;right:20px;white-space: nowrap;\\\" data-ls=\\\"offsetxin:0;offsetyin:100;delayin:7000;\\\"><a href=\\\"#\\\" class=\\\"dt-sc-button1 ico-button\\\">\\u0627\\u0637\\u0644\\u0627\\u0639\\u0627\\u062a \\u0628\\u06cc\\u0634\\u062a\\u0631 ...<\\/a><\\/p>            <p class=\\\"ls-l\\\" style=\\\"top:470px;right:280px;white-space: nowrap;\\\" data-ls=\\\"offsetxin:-150;delayin:7500;\\\"><a href=\\\"#\\\" class=\\\"dt-sc-button2\\\">\\u0633\\u0641\\u0627\\u0631\\u0634 \\u062f\\u0631 \\u0644\\u062d\\u0638\\u0647<\\/a><\\/p>\"]'),(8,3,'ایکس50','خلاصه مطلب<br>','<p>توضیحات</p>','[\"<div class=\\\"ls-l\\\" style=\\\"top:125px;right:45px;font-weight:normal; z-index:5;padding-left:0px;font-size:30px;line-height:46px;color:#fff;white-space: nowrap;\\\" data-ls=\\\"offsetxin:0;offsetyin:-100;durationin:2000;delayin:2500;transformoriginin:left 50% 0;offsetxout:0;rotateyout:-90;transformoriginout:left 50% 0;\\\">                \\u0644\\u06cc\\u0641\\u0627\\u0646<span style=\\\"font-weight:300;padding-right:20px\\\">\\u0627\\u06cc\\u06a9\\u063350<\\/span><\\/div>\",\"<div class=\\\"ls-l\\\" style=\\\"top:85px;right:45px;font-weight:700; z-index:3;font-size:15px;line-height:26px;color:#E74C3C;white-space: nowrap;\\\" data-ls=\\\"offsetxin:-100;durationin:2000;delayin:1500;\\\">\\u0631\\u0627\\u0647\\u06cc \\u062c\\u062f\\u06cc\\u062f\\u060c \\u0647\\u0645\\u0631\\u0627\\u0647\\u06cc \\u062c\\u062f\\u06cc\\u062f            <\\/div>\",\" <p class=\\\"ls-l\\\" style=\\\"top:470px;right:20px;white-space: nowrap;\\\" data-ls=\\\"offsetxin:0;offsetyin:100;delayin:7000;\\\"><a href=\\\"#\\\" class=\\\"dt-sc-button1 ico-button\\\">\\u0627\\u0637\\u0644\\u0627\\u0639\\u0627\\u062a \\u0628\\u06cc\\u0634\\u062a\\u0631 ...<\\/a><\\/p>            <p class=\\\"ls-l\\\" style=\\\"top:470px;right:280px;white-space: nowrap;\\\" data-ls=\\\"offsetxin:-150;delayin:7500;\\\"><a href=\\\"#\\\" class=\\\"dt-sc-button2\\\">\\u0633\\u0641\\u0627\\u0631\\u0634 \\u062f\\u0631 \\u0644\\u062d\\u0638\\u0647<\\/a><\\/p>\"]'),(9,1,'جک اس 5','<pre>شاسی بلند قدرتمند</pre><br><br>','شاسی بلند قدرتمند','[\"            <div class=\\\"ls-l\\\" style=\\\"top:230px;right:830px;font-weight:700; z-index:3;font-size:30px;line-height:26px;color:#01a8df;white-space: nowrap;\\\" data-ls=\\\"offsetxin:0;offsetyin:50;durationin:2000;delayin:3000;\\\">\\u062c\\u06a9 \\u0627\\u0633 5            <\\/div>\",\"            <div class=\\\"ls-l\\\" style=\\\"top:135px;right:832px;white-space: nowrap;\\\" data-ls=\\\"offsetxin:0;offsetyin:100;delayin:3000;\\\"><span style=\\\"background: #00a5df; color: #fff; display: inline-block; font-size: 15px; font-weight: 300; line-height: 24px; margin: 10px 0 0; padding: 0 7px 0 7px; position: relative; text-decoration: none; border-radius: 3px; -webkit-border-radius: 3px; -moz-border-radius: 3px; -ms-border-radius: 3px; -o-border-radius: 3px; \\\">\\u0634\\u0627\\u0633\\u06cc \\u0628\\u0644\\u0646\\u062f \\u0642\\u062f\\u0631\\u062a\\u0645\\u0646\\u062f<\\/span>            <\\/div>\"]'),(9,3,'جک اس 5','<pre>شاسی بلند قدرتمند</pre><br><br>','شاسی بلند قدرتمند','[\"<div class=\\\"ls-l\\\" style=\\\"top:230px;left:130px;font-weight:700; z-index:3;font-size:30px;line-height:26px;color:#01a8df;white-space: nowrap;\\\" data-ls=\\\"offsetxin:0;offsetyin:50;durationin:2000;delayin:3000;\\\">\\u062c\\u06a9 \\u0627\\u0633 5            <\\/div>\",\"<div class=\\\"ls-l\\\" style=\\\"top:135px;left:132px;white-space: nowrap;\\\" data-ls=\\\"offsetxin:0;offsetyin:100;delayin:3000;\\\"><span style=\\\"background: #00a5df; color: #fff; display: inline-block; font-size: 15px; font-weight: 300; line-height: 24px; margin: 10px 0 0; padding: 0 7px 0 7px; position: relative; text-decoration: none; border-radius: 3px; -webkit-border-radius: 3px; -moz-border-radius: 3px; -ms-border-radius: 3px; -o-border-radius: 3px; \\\">\\u0634\\u0627\\u0633\\u06cc \\u0628\\u0644\\u0646\\u062f \\u0642\\u062f\\u0631\\u062a\\u0645\\u0646\\u062f<\\/span>            <\\/div>\"]'),(10,1,'برند لیفان','<p>برند خودرو لیفان<br></p>','<p><br></p>','[\"<p><br><\\/p>\"]'),(10,3,'برند لیفان','<p>برند خودرو لیفان<br></p>','<p><br></p>','[\"<p><br><\\/p>\"]'),(11,1,'برند جک','<p><br></p>','<p><br></p>','[\"<p><br><\\/p>\"]'),(11,3,'برند جک','<p><br></p>','<p><br></p>','[\"<p><br><\\/p>\"]'),(12,1,'برند لیفان','<p><br></p>','<p><br></p>','[\"<p><br><\\/p>\"]'),(12,3,'برند لیفان','<p><br></p>','<p><br></p>','[\"<p><br><\\/p>\"]'),(13,1,'برند جک','<p><br></p>','<p><br></p>','[\"<p><br><\\/p>\"]'),(13,3,'برند جک','<p><br></p>','<p><br></p>','[\"<p><br><\\/p>\"]'),(14,1,'برند لیفان','<p><br></p>','<p><br></p>','[\"<p><br><\\/p>\"]'),(14,3,'برند لیفان','<p><br></p>','<p><br></p>','[\"<p><br><\\/p>\"]'),(15,1,'برند جک','<p><br></p>','<p><br></p>','[\"<p><br><\\/p>\"]'),(15,3,'برند جک','<p><br></p>','<p><br></p>','[\"<p><br><\\/p>\"]'),(16,1,'جک جی 5','<p>جک&nbsp;&nbsp;&nbsp;&nbsp;</p>','<p>جک</p>','[\"<div class=\\\"ls-l\\\" style=\\\"top:130px;left:150px;font-weight:600; z-index:3;font-size:25px;line-height:26px;color:#fff;\\\" data-ls=\\\"offsetxin:0;offsetyin:50;durationin:2000;delayin:3000;\\\">\\u062c\\u06a9 \\u0627\\u0633 5            <\\/div>\"]'),(16,3,'جک جی 5','<p>جک&nbsp;&nbsp;&nbsp;&nbsp;</p>','<p>جک</p>','[\"<div class=\\\"ls-l\\\" style=\\\"top:130px;left:150px;font-weight:600; z-index:3;font-size:25px;line-height:26px;color:#fff;\\\" data-ls=\\\"offsetxin:0;offsetyin:50;durationin:2000;delayin:3000;\\\">\\u062c\\u06a9 \\u0627\\u0633 5            <\\/div>\"]'),(17,1,'میگون','<p>میگون&nbsp;&nbsp;&nbsp;&nbsp;&nbsp;&nbsp;&nbsp;&nbsp;</p>','<p>میگون</p>','[\"<div class=\\\"ls-l\\\" style=\\\"top:135px;left:132px;white-space: nowrap;\\\" data-ls=\\\"offsetxin:0;offsetyin:100;delayin:3000;\\\"><span style=\\\"background: rgba(0,0,0,0.72); color: #fff; display: inline-block; font-size: 15px; font-weight: 300; line-height: 24px; margin: 10px 0 0; padding: 0 7px 0 7px; position: relative; text-decoration: none; border-radius: 3px; -webkit-border-radius: 3px; -moz-border-radius: 3px; -ms-border-radius: 3px; -o-border-radius: 3px; \\\">\\u0647\\u062a\\u0644 \\u0645\\u06cc\\u06af\\u0648\\u0646 <br>\\u0641\\u0631\\u0635\\u062a\\u06cc \\u062f\\u06cc\\u06af\\u0631 \\u0627\\u0632 \\u0646\\u0645\\u0627\\u06cc\\u0646\\u062f\\u06af\\u06cc \\u06f1\\u06f7\\u06f3\\u06f2<\\/span>            <\\/div>\"]'),(17,3,'میگون','<p>میگون&nbsp;&nbsp;&nbsp;&nbsp;&nbsp;&nbsp;&nbsp;&nbsp;</p>','<p>میگون</p>','[\"<div class=\\\"ls-l\\\" style=\\\"top:135px;left:132px;white-space: nowrap;\\\" data-ls=\\\"offsetxin:0;offsetyin:100;delayin:3000;\\\"><span style=\\\"background: rgba(0,0,0,0.72); color: #fff; display: inline-block; font-size: 15px; font-weight: 300; line-height: 24px; margin: 10px 0 0; padding: 0 7px 0 7px; position: relative; text-decoration: none; border-radius: 3px; -webkit-border-radius: 3px; -moz-border-radius: 3px; -ms-border-radius: 3px; -o-border-radius: 3px; \\\">\\u0647\\u062a\\u0644 \\u0645\\u06cc\\u06af\\u0648\\u0646 <br>\\u0641\\u0631\\u0635\\u062a\\u06cc \\u062f\\u06cc\\u06af\\u0631 \\u0627\\u0632 \\u0646\\u0645\\u0627\\u06cc\\u0646\\u062f\\u06af\\u06cc \\u06f1\\u06f7\\u06f3\\u06f2<\\/span>            <\\/div>\"]'),(18,1,'میگون','<p>میگون&nbsp;&nbsp;&nbsp;&nbsp;&nbsp;&nbsp;&nbsp;&nbsp;</p>','<p>میگون</p>','[\"<div class=\\\"ls-l\\\" style=\\\"top:135px;left:132px;white-space: nowrap;\\\" data-ls=\\\"offsetxin:0;offsetyin:100;delayin:3000;\\\"><span style=\\\"background: rgba(0,0,0,0.72); color: #fff; display: inline-block; font-size: 20px; font-weight: 500; line-height: 24px; margin: 10px 0 0; padding: 0 7px 0 7px; position: relative; text-decoration: none;text-align:center; border-radius: 3px; -webkit-border-radius: 3px; -moz-border-radius: 3px; -ms-border-radius: 3px; -o-border-radius: 3px; \\\">\\u0647\\u062a\\u0644 \\u0645\\u06cc\\u06af\\u0648\\u0646 <br>\\u0641\\u0631\\u0635\\u062a\\u06cc \\u062f\\u06cc\\u06af\\u0631 \\u0627\\u0632 \\u0646\\u0645\\u0627\\u06cc\\u0646\\u062f\\u06af\\u06cc \\u06f1\\u06f7\\u06f3\\u06f2<\\/span>            <\\/div>\"]'),(18,3,'میگون','<p>میگون&nbsp;&nbsp;&nbsp;&nbsp;&nbsp;&nbsp;&nbsp;&nbsp;</p>','<p>میگون</p>','[\"<div class=\\\"ls-l\\\" style=\\\"top:75px;left:70px;white-space: nowrap;\\\" data-ls=\\\"offsetxin:0;offsetyin:100;delayin:3000;\\\"><span style=\\\"background: rgba(0,0,0,0.72); color: #fff; display: inline-block; font-size: 20px; font-weight: 500; line-height: 35px; margin: 10px 0 0; padding:10px; position: relative; text-decoration: none;text-align:center; border-radius: 3px; -webkit-border-radius: 3px; -moz-border-radius: 3px; -ms-border-radius: 3px; -o-border-radius: 3px; \\\">\\u0647\\u062a\\u0644 \\u0645\\u06cc\\u06af\\u0648\\u0646 <br>\\u0641\\u0631\\u0635\\u062a\\u06cc \\u062f\\u06cc\\u06af\\u0631 \\u0627\\u0632 \\u0646\\u0645\\u0627\\u06cc\\u0646\\u062f\\u06af\\u06cc \\u06f1\\u06f7\\u06f3\\u06f2<\\/span>            <\\/div>\"]');

/*Table structure for table `apartment_room_category_map` */

DROP TABLE IF EXISTS `apartment_room_category_map`;

CREATE TABLE `apartment_room_category_map` (
  `id` int(10) unsigned NOT NULL AUTO_INCREMENT,
  `apartment_id` int(11) NOT NULL,
  `room_category_id` int(11) NOT NULL,
  `room_number` int(11) NOT NULL,
  `floor_number` int(11) NOT NULL,
  `user_id` int(11) NOT NULL,
  `status` tinyint(4) NOT NULL,
  `created_at` timestamp NOT NULL DEFAULT '0000-00-00 00:00:00',
  `updated_at` timestamp NOT NULL DEFAULT '0000-00-00 00:00:00',
  PRIMARY KEY (`id`)
) ENGINE=InnoDB AUTO_INCREMENT=20 DEFAULT CHARSET=utf8 COLLATE=utf8_unicode_ci;

/*Data for the table `apartment_room_category_map` */

insert  into `apartment_room_category_map`(`id`,`apartment_id`,`room_category_id`,`room_number`,`floor_number`,`user_id`,`status`,`created_at`,`updated_at`) values (10,1,1,30,5,1,1,'2015-06-05 07:53:33','2015-06-26 16:21:44'),(11,1,3,50,-1,1,1,'2015-06-05 11:16:37','2015-06-09 15:28:31'),(12,1,3,55,-2,1,0,'2015-06-05 11:17:00','2015-06-25 20:12:36'),(13,1,2,33,5,1,0,'2015-06-09 15:58:28','2015-06-09 16:08:23'),(14,1,2,22,4,1,0,'2015-06-09 15:59:37','2015-06-09 16:08:23'),(16,1,2,50,5,1,1,'2015-06-25 20:08:13','0000-00-00 00:00:00'),(17,1,4,135,4,1,1,'2015-06-25 20:11:05','2015-07-23 07:01:59'),(18,1,5,45,-2,1,0,'2015-07-06 15:01:08','2015-07-24 06:42:59'),(19,1,2,30,4,1,1,'2015-07-06 15:09:41','0000-00-00 00:00:00');

/*Table structure for table `apartment_room_price` */

DROP TABLE IF EXISTS `apartment_room_price`;

CREATE TABLE `apartment_room_price` (
  `id` int(10) unsigned NOT NULL AUTO_INCREMENT,
  `room_category_id` int(11) NOT NULL,
  `rent_price` int(11) NOT NULL,
  `to_rent_price` double(8,2) NOT NULL,
  `price_status` tinyint(4) NOT NULL,
  `user_id` int(11) NOT NULL,
  `status` tinyint(4) NOT NULL,
  `created_at` timestamp NOT NULL DEFAULT '0000-00-00 00:00:00',
  `updated_at` timestamp NOT NULL DEFAULT '0000-00-00 00:00:00',
  PRIMARY KEY (`id`)
) ENGINE=InnoDB AUTO_INCREMENT=18 DEFAULT CHARSET=utf8 COLLATE=utf8_unicode_ci;

/*Data for the table `apartment_room_price` */

insert  into `apartment_room_price`(`id`,`room_category_id`,`rent_price`,`to_rent_price`,`price_status`,`user_id`,`status`,`created_at`,`updated_at`) values (1,1,235,0.00,0,1,1,'2015-06-05 09:20:39','2015-06-09 15:06:46'),(2,3,80,0.00,0,1,1,'2015-06-05 11:17:17','2015-06-09 15:57:30'),(3,1,240,0.00,0,1,1,'2015-06-05 11:23:47','2015-06-26 16:09:18'),(7,3,808,0.00,0,1,1,'2015-06-09 15:57:30','2015-07-08 04:37:44'),(8,2,100,0.00,0,1,0,'2015-06-09 16:00:32','2015-06-09 16:05:46'),(9,2,120,0.00,0,1,0,'2015-06-09 16:06:56','2015-06-09 16:08:23'),(10,2,230,0.00,0,1,1,'2015-06-17 18:32:28','2015-06-25 20:09:03'),(11,2,240,0.00,0,1,1,'2015-06-25 20:09:03','2015-06-25 20:10:23'),(12,2,200,0.00,1,1,1,'2015-06-25 20:10:23','0000-00-00 00:00:00'),(13,4,175,0.00,1,1,1,'2015-06-25 20:11:29','0000-00-00 00:00:00'),(14,1,245,0.00,1,1,1,'2015-06-26 16:09:18','0000-00-00 00:00:00'),(15,5,700,0.00,0,1,0,'2015-07-06 15:01:27','2015-07-24 06:42:59'),(16,3,808,0.00,0,1,1,'2015-07-08 04:39:16','2015-07-08 04:39:49'),(17,3,700,150.00,1,1,1,'2015-07-08 04:39:49','0000-00-00 00:00:00');

/*Table structure for table `attach` */

DROP TABLE IF EXISTS `attach`;

CREATE TABLE `attach` (
  `id` int(10) unsigned NOT NULL AUTO_INCREMENT,
  `src` varchar(255) COLLATE utf8_unicode_ci DEFAULT NULL,
  `ext` varchar(10) COLLATE utf8_unicode_ci DEFAULT NULL,
  `type` varchar(255) COLLATE utf8_unicode_ci DEFAULT NULL,
  `type_id` int(11) DEFAULT NULL,
  `user_id` int(11) DEFAULT NULL,
  `created_at` timestamp NULL DEFAULT '0000-00-00 00:00:00',
  `updated_at` timestamp NULL DEFAULT '0000-00-00 00:00:00',
  `status` tinyint(4) DEFAULT NULL,
  PRIMARY KEY (`id`)
) ENGINE=InnoDB DEFAULT CHARSET=utf8 COLLATE=utf8_unicode_ci;

/*Data for the table `attach` */

/*Table structure for table `attach_documents` */

DROP TABLE IF EXISTS `attach_documents`;

CREATE TABLE `attach_documents` (
  `id` int(10) unsigned NOT NULL AUTO_INCREMENT,
  `media_id` int(11) NOT NULL,
  `attach_type_id` int(11) NOT NULL,
  `booking_id` int(11) DEFAULT NULL,
  `document_status` tinyint(4) DEFAULT NULL,
  `user_id` int(11) DEFAULT NULL,
  `status` tinyint(4) DEFAULT NULL,
  `created_at` timestamp NULL DEFAULT '0000-00-00 00:00:00',
  `updated_at` timestamp NULL DEFAULT '0000-00-00 00:00:00',
  PRIMARY KEY (`id`)
) ENGINE=InnoDB AUTO_INCREMENT=58 DEFAULT CHARSET=utf8 COLLATE=utf8_unicode_ci;

/*Data for the table `attach_documents` */

insert  into `attach_documents`(`id`,`media_id`,`attach_type_id`,`booking_id`,`document_status`,`user_id`,`status`,`created_at`,`updated_at`) values (1,246,3,1,0,1,0,'2015-07-08 13:57:18','2015-07-15 17:32:09'),(2,247,4,1,4,1,1,'2015-07-08 13:57:18','2015-07-16 07:30:42'),(3,248,5,1,0,1,0,'2015-07-08 13:57:18','2015-07-15 17:32:09'),(4,251,3,2,0,13,0,'2015-07-09 05:42:47','2015-07-09 06:05:05'),(5,252,4,2,0,13,0,'2015-07-09 05:42:47','2015-07-09 06:05:05'),(6,254,3,2,1,13,1,'2015-07-09 06:05:05','0000-00-00 00:00:00'),(7,255,4,2,1,13,1,'2015-07-09 06:05:05','0000-00-00 00:00:00'),(8,256,5,2,1,13,1,'2015-07-09 06:05:05','0000-00-00 00:00:00'),(9,257,3,3,1,12,1,'2015-07-11 14:05:13','0000-00-00 00:00:00'),(10,258,4,3,1,12,1,'2015-07-11 14:05:13','0000-00-00 00:00:00'),(11,259,15,3,1,12,1,'2015-07-11 14:05:13','0000-00-00 00:00:00'),(12,260,8,1,0,1,0,'2015-07-13 16:14:28','2015-07-16 08:52:34'),(13,266,3,1,0,1,0,'2015-07-15 17:23:29','2015-07-15 17:32:09'),(14,267,3,1,0,1,0,'2015-07-15 17:25:33','2015-07-15 17:32:09'),(15,268,3,1,1,1,0,'2015-07-15 17:32:09','2015-07-15 17:33:43'),(16,269,5,1,4,1,1,'2015-07-15 17:32:09','2015-07-16 07:30:42'),(17,270,6,1,4,1,1,'2015-07-15 17:32:09','2015-07-16 07:30:42'),(18,271,11,1,4,1,1,'2015-07-15 18:01:51','2015-07-16 07:30:42'),(19,275,13,1,4,1,1,'2015-07-15 18:11:30','2015-07-16 07:30:42'),(20,276,14,1,1,1,1,'2015-07-16 08:27:55','0000-00-00 00:00:00'),(21,277,20,1,1,1,1,'2015-07-16 08:27:55','0000-00-00 00:00:00'),(22,278,22,1,1,1,1,'2015-07-16 08:27:55','0000-00-00 00:00:00'),(23,279,24,1,1,1,1,'2015-07-16 08:27:55','0000-00-00 00:00:00'),(24,280,7,1,1,1,1,'2015-07-16 08:46:57','0000-00-00 00:00:00'),(25,281,8,1,1,1,1,'2015-07-16 08:52:34','0000-00-00 00:00:00'),(26,282,18,1,1,1,1,'2015-07-16 08:52:34','0000-00-00 00:00:00'),(27,283,27,1,1,1,1,'2015-07-16 08:52:34','0000-00-00 00:00:00'),(28,284,3,10,1,14,1,'2015-07-17 10:01:00','0000-00-00 00:00:00'),(29,285,4,10,1,14,1,'2015-07-17 10:01:00','0000-00-00 00:00:00'),(30,286,5,10,1,14,1,'2015-07-17 10:01:00','0000-00-00 00:00:00'),(31,287,7,10,1,14,1,'2015-07-17 10:01:30','0000-00-00 00:00:00'),(32,288,8,10,1,14,1,'2015-07-17 10:01:30','0000-00-00 00:00:00'),(33,289,9,10,1,14,1,'2015-07-17 10:01:30','0000-00-00 00:00:00'),(34,290,21,10,1,14,1,'2015-07-17 10:01:30','0000-00-00 00:00:00'),(35,291,11,10,1,14,1,'2015-07-17 10:02:01','0000-00-00 00:00:00'),(36,292,14,10,1,14,1,'2015-07-17 10:02:01','0000-00-00 00:00:00'),(37,293,22,10,1,14,1,'2015-07-17 10:02:01','0000-00-00 00:00:00'),(38,294,28,10,1,14,1,'2015-07-17 10:02:02','0000-00-00 00:00:00'),(39,297,3,14,1,1,1,'2015-07-18 09:07:40','0000-00-00 00:00:00'),(40,299,4,14,0,1,0,'2015-07-18 19:26:59','2015-07-18 19:40:52'),(41,300,4,14,1,1,1,'2015-07-18 19:40:52','0000-00-00 00:00:00'),(42,301,6,14,1,1,1,'2015-07-18 19:41:05','0000-00-00 00:00:00'),(43,302,8,14,1,1,1,'2015-07-18 19:41:26','0000-00-00 00:00:00'),(44,303,7,14,1,1,1,'2015-07-18 19:41:39','0000-00-00 00:00:00'),(45,304,18,14,1,1,1,'2015-07-18 19:42:46','0000-00-00 00:00:00'),(46,305,21,14,1,1,1,'2015-07-18 19:42:59','0000-00-00 00:00:00'),(47,306,14,14,0,1,0,'2015-07-18 19:43:12','2015-07-18 19:48:18'),(48,307,13,14,1,1,1,'2015-07-18 19:43:25','0000-00-00 00:00:00'),(49,308,22,14,1,1,1,'2015-07-18 19:43:37','0000-00-00 00:00:00'),(50,310,28,14,1,1,0,'2015-07-18 19:43:51','2015-07-18 19:48:04'),(51,311,14,14,1,1,1,'2015-07-18 19:48:18','0000-00-00 00:00:00'),(52,314,11,14,1,1,1,'2015-07-24 05:57:23','0000-00-00 00:00:00'),(53,315,5,14,1,1,1,'2015-07-24 06:08:47','0000-00-00 00:00:00'),(54,316,16,14,1,1,1,'2015-07-24 06:12:33','0000-00-00 00:00:00'),(55,317,7,3,1,12,1,'2015-07-26 19:32:04','0000-00-00 00:00:00'),(56,318,9,3,1,12,1,'2015-07-26 19:32:25','0000-00-00 00:00:00'),(57,319,8,3,1,12,1,'2015-07-26 19:36:43','0000-00-00 00:00:00');

/*Table structure for table `attach_documents_feedback` */

DROP TABLE IF EXISTS `attach_documents_feedback`;

CREATE TABLE `attach_documents_feedback` (
  `id` int(10) unsigned NOT NULL AUTO_INCREMENT,
  `booking_id` int(11) DEFAULT NULL,
  `user_id` int(11) DEFAULT NULL,
  `assessor_user_id` int(11) DEFAULT NULL,
  `subject` varchar(255) COLLATE utf8_unicode_ci NOT NULL,
  `feedback_message` text COLLATE utf8_unicode_ci,
  `view_status` tinyint(4) DEFAULT NULL,
  `status` tinyint(4) DEFAULT NULL,
  `created_at` timestamp NULL DEFAULT '0000-00-00 00:00:00',
  `updated_at` timestamp NULL DEFAULT '0000-00-00 00:00:00',
  PRIMARY KEY (`id`)
) ENGINE=InnoDB AUTO_INCREMENT=47 DEFAULT CHARSET=utf8 COLLATE=utf8_unicode_ci;

/*Data for the table `attach_documents_feedback` */

insert  into `attach_documents_feedback`(`id`,`booking_id`,`user_id`,`assessor_user_id`,`subject`,`feedback_message`,`view_status`,`status`,`created_at`,`updated_at`) values (1,1,1,1,'All Your Documents are available.','All Documents are valid , please contact to administrator department.',1,4,'2015-07-16 07:30:42','2015-07-16 07:31:02'),(2,1,1,1,'A room is booked for you.','A booked room is now reserved for you, this is certify that this email does not show your rented room.',1,6,'2015-07-16 14:50:28','2015-08-29 16:16:38'),(3,1,1,1,'This message is for the contract between us','Complete and read all attachments and then go to department for contract.',0,12,'2015-07-17 06:15:37','0000-00-00 00:00:00'),(4,3,12,1,'This message is for the contract between us','Complete and read all attachments and then go to department for contract.',0,12,'2015-07-17 06:16:16','0000-00-00 00:00:00'),(5,1,1,1,'This message is for the contract between us','Complete and read all attachments and then go to department for contract.',0,12,'2015-07-17 06:20:23','0000-00-00 00:00:00'),(6,1,1,1,'This message is for the contract between us','Complete and read all attachments and then go to department for contract.',0,12,'2015-07-17 06:20:53','0000-00-00 00:00:00'),(7,1,1,1,'A room is rented for you.','A room is rented for you, if you do not agree please contact with administrator department.',0,7,'2015-07-17 18:22:37','0000-00-00 00:00:00'),(8,10,14,1,'A room is booked for you.','A booked room is now reserved for you, this is certify that this email does not show your rented room.',1,6,'2015-07-17 18:25:30','2015-07-18 08:27:08'),(9,10,14,1,'A parking is booked for you.','A booked parking is now reserved for you, this is certify that this email does not show your rented parking.',0,6,'2015-07-17 18:25:54','0000-00-00 00:00:00'),(10,10,14,1,'A room is rented for you.','A room is rented for you, if you do not agree please contact with administrator department.',0,7,'2015-07-17 18:30:09','0000-00-00 00:00:00'),(11,10,14,1,'A parking is rented for you.','A parking is rented for you, if you do not agree please contact with administrator department.',1,7,'2015-07-17 18:30:20','2015-07-18 05:40:34'),(12,1,1,1,'This message is for the contract between us','Complete and read all attachments and then go to department for contract.',0,12,'2015-07-17 18:56:53','0000-00-00 00:00:00'),(13,1,1,1,'This message is for the contract between us','Complete and read all attachments and then go to department for contract.',0,12,'2015-07-17 18:58:46','0000-00-00 00:00:00'),(14,1,1,1,'This message is for the contract between us','Complete and read all attachments and then go to department for contract.',0,12,'2015-07-17 19:05:45','0000-00-00 00:00:00'),(15,1,1,1,'This message is for the contract between us','Complete and read all attachments and then go to department for contract.',0,12,'2015-07-17 19:08:09','0000-00-00 00:00:00'),(16,1,1,1,'This message is for the contract between us','Complete and read all attachments and then go to department for contract.',0,12,'2015-07-17 19:09:17','0000-00-00 00:00:00'),(17,1,1,1,'This message is for the contract between us','Complete and read all attachments and then go to department for contract.',0,12,'2015-07-17 19:10:47','0000-00-00 00:00:00'),(18,1,1,1,'This message is for the contract between us','Complete and read all attachments and then go to department for contract.',0,12,'2015-07-17 19:11:59','0000-00-00 00:00:00'),(19,1,1,1,'This message is for the contract between us','Complete and read all attachments and then go to department for contract.',0,12,'2015-07-17 19:19:26','0000-00-00 00:00:00'),(20,1,1,1,'This message is for the contract between us','Complete and read all attachments and then go to department for contract.',0,12,'2015-07-17 19:34:30','0000-00-00 00:00:00'),(21,1,1,1,'This message is for the contract between us','Complete and read all attachments and then go to department for contract.',0,12,'2015-07-17 19:36:57','0000-00-00 00:00:00'),(22,1,1,1,'This message is for the contract between us','Complete and read all attachments and then go to department for contract.',0,12,'2015-07-17 19:40:50','0000-00-00 00:00:00'),(23,1,1,1,'This message is for the contract between us','Complete and read all attachments and then go to department for contract.',0,12,'2015-07-17 19:54:01','0000-00-00 00:00:00'),(24,1,1,1,'This message is for the contract between us','Complete and read all attachments and then go to department for contract.',0,12,'2015-07-17 19:55:53','0000-00-00 00:00:00'),(25,1,1,1,'This message is for the contract between us','Complete and read all attachments and then go to department for contract.',0,12,'2015-07-17 19:59:34','0000-00-00 00:00:00'),(26,1,1,1,'This message is for the contract between us','Complete and read all attachments and then go to department for contract.',0,12,'2015-07-17 20:00:40','0000-00-00 00:00:00'),(27,3,12,1,'A room is booked for you.','A booked room is now reserved for you, this is certify that this email does not show your rented room.',0,6,'2015-07-18 08:12:14','0000-00-00 00:00:00'),(28,14,1,1,'Thank you for completed all your documents. Your documents has been sent for review to the relevant department.','Thank you for completed all your documents. Your documents has been sent for review to the relevant department.',0,14,'2015-07-18 19:43:51','0000-00-00 00:00:00'),(29,2,13,1,'A room is booked for you.','A booked room is now reserved for you, this is certify that this email does not show your rented room.',0,6,'2015-07-18 19:56:55','0000-00-00 00:00:00'),(30,1,1,1,'Declare rental invoice due date','Please, refer to financial department to pay rental fee.',0,16,'2015-07-20 16:08:33','0000-00-00 00:00:00'),(31,10,14,1,'Declare rental invoice due date','Please, refer to financial department to pay rental fee.',0,16,'2015-07-20 16:08:40','0000-00-00 00:00:00'),(32,1,1,1,'Declare rental invoice due date','Please, refer to financial department to pay rental fee.',0,16,'2015-07-20 16:12:53','0000-00-00 00:00:00'),(33,10,14,1,'Declare rental invoice due date','Please, refer to financial department to pay rental fee.',0,16,'2015-07-20 16:12:53','0000-00-00 00:00:00'),(34,1,1,1,'Declare rental invoice due date','Please, refer to financial department to pay rental fee.',0,16,'2015-07-20 16:15:35','0000-00-00 00:00:00'),(35,10,14,1,'Declare rental invoice due date','Please, refer to financial department to pay rental fee.',0,16,'2015-07-20 16:15:35','0000-00-00 00:00:00'),(36,1,1,1,'Declare rental invoice due date - Remember','Please, refer to financial department to pay rental fee.',0,17,'2015-07-20 17:29:19','0000-00-00 00:00:00'),(37,1,1,1,'Declare rental invoice due date - Remember','Please, refer to financial department to pay rental fee.',0,17,'2015-07-20 17:31:12','0000-00-00 00:00:00'),(38,1,1,1,'Invoice for room rent','Your invoice for date 2015-7 is 0.00 euro.',0,15,'2015-07-21 15:46:26','0000-00-00 00:00:00'),(39,1,1,1,'Invoice for room rent','Your invoice for date 2015-7 is 0.00 euro.',0,15,'2015-07-21 15:48:56','0000-00-00 00:00:00'),(40,1,1,1,'Invoice for room rent','Your invoice for date 2015-7 is 0.00 euro.',0,15,'2015-07-21 15:51:21','0000-00-00 00:00:00'),(41,10,14,1,'A room is booked for you.','A booked room is now reserved for you, this is certify that this email does not show your rented room.',0,6,'2015-07-23 14:19:56','0000-00-00 00:00:00'),(42,10,14,1,'A room is rented for you.','A room is rented for you, if you do not agree please contact with administrator department.',0,7,'2015-07-23 14:20:12','0000-00-00 00:00:00'),(43,10,14,1,'This message is for the contract between us','Complete and read all attachments and then go to department for contract.',0,12,'2015-07-23 18:02:50','0000-00-00 00:00:00'),(44,14,1,1,'Thank you for completed all your documents. Your documents has been sent for review to the relevant department.','Thank you for completed all your documents. Your documents has been sent for review to the relevant department.',0,14,'2015-07-24 05:57:23','0000-00-00 00:00:00'),(45,14,1,1,'Thank you for completed all your documents. Your documents has been sent for review to the relevant department.','Thank you for completed all your documents. Your documents has been sent for review to the relevant department.',0,14,'2015-07-24 06:08:47','0000-00-00 00:00:00'),(46,14,1,1,'Thank you for completed all your documents. Your documents has been sent for review to the relevant department.','Thank you for completed all your documents. Your documents has been sent for review to the relevant department.',0,14,'2015-07-24 06:12:33','0000-00-00 00:00:00');

/*Table structure for table `attach_type` */

DROP TABLE IF EXISTS `attach_type`;

CREATE TABLE `attach_type` (
  `id` int(10) unsigned NOT NULL AUTO_INCREMENT,
  `group_id` int(11) DEFAULT NULL,
  `alias` varchar(255) COLLATE utf8_unicode_ci DEFAULT NULL,
  `type_status` tinyint(4) DEFAULT NULL,
  `status` tinyint(4) DEFAULT NULL,
  `user_id` int(11) DEFAULT NULL,
  `created_at` timestamp NULL DEFAULT '0000-00-00 00:00:00',
  `updated_at` timestamp NULL DEFAULT '0000-00-00 00:00:00',
  PRIMARY KEY (`id`),
  UNIQUE KEY `attach_type_alias_unique` (`alias`)
) ENGINE=InnoDB AUTO_INCREMENT=31 DEFAULT CHARSET=utf8 COLLATE=utf8_unicode_ci;

/*Data for the table `attach_type` */

insert  into `attach_type`(`id`,`group_id`,`alias`,`type_status`,`status`,`user_id`,`created_at`,`updated_at`) values (3,1,'carte-nationale-d-identite-en-cours-de-validite--passeport-pour-les-etudiants-etrangers-',1,1,0,'2015-06-16 10:11:17','2015-06-16 10:31:44'),(4,1,'visa-ou-carte-de-sejour-ou-assimile--en-cours-de-validite--pour-les-etudiants-etrangers-',1,1,0,'2015-06-16 10:13:40','2015-06-16 10:31:48'),(5,1,'carte-d-etudiant-ou-du-justificatif-d-inscription-le-cas-echeant',1,1,0,'2015-06-16 10:17:50','2015-06-16 10:31:49'),(6,1,'3-derniers-bulletins-de-salaire-et-du-contrat-de-travail--pour-les-etudiants-salaries-',1,1,0,'2015-06-16 10:18:31','2015-06-16 10:31:53'),(7,2,'carte-nationale-d-identite-ou-passeport-en-cours-de-validite-',1,1,0,'2015-06-16 10:20:10','2015-06-16 10:31:55'),(8,2,'visa-ou-carte-de-sejour-ou-assimile',1,1,0,'2015-06-16 10:21:59','2015-06-16 10:31:59'),(9,2,'3-derniers-bulletins-de-salaire',1,1,0,'2015-06-16 10:23:58','2015-06-16 10:32:02'),(11,5,'carte-nationale-d-identite-ou-passeport-en-cours-de-validite-2',1,1,0,'2015-06-16 10:27:01','2015-06-16 10:32:05'),(13,5,'visa-ou-carte-de-sejour-ou-assimile-2',1,1,0,'2015-06-16 10:28:26','2015-06-16 10:32:09'),(14,5,'3-derniers-bulletins-de-salaire-2',1,1,0,'2015-06-16 10:29:52','2015-06-16 10:32:12'),(15,1,'attestation-employeur-recente--pour-les-etudiants-salaries-',NULL,1,0,'2015-06-27 09:25:00','2015-06-27 09:25:00'),(16,1,'rib-releve-d-identite-bancaire--d-une-banque-disposant-d-un-etablissement-bancaire-en-france-',NULL,1,0,'2015-06-27 09:25:49','2015-06-27 09:25:49'),(17,1,'caution-bancaire--si-le-locataire-ne-dispose-d-aucun-garant--',NULL,1,0,'2015-06-27 09:26:10','2015-06-27 09:26:10'),(18,2,'attestation-d-employeur-recente-',NULL,1,0,'2015-06-27 09:26:48','2015-06-27 09:26:48'),(20,5,'attestation-d-employeur-recente-2',NULL,1,0,'2015-06-27 09:28:05','2015-06-27 09:28:05'),(21,2,'extrait-bilan-comptable-si-profession-liberale-',NULL,1,0,'2015-06-27 09:28:45','2015-06-27 09:28:45'),(22,5,'extrait-bilan-comptable-si-profession-liberale-2',NULL,1,0,'2015-06-27 09:29:10','2015-06-27 09:29:10'),(23,2,'dernier-avis-d-imposition--dans-son-integralite--',NULL,1,0,'2015-06-27 09:29:40','2015-06-27 09:29:40'),(24,5,'dernier-avis-d-imposition--dans-son-integralite-2',NULL,1,0,'2015-06-27 09:30:02','2015-06-27 09:30:17'),(25,2,'derniere-quittance-de-loyer-',NULL,1,0,'2015-06-27 09:30:40','2015-06-27 09:30:40'),(26,5,'derniere-quittance-de-loyer-2',NULL,1,0,'2015-06-27 09:31:00','2015-06-27 09:31:00'),(27,2,'taxe-fonciere-si-proprietaire-',NULL,1,0,'2015-06-27 09:32:20','2015-06-27 09:32:20'),(28,5,'taxe-fonciere-si-proprietaire-2',NULL,1,0,'2015-06-27 09:32:36','2015-06-27 09:32:36'),(29,2,'rib--releve-d-identite-bancaire--d-une-banque-disposant-d-un-etablissement-bancaire-en-france',NULL,1,0,'2015-06-27 09:33:22','2015-06-27 09:33:22'),(30,5,'rib--releve-d-identite-bancaire--d-une-banque-disposant-d-un-etablissement-bancaire-en-france-2',NULL,1,0,'2015-06-27 09:33:42','2015-06-27 09:33:42');

/*Table structure for table `attach_type_group` */

DROP TABLE IF EXISTS `attach_type_group`;

CREATE TABLE `attach_type_group` (
  `id` int(10) unsigned NOT NULL AUTO_INCREMENT,
  `alias` varchar(255) COLLATE utf8_unicode_ci DEFAULT NULL,
  `condition` varchar(255) COLLATE utf8_unicode_ci NOT NULL,
  `group_status` tinyint(4) DEFAULT NULL,
  `status` tinyint(4) DEFAULT NULL,
  `user_id` int(11) DEFAULT NULL,
  `created_at` timestamp NULL DEFAULT '0000-00-00 00:00:00',
  `updated_at` timestamp NULL DEFAULT '0000-00-00 00:00:00',
  PRIMARY KEY (`id`),
  UNIQUE KEY `attach_type_group_alias_unique` (`alias`)
) ENGINE=InnoDB AUTO_INCREMENT=6 DEFAULT CHARSET=utf8 COLLATE=utf8_unicode_ci;

/*Data for the table `attach_type_group` */

insert  into `attach_type_group`(`id`,`alias`,`condition`,`group_status`,`status`,`user_id`,`created_at`,`updated_at`) values (1,'supporting-documents-relating-to-the-lessee','OuiA,OuiB,Non,[MAX_UPLOAD_USER=3]',1,1,1,'2015-06-12 13:25:45','2015-06-27 14:24:32'),(2,'justificatifs-relatifs-au-garant-1','OuiA,OuiB,[MAX_UPLOAD_USER=4]',1,1,1,'2015-06-15 17:49:30','2015-06-27 14:25:41'),(5,'justificatifs-relatifs-au-garant-2','OuiB,[MAX_UPLOAD_USER=4]',1,1,1,'2015-06-15 18:57:07','2015-06-27 14:26:14');

/*Table structure for table `attach_type_group_lang` */

DROP TABLE IF EXISTS `attach_type_group_lang`;

CREATE TABLE `attach_type_group_lang` (
  `id` int(11) NOT NULL,
  `lang_id` int(11) NOT NULL,
  `title` varchar(255) COLLATE utf8_unicode_ci DEFAULT NULL,
  `description` text COLLATE utf8_unicode_ci,
  PRIMARY KEY (`id`,`lang_id`)
) ENGINE=InnoDB DEFAULT CHARSET=utf8 COLLATE=utf8_unicode_ci;

/*Data for the table `attach_type_group_lang` */

insert  into `attach_type_group_lang`(`id`,`lang_id`,`title`,`description`) values (1,1,'supporting documents relating to the lessee','<h2> Documents required by the tenant </ h2>\r\n<p> You must provide the following documents in order for your application to process. </ p>'),(1,3,'Justificatifs relatifs au locataire','<h2>Pièces à fournir par le locataire</h2>\r\n<p>Vous devez fournir tous les documents suivants dans l\'ordre pour que votre demande processus.</p>'),(2,1,'Supporting documents relating to the guarantor 1','<h2> Documents required by the (s) guarantee (s) </ h2>\r\n<p> You must provide the following documents in order for your application to process. </ p>'),(2,3,'Justificatifs relatifs au garant 1','<h2>Pièces à fournir par le(s) garant(s)</h2>\r\n<p>Vous devez fournir tous les documents suivants dans l\'ordre pour que votre demande processus.</p>'),(5,1,'Supporting documents relating to the guarantor 2','<h2> Documents required by the (s) guarantee (s) </ h2>\r\n<p> You must provide the following documents in order for your application to process. </ p>'),(5,3,'Justificatifs relatifs au garant 2','<h2>Pièces à fournir par le(s) garant(s)</h2>\r\n<p>Vous devez fournir tous les documents suivants dans l\'ordre pour que votre demande processus.</p>');

/*Table structure for table `attach_type_lang` */

DROP TABLE IF EXISTS `attach_type_lang`;

CREATE TABLE `attach_type_lang` (
  `id` int(11) NOT NULL,
  `lang_id` int(11) NOT NULL,
  `title` varchar(255) COLLATE utf8_unicode_ci DEFAULT NULL,
  `description` text COLLATE utf8_unicode_ci,
  PRIMARY KEY (`id`,`lang_id`)
) ENGINE=InnoDB DEFAULT CHARSET=utf8 COLLATE=utf8_unicode_ci;

/*Data for the table `attach_type_lang` */

insert  into `attach_type_lang`(`id`,`lang_id`,`title`,`description`) values (3,1,'National valid ID (passport for foreign students)',''),(3,3,'Carte nationale d\'identité en cours de validité (passeport pour les étudiants étrangers)',''),(4,1,'Visa or residence permit or equivalent, valid (for foreign students)',''),(4,3,'Visa ou carte de séjour ou assimilé, en cours de validité (pour les étudiants étrangers)',''),(5,1,'Student card or proof of registration if necessary',''),(5,3,'Carte d\'étudiant ou du justificatif d\'inscription le cas échéant',''),(6,1,'Last 3 pay slips and employment contract (for employees students)',''),(6,3,'3 derniers bulletins de salaire et du contrat de travail (pour les étudiants salariés)',''),(7,1,' National identity card or valid passport',''),(7,3,'Carte nationale d\'identité ou passeport en cours de validité.',''),(8,1,'Visa or residence permit or equivalent',''),(8,3,'Visa ou carte de séjour ou assimilé',''),(9,1,'Last 3 payslips',''),(9,3,'3 derniers bulletins de salaire',''),(11,1,'National identity card or passport valid',''),(11,3,'Carte nationale d\'identité ou passeport en cours de validité',''),(13,1,'Visa or residence permit or equivalent',''),(13,3,'Visa ou carte de séjour ou assimilé',''),(14,1,' Last 3 payslips',''),(14,3,'3 derniers bulletins de salaire',''),(15,1,'Attestation employeur récente (pour les étudiants salariés)',''),(15,3,'Attestation employeur récente (pour les étudiants salariés)',''),(16,1,'RIB(Relevé d\'identité bancaire) d\'une banque disposant d\'un établissement bancaire en France. ',''),(16,3,'RIB(Relevé d\'identité bancaire) d\'une banque disposant d\'un établissement bancaire en France. ',''),(17,1,'Caution bancaire (si le locataire ne dispose d\'aucun garant).',''),(17,3,'Caution bancaire (si le locataire ne dispose d\'aucun garant).',''),(18,1,'Attestation d\'employeur récente.',''),(18,3,'Attestation d\'employeur récente.',''),(20,1,'Attestation d\'employeur récente 2',''),(20,3,'Attestation d\'employeur récente',''),(21,1,'Extrait bilan comptable si profession libérale.',''),(21,3,'Extrait bilan comptable si profession libérale.',''),(22,1,'Extrait bilan comptable si profession libérale 2',''),(22,3,'Extrait bilan comptable si profession libérale',''),(23,1,'Dernier avis d\'imposition (dans son intégralité).',''),(23,3,'Dernier avis d\'imposition (dans son intégralité).',''),(24,1,'Dernier avis d\'imposition (dans son intégralité). 2',''),(24,3,'Dernier avis d\'imposition (dans son intégralité).',''),(25,1,'Dernière quittance de loyer.',''),(25,3,'Dernière quittance de loyer.',''),(26,1,'Dernière quittance de loyer 2',''),(26,3,'Dernière quittance de loyer',''),(27,1,'Taxe foncière si propriétaire.',''),(27,3,'Taxe foncière si propriétaire.',''),(28,1,'Taxe foncière si propriétaire 2',''),(28,3,'Taxe foncière si propriétaire',''),(29,1,'RIB (Relevé d\'identité bancaire) d\'une banque disposant d\'un établissement bancaire en France ',''),(29,3,'RIB (Relevé d\'identité bancaire) d\'une banque disposant d\'un établissement bancaire en France ',''),(30,1,'RIB (Relevé d\'identité bancaire) d\'une banque disposant d\'un établissement bancaire en France 2',''),(30,3,'RIB (Relevé d\'identité bancaire) d\'une banque disposant d\'un établissement bancaire en France','');

/*Table structure for table `billings` */

DROP TABLE IF EXISTS `billings`;

CREATE TABLE `billings` (
  `id` int(10) unsigned NOT NULL AUTO_INCREMENT,
  `rent_id` int(11) NOT NULL,
  `booking_id` int(11) NOT NULL,
  `room_id` int(11) NOT NULL,
  `price` decimal(8,2) NOT NULL,
  `year` int(11) NOT NULL,
  `month` int(11) NOT NULL,
  `pay_date` date NOT NULL,
  `user_id` int(11) NOT NULL,
  `assessor_user_id` int(11) NOT NULL,
  `billing_status` smallint(6) NOT NULL,
  `status` smallint(6) NOT NULL,
  `created_at` timestamp NOT NULL DEFAULT '0000-00-00 00:00:00',
  `updated_at` timestamp NOT NULL DEFAULT '0000-00-00 00:00:00',
  PRIMARY KEY (`id`)
) ENGINE=InnoDB AUTO_INCREMENT=19 DEFAULT CHARSET=utf8 COLLATE=utf8_unicode_ci;

/*Data for the table `billings` */

insert  into `billings`(`id`,`rent_id`,`booking_id`,`room_id`,`price`,`year`,`month`,`pay_date`,`user_id`,`assessor_user_id`,`billing_status`,`status`,`created_at`,`updated_at`) values (15,13,1,92,'0.00',2015,8,'2015-07-20',1,1,2,1,'2015-07-20 20:45:35','0000-00-00 00:00:00'),(16,15,10,210,'0.00',2015,8,'2015-07-20',14,1,2,1,'2015-07-20 20:45:35','0000-00-00 00:00:00'),(18,13,1,92,'0.00',2015,7,'2015-07-21',1,1,2,1,'0000-00-00 00:00:00','2015-07-21 15:51:21');

/*Table structure for table `booking` */

DROP TABLE IF EXISTS `booking`;

CREATE TABLE `booking` (
  `id` int(10) unsigned NOT NULL AUTO_INCREMENT,
  `user_id` int(11) DEFAULT NULL,
  `from_date` date DEFAULT NULL,
  `to_date` date DEFAULT NULL,
  `send_contract` tinyint(1) NOT NULL DEFAULT '0',
  `accepted_terms` tinyint(1) NOT NULL,
  `accepted_house_rules` tinyint(1) NOT NULL,
  `status` tinyint(4) DEFAULT NULL,
  `status_view` smallint(6) NOT NULL DEFAULT '0',
  `created_at` timestamp NULL DEFAULT '0000-00-00 00:00:00',
  `updated_at` timestamp NULL DEFAULT '0000-00-00 00:00:00',
  PRIMARY KEY (`id`)
) ENGINE=InnoDB DEFAULT CHARSET=utf8 COLLATE=utf8_unicode_ci;

/*Data for the table `booking` */

/*Table structure for table `booking_details` */

DROP TABLE IF EXISTS `booking_details`;

CREATE TABLE `booking_details` (
  `id` int(10) unsigned NOT NULL AUTO_INCREMENT,
  `booking_id` int(11) DEFAULT NULL,
  `apartment_room_category_map_id` int(11) DEFAULT NULL,
  `room_category_id` int(11) DEFAULT NULL,
  `type` enum('room','parking') COLLATE utf8_unicode_ci DEFAULT NULL,
  `user_id` int(11) DEFAULT NULL,
  `priority` tinyint(4) DEFAULT NULL,
  `rent_status` tinyint(4) DEFAULT NULL,
  `status` tinyint(4) DEFAULT NULL,
  `created_at` timestamp NULL DEFAULT '0000-00-00 00:00:00',
  `updated_at` timestamp NULL DEFAULT '0000-00-00 00:00:00',
  PRIMARY KEY (`id`)
) ENGINE=InnoDB DEFAULT CHARSET=utf8 COLLATE=utf8_unicode_ci;

/*Data for the table `booking_details` */

/*Table structure for table `calendar` */

DROP TABLE IF EXISTS `calendar`;

CREATE TABLE `calendar` (
  `id` int(10) unsigned NOT NULL AUTO_INCREMENT,
  `employee_id` int(11) NOT NULL,
  `title` varchar(255) COLLATE utf8_unicode_ci NOT NULL,
  `start` timestamp NOT NULL DEFAULT '0000-00-00 00:00:00',
  `end` timestamp NOT NULL DEFAULT '0000-00-00 00:00:00',
  `all_day` tinyint(4) NOT NULL,
  `color` varchar(255) COLLATE utf8_unicode_ci NOT NULL,
  `created_at` timestamp NOT NULL DEFAULT '0000-00-00 00:00:00',
  `updated_at` timestamp NOT NULL DEFAULT '0000-00-00 00:00:00',
  PRIMARY KEY (`id`)
) ENGINE=InnoDB AUTO_INCREMENT=3 DEFAULT CHARSET=utf8 COLLATE=utf8_unicode_ci;

/*Data for the table `calendar` */

insert  into `calendar`(`id`,`employee_id`,`title`,`start`,`end`,`all_day`,`color`,`created_at`,`updated_at`) values (2,1,'برنامه جلسه','2015-08-15 11:00:00','2015-08-15 13:00:00',0,'#0ded2f','2015-08-13 12:53:08','2015-08-13 12:53:08');

/*Table structure for table `categories` */

DROP TABLE IF EXISTS `categories`;

CREATE TABLE `categories` (
  `id` int(10) unsigned NOT NULL AUTO_INCREMENT,
  `root_id` int(11) NOT NULL,
  `parent_id` int(11) DEFAULT NULL,
  `lft` int(11) DEFAULT NULL,
  `rgt` int(11) DEFAULT NULL,
  `depth` int(11) DEFAULT NULL,
  `alias` varchar(255) COLLATE utf8_unicode_ci DEFAULT NULL,
  `image` varchar(255) COLLATE utf8_unicode_ci DEFAULT NULL,
  `thumbnail` varchar(255) COLLATE utf8_unicode_ci DEFAULT NULL,
  `created_at` timestamp NOT NULL DEFAULT '0000-00-00 00:00:00',
  `updated_at` timestamp NOT NULL DEFAULT '0000-00-00 00:00:00',
  PRIMARY KEY (`id`),
  KEY `categories_parent_id_index` (`parent_id`),
  KEY `categories_lft_index` (`lft`),
  KEY `categories_rgt_index` (`rgt`)
) ENGINE=InnoDB AUTO_INCREMENT=42 DEFAULT CHARSET=utf8 COLLATE=utf8_unicode_ci;

/*Data for the table `categories` */

insert  into `categories`(`id`,`root_id`,`parent_id`,`lft`,`rgt`,`depth`,`alias`,`image`,`thumbnail`,`created_at`,`updated_at`) values (1,1,NULL,1,20,0,'products',NULL,'','2015-05-29 12:10:30','2015-09-12 18:49:57'),(3,1,1,2,3,1,'lifan','true','','2015-05-29 12:10:30','2015-09-12 18:49:48'),(25,1,1,16,17,1,'jac','true','','2015-06-26 11:31:29','2015-09-12 18:49:57'),(30,1,1,18,19,1,'neisan',NULL,NULL,'2015-09-12 15:07:30','2015-09-12 18:49:57'),(35,2,NULL,1,6,0,'وبلاگ','false','','2015-09-26 19:35:31','2015-09-26 19:41:57'),(36,2,35,2,3,1,'sale-car','false','','2015-09-26 19:41:26','2015-10-16 13:11:02'),(37,2,35,4,5,1,'mechanic','false','','2015-09-26 19:41:57','2015-10-16 13:11:18'),(38,3,NULL,1,8,0,'شاخه-اخبار',NULL,NULL,'2015-10-09 17:59:04','2015-10-20 20:24:46'),(39,3,38,2,3,1,'global-news',NULL,NULL,'2015-10-11 05:29:25','2015-10-11 05:29:25'),(40,3,38,4,5,1,'news-kerman',NULL,NULL,'2015-10-11 05:30:03','2015-10-11 05:30:03'),(41,3,38,6,7,1,'sales',NULL,NULL,'2015-10-20 20:24:46','2015-10-20 20:24:46');

/*Table structure for table `categories_lang` */

DROP TABLE IF EXISTS `categories_lang`;

CREATE TABLE `categories_lang` (
  `categories_id` int(11) NOT NULL,
  `lang_id` int(11) NOT NULL,
  `name` varchar(255) COLLATE utf8_unicode_ci NOT NULL,
  `desc` text COLLATE utf8_unicode_ci,
  `tag` varchar(255) COLLATE utf8_unicode_ci DEFAULT NULL
) ENGINE=InnoDB DEFAULT CHARSET=utf8 COLLATE=utf8_unicode_ci;

/*Data for the table `categories_lang` */

insert  into `categories_lang`(`categories_id`,`lang_id`,`name`,`desc`,`tag`) values (1,1,'Products',NULL,NULL),(1,3,'محصولات','',NULL),(3,1,'Lifan','Description [en]',NULL),(3,3,'لیفان','توضیحات لیفان',NULL),(25,1,'JAC',NULL,NULL),(25,3,'جک','توضیحات جک',NULL),(30,1,'نیسان',NULL,NULL),(30,3,'نیسان',NULL,NULL),(35,1,'وبلاگ ها',NULL,NULL),(35,3,'وبلاگ','',NULL),(36,1,'خرید خودرو',NULL,NULL),(36,3,'وبلاگ خرید خودرو','',NULL),(37,1,'تعمیرات',NULL,NULL),(37,3,'وبلاگ تعمیرات خودرو','',NULL),(38,1,'شاخه اخبار',NULL,NULL),(38,3,'شاخه اخبار',NULL,NULL),(39,1,'دنیای خودرو',NULL,NULL),(39,3,'دنیای خودرو',NULL,NULL),(40,1,'اخبار کرمان موتور',NULL,NULL),(40,3,'اخبار کرمان موتور',NULL,NULL),(41,1,'طرح های فروش',NULL,NULL),(41,3,'طرح های فروش',NULL,NULL);

/*Table structure for table `comments` */

DROP TABLE IF EXISTS `comments`;

CREATE TABLE `comments` (
  `id` int(10) unsigned NOT NULL AUTO_INCREMENT,
  `system` varchar(255) COLLATE utf8_unicode_ci NOT NULL DEFAULT 'news',
  `item_id` int(11) NOT NULL DEFAULT '0',
  `email` varchar(255) COLLATE utf8_unicode_ci DEFAULT NULL,
  `user_name` varchar(255) COLLATE utf8_unicode_ci DEFAULT NULL,
  `text` text COLLATE utf8_unicode_ci,
  `parent_id` int(11) DEFAULT '0',
  `user_id` int(11) DEFAULT '0',
  `employee_id` int(11) DEFAULT '0',
  `assessor_user_id` int(11) NOT NULL DEFAULT '0',
  `active` tinyint(1) NOT NULL DEFAULT '1',
  `show_status` tinyint(1) DEFAULT '0',
  `status` tinyint(1) DEFAULT '1',
  `created_at` timestamp NULL DEFAULT '0000-00-00 00:00:00',
  `updated_at` timestamp NULL DEFAULT '0000-00-00 00:00:00',
  PRIMARY KEY (`id`)
) ENGINE=InnoDB AUTO_INCREMENT=77 DEFAULT CHARSET=utf8 COLLATE=utf8_unicode_ci;

/*Data for the table `comments` */

insert  into `comments`(`id`,`system`,`item_id`,`email`,`user_name`,`text`,`parent_id`,`user_id`,`employee_id`,`assessor_user_id`,`active`,`show_status`,`status`,`created_at`,`updated_at`) values (1,'news',27,'techniconline@yahoo.com','Hamid kho','متنی برای تست',0,1,0,0,1,0,1,'2015-09-07 18:50:57','2015-09-07 18:50:57'),(2,'news',27,'artiman.e@gmail.com','احمد','این مطلب بسیار جالب بود',0,NULL,0,0,1,0,1,'2015-09-08 15:34:46','2015-09-08 15:34:46'),(10,'news',27,'techniconline@yahoo.com','Hamid kho','این مطلب بسیار جالب بود و هست',0,1,0,0,1,0,1,'2015-09-08 16:33:59','2015-09-08 16:33:59'),(11,'news',27,'techniconline@yahoo.com','Hamid kho','این مطلب بسیار جالب بود و هست',0,1,0,0,1,0,1,'2015-09-08 16:40:39','2015-09-08 16:40:39'),(12,'news',27,'techniconline@yahoo1.com','احمد خورشیدی','این مطلب بسیار جالب بود و هست',0,0,0,0,1,0,1,'2015-09-08 16:43:54','2015-09-08 16:43:54'),(13,'news',27,'techniconline@yahoo.com','Hamid kho','متن جدید',0,1,0,0,1,0,1,'2015-09-08 16:45:37','2015-09-08 16:45:37'),(14,'content',31,'tech@ysd.co','sadas sdf','dsfsdf sdfsdfsdfdf',0,0,0,0,1,0,1,'2015-09-09 18:08:55','2015-09-09 18:08:55'),(15,'content',31,'tech@ysd.co','sadas sdf','dsfsdf sdfsdfsdfdf',0,0,0,0,1,0,1,'2015-09-09 18:09:58','2015-09-09 18:09:58'),(16,'content',31,'techniconline@yahoo.com','Hamid kho','sdcsds sdsd dssdf \r\nsdfsdfsdf\r\n \r\nsdfsd\r\nf',0,1,0,0,1,0,1,'2015-09-09 18:14:10','2015-09-09 18:14:10'),(17,'news',27,'techniconline@yahoo.com','Hamid kho','ti6iyo',0,1,0,0,1,0,1,'2015-09-18 14:57:20','2015-09-18 14:57:20'),(18,'news',27,'techniconline@yahoo.com','Hamid kho','ti6iyo',0,1,0,0,1,0,1,'2015-09-18 15:10:50','2015-09-18 15:10:50'),(19,'news',27,'techniconline@yahoo.com','Hamid kho','ti6iyo',0,1,0,0,1,0,1,'2015-09-18 15:15:03','2015-09-18 15:15:03'),(20,'news',27,'techniconline@yahoo.com','Hamid kho','ti6iyo',0,1,0,0,1,0,1,'2015-09-18 15:16:13','2015-09-18 15:16:13'),(21,'news',27,'techniconline@yahoo.com','Hamid kho','ti6iyo',0,1,0,0,1,0,1,'2015-09-18 15:23:15','2015-09-18 15:23:15'),(22,'news',27,'techniconline@yahoo.com','Hamid kho','ti6iyo',0,1,0,0,1,0,1,'2015-09-18 15:23:45','2015-09-18 15:23:45'),(48,'product',1,'techniconline@yahoo.com','Hamid kho','تست متن ',0,1,0,0,1,0,1,'2015-09-22 16:18:33','2015-09-22 16:18:33'),(49,'product',1,'Artiman.e@gmail.com','احمد 2','tes reply',48,0,0,0,1,0,1,'2015-09-22 16:23:11','2015-09-22 16:23:11'),(50,'product',1,'techniconline@yahoo.com','Hamid kho','تست متن 1',0,1,0,0,1,0,0,'2015-09-22 16:26:52','2015-10-09 15:19:25'),(51,'product',1,'techniconline@yahoo.ir','hamid khorshid','برای تست',0,12,0,0,1,0,1,'2015-09-22 16:28:51','2015-09-22 16:28:51'),(52,'product',1,'techniconline@yahoo.com','Hamid kho','cxvcxv cxvxcv',0,1,0,0,1,0,1,'2015-09-24 04:05:07','2015-09-24 04:05:07'),(53,'product',1,'techniconline@yahoo.ir','hamid khorshid','tesrt',48,12,0,0,1,0,1,'2015-09-24 04:06:13','2015-09-24 04:06:13'),(54,'product',1,'hamid@yahoo.com','hamin','test man',0,0,0,0,1,0,1,'2015-09-24 04:26:36','2015-09-24 04:26:36'),(55,'product',1,'hamid@yahoo.com','hamin','1test man',0,0,0,0,1,0,1,'2015-09-24 04:28:49','2015-09-24 04:28:49'),(56,'product',1,'hamid@yahoo.com','hamin','1test man',0,0,0,0,1,0,1,'2015-09-24 04:30:55','2015-09-24 04:30:55'),(57,'product',1,'hamid@yahoo.com','hamin','231test man',0,0,0,0,1,0,1,'2015-09-24 04:45:48','2015-09-24 04:45:48'),(58,'product',1,'hamid@yahoo.com','hamin','231test man',0,0,0,0,1,0,1,'2015-09-24 04:47:10','2015-09-24 04:47:10'),(59,'product',1,'hamid@yahoo.com','hamin',' dvdf 231test man',0,0,0,0,1,0,1,'2015-09-24 04:58:11','2015-09-24 04:58:11'),(60,'product',1,'hamid@yahoo.com','hamin',' dvdf 231test man',0,0,0,0,1,0,1,'2015-09-24 04:59:06','2015-09-24 04:59:06'),(61,'product',1,'tech@ysd.co','احمد','test etets ',0,0,0,0,1,0,1,'2015-09-24 16:53:51','2015-09-24 16:53:51'),(62,'product',1,'hamid@yahoo.com','احمد خورشیدی','fff fff',59,0,0,0,1,0,1,'2015-09-24 17:00:34','2015-09-24 17:00:34'),(63,'product',1,'techniconline@yahoo.com','Hamid khorshidi','برای تست\r\nبرای تست2\r\n',0,1,0,0,1,0,1,'2015-09-25 17:22:02','2015-09-25 17:22:02'),(64,'product',1,'techniconline@yahoo.com','Hamid khorshidi','تست اول',50,1,0,0,1,0,0,'2015-09-25 17:25:13','2015-10-09 15:19:25'),(65,'product',1,'techniconline@yahoo.com','Hamid khorshidi','تست اول',50,1,0,0,1,0,0,'2015-09-25 17:27:15','2015-10-09 15:19:25'),(66,'product',1,'techniconline@yahoo.com','Hamid khorshidi','تست اول111',50,1,0,0,1,0,0,'2015-09-25 17:28:55','2015-10-09 15:19:25'),(67,'product',1,'techniconline@yahoo.com','Hamid khorshidi','تست اول111',50,1,0,0,1,0,0,'2015-09-25 17:30:23','2015-10-09 15:19:25'),(68,'product',1,'khorshidi@yahoo.com','ahmad','برای تست متن',0,0,0,0,1,0,1,'2015-10-01 15:50:27','2015-10-01 15:50:27'),(69,'product',1,'hamid@yahoo.com','احمد خورشیدی','تست پاسخ',68,0,0,0,1,0,1,'2015-10-01 15:51:00','2015-10-01 15:51:00'),(70,'product',1,'tech@ysd.co','احمد','sadsad asdsad',68,0,0,0,1,0,1,'2015-10-09 13:55:03','2015-10-09 13:55:03'),(72,'weblog',40,'techniconline@yahoo.com','Hamid khorshidi','برای تست کامنت بلاگ',0,1,0,0,1,0,1,'2015-10-16 14:38:21','2015-10-16 14:38:21'),(73,'weblog',42,'techniconline@yahoo.com','Hamid khorshidi','test',0,1,0,0,1,0,1,'2015-10-16 15:42:59','2015-10-16 15:42:59'),(74,'weblog',40,'techniconline@yahoo.com','Hamid khorshidi','testwe 23',0,1,0,0,1,0,1,'2015-10-16 15:43:52','2015-10-16 15:43:52'),(75,'weblog',140,'techniconline@yahoo.com','Hamid khorshidi','ijiiiii',0,1,0,0,1,0,1,'2015-11-29 05:56:42','2015-11-29 05:56:42'),(76,'weblog',140,'techniconline@yahoo.com','Hamid khorshidi','test t',0,1,0,0,1,0,1,'2015-11-29 07:25:37','2015-11-29 07:25:37');

/*Table structure for table `comments_media` */

DROP TABLE IF EXISTS `comments_media`;

CREATE TABLE `comments_media` (
  `id` int(11) NOT NULL AUTO_INCREMENT,
  `comment_id` int(11) NOT NULL,
  `media_id` int(11) NOT NULL,
  `status` tinyint(1) DEFAULT '1',
  `created_at` datetime DEFAULT NULL,
  `updated_at` datetime DEFAULT NULL,
  PRIMARY KEY (`id`)
) ENGINE=InnoDB AUTO_INCREMENT=16 DEFAULT CHARSET=utf8;

/*Data for the table `comments_media` */

insert  into `comments_media`(`id`,`comment_id`,`media_id`,`status`,`created_at`,`updated_at`) values (4,48,360,1,'2015-09-22 16:18:33','2015-09-22 16:18:33'),(5,50,361,1,'2015-09-22 16:26:52','2015-09-22 16:26:52'),(6,51,362,1,'2015-09-22 16:28:51','2015-09-22 16:28:51'),(7,52,363,1,'2015-09-24 04:05:07','2015-09-24 04:05:07'),(8,54,364,1,'2015-09-24 04:26:36','2015-09-24 04:26:36'),(9,55,365,1,'2015-09-24 04:28:49','2015-09-24 04:28:49'),(10,56,365,1,'2015-09-24 04:30:55','2015-09-24 04:30:55'),(11,58,366,1,'2015-09-24 04:47:10','2015-09-24 04:47:10'),(12,59,367,1,'2015-09-24 04:58:11','2015-09-24 04:58:11'),(13,60,368,1,'2015-09-24 04:59:06','2015-09-24 04:59:06'),(14,61,369,1,'2015-09-24 16:53:51','2015-09-24 16:53:51'),(15,68,370,1,'2015-10-01 15:50:27','2015-10-01 15:50:27');

/*Table structure for table `contact_us` */

DROP TABLE IF EXISTS `contact_us`;

CREATE TABLE `contact_us` (
  `id` int(10) unsigned NOT NULL AUTO_INCREMENT,
  `from` varchar(255) COLLATE utf8_unicode_ci NOT NULL,
  `name` varchar(255) COLLATE utf8_unicode_ci DEFAULT NULL,
  `to` varchar(255) COLLATE utf8_unicode_ci NOT NULL,
  `message` text COLLATE utf8_unicode_ci NOT NULL,
  `status` tinyint(4) NOT NULL,
  `to_id` int(11) DEFAULT NULL,
  `created_at` timestamp NOT NULL DEFAULT '0000-00-00 00:00:00',
  `updated_at` timestamp NOT NULL DEFAULT '0000-00-00 00:00:00',
  PRIMARY KEY (`id`)
) ENGINE=InnoDB AUTO_INCREMENT=19 DEFAULT CHARSET=utf8 COLLATE=utf8_unicode_ci;

/*Data for the table `contact_us` */

insert  into `contact_us`(`id`,`from`,`name`,`to`,`message`,`status`,`to_id`,`created_at`,`updated_at`) values (1,'sajjadkharrazi@gmai.com',NULL,'1','Salam khaste nabshid! ridid',0,NULL,'2015-07-09 21:16:26','2015-07-09 21:16:26'),(3,'ms.kharrazi@gmail.com',NULL,'1','Salam Sajjad Kharrazi Hastam Az Islamic Repiblic of IRAN!',0,NULL,'2015-07-09 21:16:26','2015-07-10 11:09:57'),(15,'ahmad@kharrazi.ir',NULL,'1','The Paginator class implements the Illuminate\\Contracts\\Support\\JsonableInterface contract and exposes the toJson method. You may also convert a Paginator instance to JSON by returning it from a route. The JSON\'d form of the instance will include some \"meta\" information such as total, current_page, and last_page. The instance\'s data will be available via the data key in the JSON array.\r\nThe Paginator class implements the Illuminate\\Contracts\\Support\\JsonableInterface contract and exposes the toJson method. You may also convert a Paginator instance to JSON by returning it from a route. The JSON\'d form of the instance will include some \"meta\" information such as total, current_page, and last_page. The instance\'s data will be available via the data key in the JSON array.\r\nThe Paginator class implements the Illuminate\\Contracts\\Support\\JsonableInterface contract and exposes the toJson method. You may also convert a Paginator instance to JSON by returning it from a route. The JSON\'d form of the instance will include some \"meta\" information such as total, current_page, and last_page. The instance\'s data will be available via the data key in the JSON array.',1,NULL,'2015-07-10 09:39:04','2015-07-18 16:07:22'),(16,'techniconline@yahoo.ir',NULL,'1','sdfsdfds',0,NULL,'2015-07-10 13:45:05','2015-07-10 13:45:05'),(17,'techniconline@yahoo.com',NULL,'2','dfgdfg',0,NULL,'2015-07-10 13:59:13','2015-07-10 13:59:13'),(18,'1',NULL,'ahmad@kharrazi.ir','kjlhkjk ughkjk',2,15,'2015-07-18 16:07:21','2015-07-18 16:07:21');

/*Table structure for table `content_categories` */

DROP TABLE IF EXISTS `content_categories`;

CREATE TABLE `content_categories` (
  `id` int(10) unsigned NOT NULL AUTO_INCREMENT,
  `content_id` int(10) NOT NULL,
  `categories_id` int(11) NOT NULL,
  `created_at` timestamp NOT NULL DEFAULT '0000-00-00 00:00:00',
  `updated_at` timestamp NOT NULL DEFAULT '0000-00-00 00:00:00',
  PRIMARY KEY (`id`)
) ENGINE=InnoDB AUTO_INCREMENT=90 DEFAULT CHARSET=utf8 COLLATE=utf8_unicode_ci;

/*Data for the table `content_categories` */

insert  into `content_categories`(`id`,`content_id`,`categories_id`,`created_at`,`updated_at`) values (5,27,40,'2015-10-13 07:17:39','2015-10-13 07:17:39'),(6,39,36,'2015-10-16 12:50:00','2015-10-16 12:50:00'),(7,40,36,'2015-10-16 12:52:22','2015-10-16 12:52:22'),(8,41,37,'2015-10-16 15:36:09','2015-10-16 15:36:09'),(9,42,37,'2015-10-16 15:36:53','2015-10-16 15:36:53'),(10,43,39,'2015-10-19 07:39:40','2015-10-19 07:39:40'),(11,45,40,'2015-10-19 07:44:51','2015-10-19 07:44:51'),(12,46,40,'2015-10-19 07:45:28','2015-10-19 07:45:28'),(13,47,40,'2015-10-19 12:18:25','2015-10-19 12:18:25'),(14,48,40,'2015-10-19 12:21:01','2015-10-19 12:21:01'),(15,49,40,'2015-10-19 12:24:27','2015-10-19 12:24:27'),(16,50,40,'2015-10-19 12:25:33','2015-10-19 12:25:33'),(17,51,40,'2015-10-19 12:26:25','2015-10-19 12:26:25'),(18,52,40,'2015-10-19 12:29:18','2015-10-19 12:29:18'),(19,53,40,'2015-10-19 12:31:36','2015-10-19 12:31:36'),(20,54,40,'2015-10-19 12:33:29','2015-10-19 12:33:29'),(22,55,40,'2015-10-19 12:40:53','2015-10-19 12:40:53'),(23,56,40,'2015-10-19 12:41:35','2015-10-19 12:41:35'),(24,58,40,'2015-10-19 12:43:51','2015-10-19 12:43:51'),(25,59,40,'2015-10-19 12:53:43','2015-10-19 12:53:43'),(26,60,40,'2015-10-19 12:54:18','2015-10-19 12:54:18'),(27,61,40,'2015-10-19 12:58:05','2015-10-19 12:58:05'),(28,62,40,'2015-10-19 13:00:49','2015-10-19 13:00:49'),(29,63,40,'2015-10-19 13:14:54','2015-10-19 13:14:54'),(30,64,40,'2015-10-19 13:15:33','2015-10-19 13:15:33'),(31,65,40,'2015-10-19 13:16:08','2015-10-19 13:16:08'),(32,66,40,'2015-10-19 13:16:45','2015-10-19 13:16:45'),(33,67,40,'2015-10-19 13:17:25','2015-10-19 13:17:25'),(34,68,40,'2015-10-19 13:18:03','2015-10-19 13:18:03'),(35,69,40,'2015-10-19 13:18:37','2015-10-19 13:18:37'),(36,70,40,'2015-10-19 13:19:40','2015-10-19 13:19:40'),(37,71,40,'2015-10-19 13:20:21','2015-10-19 13:20:21'),(38,72,40,'2015-10-19 13:21:03','2015-10-19 13:21:03'),(39,73,40,'2015-10-19 13:21:39','2015-10-19 13:21:39'),(40,74,40,'2015-10-19 13:22:46','2015-10-19 13:22:46'),(41,75,40,'2015-10-19 13:30:57','2015-10-19 13:30:57'),(42,76,40,'2015-10-19 13:31:33','2015-10-19 13:31:33'),(43,77,40,'2015-10-19 13:33:22','2015-10-19 13:33:22'),(44,78,40,'2015-10-19 13:36:03','2015-10-19 13:36:03'),(45,79,40,'2015-10-19 13:37:10','2015-10-19 13:37:10'),(46,80,40,'2015-10-19 13:37:44','2015-10-19 13:37:44'),(47,81,40,'2015-10-19 13:38:28','2015-10-19 13:38:28'),(48,82,40,'2015-10-19 13:39:23','2015-10-19 13:39:23'),(49,83,40,'2015-10-19 13:40:27','2015-10-19 13:40:27'),(50,84,40,'2015-10-19 13:41:10','2015-10-19 13:41:10'),(51,85,40,'2015-10-19 13:41:54','2015-10-19 13:41:54'),(52,86,40,'2015-10-19 13:42:31','2015-10-19 13:42:31'),(53,87,40,'2015-10-19 13:43:00','2015-10-19 13:43:00'),(54,88,40,'2015-10-19 13:43:35','2015-10-19 13:43:35'),(55,89,40,'2015-10-19 13:44:13','2015-10-19 13:44:13'),(56,90,40,'2015-10-19 13:45:10','2015-10-19 13:45:10'),(57,91,40,'2015-10-19 13:45:52','2015-10-19 13:45:52'),(59,93,40,'2015-10-19 13:47:14','2015-10-19 13:47:14'),(60,94,40,'2015-10-19 13:47:58','2015-10-19 13:47:58'),(61,95,40,'2015-10-19 18:55:41','2015-10-19 18:55:41'),(66,130,39,'2015-10-20 18:20:17','2015-10-20 18:20:17'),(69,131,39,'2015-10-20 18:24:40','2015-10-20 18:24:40'),(70,132,39,'2015-10-20 18:24:57','2015-10-20 18:24:57'),(73,92,40,'2015-10-20 19:37:39','2015-10-20 19:37:39'),(77,142,40,'2015-10-20 20:47:42','2015-10-20 20:47:42'),(78,32,41,'2015-10-26 10:30:16','2015-10-26 10:30:16'),(79,143,41,'2015-10-26 10:32:17','2015-10-26 10:32:17'),(82,129,36,'2015-10-27 23:20:28','2015-10-27 23:20:28'),(89,144,36,'2015-11-30 14:36:54','2015-11-30 14:36:54');

/*Table structure for table `contents` */

DROP TABLE IF EXISTS `contents`;

CREATE TABLE `contents` (
  `id` int(10) unsigned NOT NULL AUTO_INCREMENT,
  `type` enum('blog','news','static','index-list','weblog') COLLATE utf8_unicode_ci NOT NULL,
  `url` varchar(255) COLLATE utf8_unicode_ci NOT NULL,
  `image_content` varchar(255) COLLATE utf8_unicode_ci DEFAULT NULL,
  `extension` varchar(5) COLLATE utf8_unicode_ci DEFAULT 'jpg',
  `sort` int(10) DEFAULT '1',
  `author_id` int(11) NOT NULL,
  `employee_id` int(11) DEFAULT '0',
  `login` tinyint(4) NOT NULL DEFAULT '0',
  `status` int(11) NOT NULL,
  `created_at` timestamp NOT NULL DEFAULT '0000-00-00 00:00:00',
  `updated_at` timestamp NOT NULL DEFAULT '0000-00-00 00:00:00',
  PRIMARY KEY (`id`)
) ENGINE=InnoDB AUTO_INCREMENT=145 DEFAULT CHARSET=utf8 COLLATE=utf8_unicode_ci;

/*Data for the table `contents` */

insert  into `contents`(`id`,`type`,`url`,`image_content`,`extension`,`sort`,`author_id`,`employee_id`,`login`,`status`,`created_at`,`updated_at`) values (15,'news','لیفان-620-با-موتور-قویتر-1800-سی-سی',NULL,'jpg',1,1,1,0,1,'2015-10-19 12:24:27','2015-10-19 12:24:27'),(17,'news','رونمایی-کرمان-موتور-از-جک-S5',NULL,'jpg',1,1,1,0,1,'2015-10-19 12:18:25','2015-10-19 12:18:25'),(28,'news','اولین-تجربه-رانندگی-با-جک-J5-اتوماتیک',NULL,'jpg',1,1,1,0,1,'2015-10-19 12:33:29','2015-10-19 12:33:29'),(30,'news','نتایج-نظرسنجی-شماره-1',NULL,'jpg',1,1,1,0,1,'2015-10-19 12:40:35','2015-10-19 12:40:35'),(32,'news','شرایط-فروش-آبان-1394-محصولات-کرمان-موتور',NULL,'jpg',1,1,1,0,1,'2015-10-19 13:47:14','2015-10-26 10:30:16'),(33,'news','مقایسه-دو-خودروی-لیفان-X60-و-ام-وی-ام-X33',NULL,'jpg',1,1,1,0,1,'2015-10-19 12:41:35','2015-10-19 12:41:35'),(38,'news','تجربه-سفر-با-جک-جی-5-اتوماتیک---پارت-اول',NULL,'jpg',1,1,1,0,1,'2015-10-19 12:43:51','2015-10-19 12:43:51'),(39,'news','تجربه-سفر-با-جک-جی-5-اتوماتیک-پارت-دوم-و-سوم',NULL,'jpg',1,1,1,0,1,'2015-10-19 12:53:43','2015-10-19 12:53:43'),(40,'news','تجربه-سفر-با-جک-جی-5-اتوماتیک-قسمت-چهارم-و-پنجم',NULL,'jpg',1,1,1,0,1,'2015-10-19 12:54:18','2015-10-19 12:54:18'),(42,'news','آدرس-جدید-مرکز-امور-مشتریان-کرمان-موتور',NULL,'jpg',1,1,1,0,1,'2015-10-19 12:58:05','2015-10-19 12:58:05'),(44,'news','جک-در-نمایشگاه-خودرو-مشهد',NULL,'jpg',1,1,1,0,1,'2015-10-19 13:00:49','2015-10-19 13:00:49'),(45,'news','نمایشگاه-خودرو-مشهد-2',NULL,'jpg',1,1,1,0,1,'2015-10-19 13:14:54','2015-10-19 13:14:54'),(48,'news','نمایشگاه-خودرو-مشهد-3',NULL,'jpg',1,1,1,0,1,'2015-10-19 13:15:33','2015-10-19 13:15:33'),(51,'news','مقایسه-جی-5-اتوماتیک-و-کیا-سراتو-1600-اتوماتیک',NULL,'jpg',1,1,1,0,1,'2015-10-19 13:16:08','2015-10-19 13:16:08'),(52,'news','مصرف-سوخت-اتومبیل-را-چگونه-کاهش-دهیم؟',NULL,'jpg',1,1,1,0,1,'2015-10-19 13:16:45','2015-10-19 13:16:45'),(53,'news','تغییرات-فنی-در-سایت-نمایندگی-1732-کرمان-موتور-(به-روز-شده)',NULL,'jpg',1,1,1,0,1,'2015-10-19 13:17:25','2015-10-19 13:17:25'),(54,'news','افتتاح-بخش-مقایسه-اطلاعات-فنی-خودروها-(به-روز-شده)',NULL,'jpg',1,1,1,0,1,'2015-10-19 13:18:03','2015-10-19 13:18:03'),(55,'news','معرفی-کلاس-خودرو-ها---بخش-اول',NULL,'jpg',1,1,1,0,1,'2015-10-19 13:18:37','2015-10-19 13:18:37'),(58,'news','چگونه-باتری-به-باتری-کنیم؟',NULL,'jpg',1,1,1,0,1,'2015-10-19 13:19:40','2015-10-19 13:19:40'),(59,'news','بررسی-نحوه-عملکرد-کیسه‌هوا-در-خودرو',NULL,'jpg',1,1,1,0,1,'2015-10-19 13:20:20','2015-10-19 13:20:20'),(60,'news','نکاتی-که-باید-هنگام-خرید-خودرو-باید-بدانیم---1',NULL,'jpg',1,1,1,0,1,'2015-10-19 13:21:03','2015-10-19 13:21:03'),(61,'news','نکات-مهم-هنگام-تحویل-گرفتن-خودروهای-صفر-و-کارکرده',NULL,'jpg',1,1,1,0,1,'2015-10-19 13:21:39','2015-10-19 13:21:39'),(63,'news','پیش-فروش-و-فروش-ویژه-جک-اس-5---مهر-1394',NULL,'jpg',1,1,1,0,1,'2015-10-19 13:46:40','2015-10-19 13:46:40'),(65,'news','تجربه-رانندگی-با-جک-اس-5---خودروبانک',NULL,'jpg',1,1,1,0,1,'2015-10-19 13:22:46','2015-10-19 13:22:46'),(66,'news','لیفان-820-–-محصول-آینده-کرمان-موتور',NULL,'jpg',1,1,1,0,1,'2015-10-19 13:30:57','2015-10-19 13:30:57'),(69,'news','S5-تلفیقی-از-هیوندای-و-آئودی',NULL,'jpg',1,1,1,0,1,'2015-10-19 13:31:33','2015-10-19 13:31:33'),(70,'news','خط-تولید-خودرو-S5-راه‌اندازی-شد',NULL,'jpg',1,1,1,0,1,'2015-10-19 13:36:03','2015-10-19 13:36:03'),(73,'news','تصاویر-آپشن-های-جدید-جک-جی-5',NULL,'jpg',1,1,1,0,1,'2015-10-19 13:37:10','2015-10-19 13:37:10'),(75,'news','تجربه-سفر-با-جی۵-اتوماتیک',NULL,'jpg',1,1,1,0,1,'2015-10-19 13:37:44','2015-10-19 13:37:44'),(76,'news','گزارش-بررسي-خودروي-ليفان-820-در-مجله-دنياي-خودرو',NULL,'jpg',1,1,1,0,1,'2015-10-19 13:38:28','2015-10-19 13:38:28'),(77,'news','رونمایی-از-لیفان-ایکس-80-در-نمایشگاه-خودروی-شانگهای',NULL,'jpg',1,1,1,0,1,'2015-10-19 13:39:23','2015-10-19 13:39:23'),(78,'news','فروش-لیفان-ایکس-60-سفارش-مدیران',NULL,'jpg',1,1,1,0,1,'2015-10-19 13:40:27','2015-10-19 13:40:27'),(81,'news','گزارش-کیفی-خودروهای-داخلی-در-سال-1394',NULL,'jpg',1,1,1,0,1,'2015-10-19 13:41:10','2015-10-19 13:41:10'),(83,'news','مقایسه-مشخصات-جک-جی5-با-برلیانس-H330',NULL,'jpg',1,1,1,0,1,'2015-10-19 13:41:54','2015-10-19 13:41:54'),(84,'news','نخستین-آزمایش-فنی-لیفان-X50',NULL,'jpg',1,1,1,0,1,'2015-10-19 13:42:31','2015-10-19 13:42:31'),(85,'news','فروش-ویژه-محصولات-لیفان-نمایندگی-1732-کرمان-موتور',NULL,'jpg',1,1,1,0,1,'2015-10-19 13:47:58','2015-10-19 13:47:58'),(86,'news','اولین-تجربه-رانندگی-با-کراس-اوور-کوچک-لیفان-X50',NULL,'jpg',1,1,1,0,1,'2015-10-19 18:55:41','2015-10-19 18:55:41'),(87,'news','جدیدترین-محصولات-کرمان‌موتور-در-نمایشگاه-بین‌المللی-شیراز',NULL,'jpg',1,1,1,0,1,'2015-10-19 13:43:00','2015-10-19 13:43:00'),(89,'news','ارزان‌ترین-خودرو-شاسی‌بلند-به-بازار-می‌آید',NULL,'jpg',1,1,1,0,1,'2015-10-19 13:43:35','2015-10-19 13:43:35'),(90,'news','پیش-فروش-و-فروش-ویژه-لیفان-X50---مرداد-1394',NULL,'jpg',1,1,1,0,1,'2015-10-19 13:45:52','2015-10-19 13:45:52'),(91,'news','فعالیت-مدیریت-در-سایت-نمایندگی',NULL,'jpg',1,1,1,0,1,'2015-10-19 13:44:13','2015-10-19 13:44:13'),(92,'news','شرایط-فروش-ویژه-لیفان-820',NULL,'jpg',1,1,1,0,1,'2015-10-19 13:45:10','2015-10-19 13:45:10'),(123,'blog','sport',NULL,'jpg',1,1,1,0,1,'2015-07-03 12:21:29','2015-07-03 12:21:29'),(129,'static','ContactUs_HomePage_Top',NULL,'jpg',1,1,1,0,1,'2015-08-29 17:13:11','2015-08-29 17:13:11'),(130,'index-list','cnt-1','/uploads/images/image_content/130/','jpg',10,1,1,0,1,'2015-09-09 17:56:53','2015-10-20 17:54:24'),(131,'index-list','cnt-2','/uploads/images/image_content/131/','jpg',1,1,1,0,1,'2015-09-09 18:00:08','2015-10-20 17:59:59'),(132,'index-list','cnt-3','/uploads/images/image_content/132/','jpg',1,1,1,0,1,'2015-09-09 18:02:29','2015-10-20 18:00:42'),(133,'index-list','cnt-4','/uploads/images/image_content/33/','jpg',1,1,1,0,0,'2015-09-09 18:03:27','2015-10-20 18:23:55'),(140,'weblog','برای-تست-بلاگ-2015-10-16-12-52-22','/uploads/images/image_content/weblog/40/','jpg',1,1,0,0,1,'2015-10-16 12:52:22','2015-10-16 12:52:22'),(141,'weblog','تست-دوم-بلاگ-2015-10-16-15-36-09',NULL,'jpg',1,1,0,0,2,'2015-10-16 15:36:09','2015-11-29 05:35:27'),(142,'static','ContactFooter','/uploads/images/image_content/weblog/42/','jpg',1,1,0,0,1,'2015-10-16 15:36:53','2015-10-20 20:44:16'),(143,'news','شرایط-فروش-اقساطی-ویژه-j5-اتوماتيک-طرح-50-50',NULL,'jpg',1,1,1,0,1,'2015-10-26 10:32:17','2015-10-26 10:32:17'),(144,'static','sideadvert',NULL,'jpg',1,1,1,0,1,'2015-11-29 20:41:24','2015-11-29 20:41:24');

/*Table structure for table `contents_lang` */

DROP TABLE IF EXISTS `contents_lang`;

CREATE TABLE `contents_lang` (
  `contents_id` int(11) NOT NULL,
  `lang_id` int(11) NOT NULL,
  `link_title` varchar(255) COLLATE utf8_unicode_ci NOT NULL,
  `browser_title` varchar(255) COLLATE utf8_unicode_ci NOT NULL,
  `body_title` text COLLATE utf8_unicode_ci NOT NULL,
  `short_content` text COLLATE utf8_unicode_ci,
  `body_content` text COLLATE utf8_unicode_ci NOT NULL,
  `tags` text COLLATE utf8_unicode_ci
) ENGINE=InnoDB DEFAULT CHARSET=utf8 COLLATE=utf8_unicode_ci;

/*Data for the table `contents_lang` */

insert  into `contents_lang`(`contents_id`,`lang_id`,`link_title`,`browser_title`,`body_title`,`short_content`,`body_content`,`tags`) values (123,1,'Sport [en]','Transferts, Arda Turan vers la Premier League','Barca seems to have withdrawn from Arda Turan folder, the middle of Atletico Madrid is now closer to the Premier League.',NULL,'<div><span>\"They say many things about me, but what is said is not correct,\" he&nbsp;told&nbsp;<a href=\"http://www.goal.com/fr/people/turkey/13669/arda-turan?ICID=TP_TST_28\" target=\"\" rel=\"\">Turan</a>&nbsp;on Twitter.&nbsp;Rumor has it, peddled by the Spanish media, wants the&nbsp;<a href=\"http://www.goal.com/fr/teams/spain/125/fc-barcelona?ICID=HP_TN_7_3_2\" target=\"\" rel=\"\">Barça</a>&nbsp;away from the Turkish community, which would be close to the Premier League.&nbsp;In effett, according to&nbsp;Cadena Ser&nbsp;, leaders Barça have postponed all negotiations beyond the July 18 date for presidential elections of the Catalan club, leaving the field to English clubs, including Chelsea, which would have the preference of the player.&nbsp;Meanwhile, Turan posted a video on his Facebook profile that seems to say goodbye to the fans of&nbsp;<a href=\"http://www.goal.com/fr/teams/spain/129/atletico-madrid?ICID=HP_TN_7_3_1\" target=\"\" rel=\"\">Atletico</a>&nbsp;.</span></div><div><br></div>',NULL),(123,3,'Sport [fr]','Transferts, Arda Turan vers la Premier League','Le Barça semble s\'être retiré du dossier Arda Turan, le milieu de l\'Atlético Madrid se rapproche désormais de la Premier League.',NULL,'<span>\"On dit beaucoup de choses à propos de moi, mais ce qui est dit n\'est pas correct\", a&nbsp;dit&nbsp;<a href=\"http://www.goal.com/fr/people/turkey/13669/arda-turan?ICID=TP_TST_28\" target=\"\" rel=\"\">Turan&nbsp;</a>sur Twitter. La rumeur, elle, colportée par les &nbsp;médias espagnols, veut que le&nbsp;<a href=\"http://www.goal.com/fr/teams/spain/125/fc-barcelona?ICID=HP_TN_7_3_2\" target=\"\" rel=\"\">Barça&nbsp;</a>s\'éloigne du milieu turc, lequel se rapprocherait de la Premier League. En effett, selon la&nbsp;Cadena Ser, les dirigeants du Barça ont reporté toute négociation au-delà du 18 juillet, date des élections présidentielles du club catalan, laissant le champs libre aux clubs anglais, notamment Chelsea, qui aurait la préférence du joueur. En attendant, Turan &nbsp;a posté une vidéo sur son profil Facebook qui semble dire au revoir aux fans de l\'<a href=\"http://www.goal.com/fr/teams/spain/129/atletico-madrid?ICID=HP_TN_7_3_1\" target=\"\" rel=\"\">Atletico</a>.</span><div><br></div>',NULL),(124,1,'test news','brwtitle 1','body news',NULL,'desc news<br>',NULL),(124,3,'test news','brwtitle','body news','تست','<p>desc news</p>\r\n','test,news,'),(125,1,'test news for users login[fr]','test news for users login[fr]','test news for users login[fr]',NULL,'test news for users login[fr] description<br>',NULL),(125,3,'test news for users login[fr]','test news for users login[fr]','test news for users login[fr]',NULL,'test news for users login[fr] description<br>',NULL),(129,1,'ارتباط با ما بالای صفحه اصلی','ContactUs_HomePage_Top','ContactUs_HomePage_Top','<p><br></p>','<i class=\"fa fa-phone\"></i>  تماس بگیرید: <span> 1-223-355-2214 </span>',''),(129,3,'ارتباط با ما بالای صفحه اصلی','ContactUs_HomePage_Top','ContactUs_HomePage_Top','<p><br></p>','<i class=\"fa fa-phone\"></i>  تماس بگیرید: <span> 1-223-355-2214 </span>',''),(130,1,'مطلب شماره 1','شماره 1','مطلب 1','مطلب شماره 1<br>مطلب شماره 1<br>مطلب شماره 1<br><br><br>','<p>مطلب شماره 1</p>\r\n\r\n<p>مطلب شماره 1</p>\r\n\r\n<p>مطلب شماره 1</p>\r\n\r\n<p>مطلب شماره 1</p>\r\n\r\n<p>مطلب شماره 1</p>\r\n\r\n<p>&nbsp;</p>\r\n',NULL),(130,3,'مطلب شماره 1','شماره 1','مطلب 1','<p>مطلب شماره 1<br>مطلب شماره 1<br>مطلب شماره 1<br><br><br></p>','<p>مطلب شماره 1</p>\r\n\r\n<p>مطلب شماره 1</p>\r\n\r\n<p>مطلب شماره 1</p>\r\n\r\n<p>مطلب شماره 1</p>\r\n\r\n<p>مطلب شماره 1</p>\r\n\r\n<p>&nbsp;</p>\r\n',''),(131,1,'مطلب شماره 2','شماره 2','مطلب 2','مطلب شماره 2<br>مطلب شماره 2 مطلب شماره 2<br>مطلب شماره 2<br><br><br><br>','<p>مطلب شماره 2</p>\r\n\r\n<p>مطلب شماره 2</p>\r\n\r\n<p>مطلب شماره 2</p>\r\n\r\n<p>مطلب شماره 2 مطلب شماره 2 مطلب شماره 2</p>\r\n\r\n<p>مطلب شماره 2 مطلب شماره 2</p>\r\n\r\n<p>&nbsp;</p>\r\n',NULL),(131,3,'مطلب شماره 2','شماره 2','مطلب 2','<p>مطلب شماره 2<br>مطلب شماره 2 مطلب شماره 2<br>مطلب شماره 2<br><br><br><br></p>','<p>مطلب شماره 2</p>\r\n\r\n<p>مطلب شماره 2</p>\r\n\r\n<p>مطلب شماره 2</p>\r\n\r\n<p>مطلب شماره 2 مطلب شماره 2 مطلب شماره 2</p>\r\n\r\n<p>مطلب شماره 2 مطلب شماره 2</p>\r\n\r\n<p>&nbsp;</p>\r\n',''),(132,1,'مطلب شماره 3','شماره 3','مطلب 3','مطلب شماره 3مطلب شماره 3<br>مطلب شماره 3<br>مطلب شماره 3<br><br><br><br>','<p>مطلب شماره 32</p>\r\n\r\n<p>مطلب شماره 2</p>\r\n\r\n<p>مطلب شماره 2مطلب شماره 2مطلب شماره 2مطلب شماره 2مطلب شماره 2</p>\r\n',NULL),(132,3,'مطلب شماره 3','شماره 3','مطلب 3','<p>مطلب شماره 3مطلب شماره 3<br>مطلب شماره 3<br>مطلب شماره 3<br><br><br><br></p>','<p>مطلب شماره 32</p>\r\n\r\n<p>مطلب شماره 2</p>\r\n\r\n<p>مطلب شماره 2مطلب شماره 2مطلب شماره 2مطلب شماره 2مطلب شماره 2</p>\r\n',''),(133,1,'مطلب شماره 4','مطلب 4','شماره 4','مطلب شماره 4 مطلب شماره 4<br>مطلب شماره 4<br><br><br>','<p>مطلب شماره 4</p>\r\n\r\n<p>مطلب شماره 4</p>\r\n\r\n<p>مطلب شماره 4مطلب شماره 4مطلب شماره 4مطلب شماره 4</p>\r\n\r\n<p>مطلب شماره 4مطلب شماره 4مطلب شماره 4</p>\r\n',NULL),(133,3,'مطلب شماره 4','مطلب 4','شماره 4','مطلب شماره 4 مطلب شماره 4<br>مطلب شماره 4<br><br><br>','<p>مطلب شماره 4</p>\r\n\r\n<p>مطلب شماره 4</p>\r\n\r\n<p>مطلب شماره 4مطلب شماره 4مطلب شماره 4مطلب شماره 4</p>\r\n\r\n<p>مطلب شماره 4مطلب شماره 4مطلب شماره 4</p>\r\n',NULL),(140,1,'برای تست بلاگ','برای-تست-بلاگ','برای-تست-بلاگ',NULL,'<p dir=\"rtl\">برای تست بلاگ است</p>\r\n\r\n<p dir=\"rtl\">برای تست بلاگ است</p>\r\n','برای,تست,بلاگ'),(140,3,'برای تست بلاگ','برای-تست-بلاگ','برای-تست-بلاگ',NULL,'<p dir=\"rtl\">برای تست بلاگ است</p>\r\n\r\n<p dir=\"rtl\">برای تست بلاگ است</p>\r\n','برای,تست,بلاگ'),(141,1,'تست دوم بلاگ','تست دوم بلاگ','تست دوم بلاگ',NULL,'<p dir=\"rtl\">برای تست</p>\r\n\r\n<p dir=\"rtl\">تست متن</p>\r\n','تست,دوم,بلاگ'),(141,3,'تست دوم بلاگ','تست دوم بلاگ','تست دوم بلاگ','<p><br></p>','<p dir=\"rtl\">برای تست</p>\r\n\r\n<p dir=\"rtl\">تست متن</p>\r\n','تست,دوم,بلاگ'),(142,1,'برای تست بلاگ 222','برای تست بلاگ 222','برای تست بلاگ 222',NULL,'<p dir=\"rtl\">برای تست</p>\r\n','برای,تست,بلاگ,222'),(142,3,'ContactFooter','ContactFooter','ContactFooter','<p><br></p>','<aside class=\"widget widget_text\">\r\n<h3 class=\"widget-title\">تماس <span class=\"wlast\"> با ما </span><span class=\"small-line\"> </span></h3>\r\n\r\n<p class=\"persia\"><i class=\"fa fa-phone\"></i><span>تلفن:</span> 3 - 88618650 21+</p>\r\n\r\n<p class=\"persia\"><i class=\"fa fa-print\"></i><span>فکس:</span> 88618650 21+</p>\r\n\r\n<p><i class=\"fa fa-envelope\"></i><span>پست الکترونیک:</span> <a href=\"#\">info@1732.ir</a></p>\r\n\r\n<p class=\"persia\"><i class=\"fa fa-location-arrow\"></i> <span>تهران، ونک، ملاصدرا، شیراز شمالی، دانشور شرقی، پلاک 26، طبقه هفتم، واحد E7 </span></p>\r\n</aside>\r\n','contactfooter'),(47,1,'رونمایی کرمان موتور از جک S5','رونمایی کرمان موتور از جک S5','رونمایی کرمان موتور از جک S5','<p style=\"text-align: center;\">&lt;p&gt;اگر به ظاهر S5 نگاهی بیندازید متوجه می شوید که اگرچه این خودرو از نظر ظاهری بسیار بهتر از هم وطنی های خود مانند X60 است ولی هنوز رگه هایی از طراحی دیگر خودروهای معروف جهان در آن دیده می شود. به طور مثال اگر به صورت متمایل از روبرو به خودرو نگاهی بیندازید، فرم جلو پنجره، چراغ ها، خطوط کناری روی بدنه و طراحی شیشه های کناری سریعا هیوندای ix35 را در ذهن تداعی می کند. همچنین در داخل خودرو و در قسمت کنسول میانی این موضوع نیز تکرار شده و می توانید نمونه چینی شده توسان را مشاهده کنید. اما با تمامی این اوصاف، روی هم رفته طراحی جک S5 نسبت به دیگر محصولات این کمپانی مانند جک توجوی، که هم اکنون در بازار موجود می باشد، بسیار بهتر شده که احتمالا می تواند در فروش آن نیز تاثیرگذار باشد.&lt;/p&gt;<br>&lt;p&gt;جک S5 با پیشرانه های 2 و 1.8 لیتری به بازارهای جهانی عرضه شده که گویا کرمان موتور قصد دارد نمونه 2 لیتری آن را وارد بازار کند. در این پیشرانه و به کمک گیربکس 6 سرعته دستی حداکثر 174 اسب بخار در 5200 دور در دقیقه و 235 نیوتن متر در 2000 هزار تا 4000 دور در دقیقه تولید می شود. این خودرو مجهز به توربوشارژر است و حداکثر سرعت آن به 180 کیلومتر در ساعت می رسد.&lt;/p&gt;<br>&lt;p&gt;از نظر ابعاد و اندازه S5 دقیقا 4430 میلیمتر طول، 1840 میلیمتر عرض و 1660 میلیمتر ارتفاع دارد و وزن این خودرو نیز 1505 کیلوگرم است. یعنی S5 کمی طویل تر از هیوندای توسان است اما در عین حال کمی سبک تر از آن می باشد.&lt;/p&gt;<br>&lt;p&gt;هنوز معلوم نیست کرمان موتور قصد دارد چه امکاناتی را روی این شاسی بلند چینی نصب کند اما احتمالا باید منتظر تجهیزاتی مانند سنسور نور، چراغ های مه شکن در جلو و عقب، دو خروجی اگزوز و سنسور پارک در عقب باشیم.&lt;/p&gt;<br>&lt;p&gt;کرمان موتور در مورد قیمت این خودرو هنوز اطلاعیه ای را منتشر نکرده است اما اگر بخواهیم محدوده قیمت آن را مشخص کنیم احتمالا کمی از لیفان X60 گران تر خواهد بود یعنی باید منتظر قیمتی در حدود 70 تا 80 میلیون تومان برای جک S5 باشیم.&lt;/p&gt;<br>&lt;p&gt;&amp;nbsp;&lt;/p&gt;<br>&lt;p&gt;بروزرسانی در 9 آبان: طی تماسی که با شرکت کرمان موتور داشتیم مشخصات فنی و تجهیزاتی که قرار است روی این خودرو نصب شود برای ما ارسال شد که بر طبق آن قرار است روی جک S5 امکاناتی نظیر سانروف، آینه&amp;zwnj;های جانبی برقی همراه با گرمکن، روشن شدن خودکار چراغ&amp;zwnj;های جلو، چراغ&amp;zwnj;های مه&amp;zwnj;شکن جلو و عقب، چراغ ترمز سوم، چراغ&amp;zwnj;های عقب LED، تنظیم ارتفاع نور چراغ&amp;zwnj;های جلو برقی، کامپیوتر سفری، صندلی چرمی، پوشش چرمی فرمان، کاور موتور، تنظیم ارتفاع صندلی راننده، تنظیم صندلی راننده در 6 جهت و کمک راننده در چهار جهت، سیستم صد سرقت، ترمزهای ABS، EBD، EBA، سیستم کنترل کشش TCS، سیستم پایداری الکترونیکی ESP، سیستم کنترل سرعت در سرپایینی HDC، سیستم کنترل ایستایی در سربالایی HAC، دو کیسه هوا، اخطار دهنده باد چرخ&amp;zwnj;ها، فرمان الکتریکی، تنظیم فرمان در دو جهت، تهویه مطبوع، سنسور دنده عقب، سیستم صوتی MP3 با خروجی AUX، iPod، USB، بلوتوث، 6 بلندگو، آنتن شیشه&amp;zwnj;ای قفل ایمنی کودک، سیستم ISOFIX، رینگ&amp;zwnj;های 17 اینچی روی آن نصب شود.&lt;/p&gt;[thumb]http://www.kermanmotor1732.com/uploads/posts/1417375505_page_37793_8_img_0401.jpg[/thumb]</p><p style=\"text-align: center;\">&nbsp;</p><p style=\"text-align: right;\">کرمان موتور در نمایشگاه خودروی تبریز از یک شاسی بلند جدید رونمایی کرده و این بار نیز به سراغ شریک چینی خود یعنی شرکت جک (JAC) رفته است. جک S5 نام خودرویی است که قرار است به زودی توسط این خودروساز داخلی وارد بازار بشود و به شاسی بلندهای چینی بازار تنوع بیشتری بدهد.</p>','<p>اگر به ظاهر S5 نگاهی بیندازید متوجه می شوید که اگرچه این خودرو از نظر ظاهری بسیار بهتر از هم وطنی های خود مانند X60 است ولی هنوز رگه هایی از طراحی دیگر خودروهای معروف جهان در آن دیده می شود. به طور مثال اگر به صورت متمایل از روبرو به خودرو نگاهی بیندازید، فرم جلو پنجره، چراغ ها، خطوط کناری روی بدنه و طراحی شیشه های کناری سریعا هیوندای ix35 را در ذهن تداعی می کند. همچنین در داخل خودرو و در قسمت کنسول میانی این موضوع نیز تکرار شده و می توانید نمونه چینی شده توسان را مشاهده کنید. اما با تمامی این اوصاف، روی هم رفته طراحی جک S5 نسبت به دیگر محصولات این کمپانی مانند جک توجوی، که هم اکنون در بازار موجود می باشد، بسیار بهتر شده که احتمالا می تواند در فروش آن نیز تاثیرگذار باشد.</p>\r\n\r\n<p>جک S5 با پیشرانه های 2 و 1.8 لیتری به بازارهای جهانی عرضه شده که گویا کرمان موتور قصد دارد نمونه 2 لیتری آن را وارد بازار کند. در این پیشرانه و به کمک گیربکس 6 سرعته دستی حداکثر 174 اسب بخار در 5200 دور در دقیقه و 235 نیوتن متر در 2000 هزار تا 4000 دور در دقیقه تولید می شود. این خودرو مجهز به توربوشارژر است و حداکثر سرعت آن به 180 کیلومتر در ساعت می رسد.</p>\r\n\r\n<p>از نظر ابعاد و اندازه S5 دقیقا 4430 میلیمتر طول، 1840 میلیمتر عرض و 1660 میلیمتر ارتفاع دارد و وزن این خودرو نیز 1505 کیلوگرم است. یعنی S5 کمی طویل تر از هیوندای توسان است اما در عین حال کمی سبک تر از آن می باشد.</p>\r\n\r\n<p>هنوز معلوم نیست کرمان موتور قصد دارد چه امکاناتی را روی این شاسی بلند چینی نصب کند اما احتمالا باید منتظر تجهیزاتی مانند سنسور نور، چراغ های مه شکن در جلو و عقب، دو خروجی اگزوز و سنسور پارک در عقب باشیم.</p>\r\n\r\n<p>کرمان موتور در مورد قیمت این خودرو هنوز اطلاعیه ای را منتشر نکرده است اما اگر بخواهیم محدوده قیمت آن را مشخص کنیم احتمالا کمی از لیفان X60 گران تر خواهد بود یعنی باید منتظر قیمتی در حدود 70 تا 80 میلیون تومان برای جک S5 باشیم.</p>\r\n\r\n<p>&nbsp;</p>\r\n\r\n<p>بروزرسانی در 9 آبان: طی تماسی که با شرکت کرمان موتور داشتیم مشخصات فنی و تجهیزاتی که قرار است روی این خودرو نصب شود برای ما ارسال شد که بر طبق آن قرار است روی جک S5 امکاناتی نظیر سانروف، آینه&zwnj;های جانبی برقی همراه با گرمکن، روشن شدن خودکار چراغ&zwnj;های جلو، چراغ&zwnj;های مه&zwnj;شکن جلو و عقب، چراغ ترمز سوم، چراغ&zwnj;های عقب LED، تنظیم ارتفاع نور چراغ&zwnj;های جلو برقی، کامپیوتر سفری، صندلی چرمی، پوشش چرمی فرمان، کاور موتور، تنظیم ارتفاع صندلی راننده، تنظیم صندلی راننده در 6 جهت و کمک راننده در چهار جهت، سیستم صد سرقت، ترمزهای ABS، EBD، EBA، سیستم کنترل کشش TCS، سیستم پایداری الکترونیکی ESP، سیستم کنترل سرعت در سرپایینی HDC، سیستم کنترل ایستایی در سربالایی HAC، دو کیسه هوا، اخطار دهنده باد چرخ&zwnj;ها، فرمان الکتریکی، تنظیم فرمان در دو جهت، تهویه مطبوع، سنسور دنده عقب، سیستم صوتی MP3 با خروجی AUX، iPod، USB، بلوتوث، 6 بلندگو، آنتن شیشه&zwnj;ای قفل ایمنی کودک، سیستم ISOFIX، رینگ&zwnj;های 17 اینچی روی آن نصب شود.</p>\r\n','محصولات جک, جک اس 5, خودرو jac, توجوی, جک اس5, جک شاسی بلند, جک اس5, اس 5 کرمان موتور, کرمان خودرو'),(47,3,'رونمایی کرمان موتور از جک S5','رونمایی کرمان موتور از جک S5','رونمایی کرمان موتور از جک S5','<p style=\"text-align: center;\">&lt;p&gt;اگر به ظاهر S5 نگاهی بیندازید متوجه می شوید که اگرچه این خودرو از نظر ظاهری بسیار بهتر از هم وطنی های خود مانند X60 است ولی هنوز رگه هایی از طراحی دیگر خودروهای معروف جهان در آن دیده می شود. به طور مثال اگر به صورت متمایل از روبرو به خودرو نگاهی بیندازید، فرم جلو پنجره، چراغ ها، خطوط کناری روی بدنه و طراحی شیشه های کناری سریعا هیوندای ix35 را در ذهن تداعی می کند. همچنین در داخل خودرو و در قسمت کنسول میانی این موضوع نیز تکرار شده و می توانید نمونه چینی شده توسان را مشاهده کنید. اما با تمامی این اوصاف، روی هم رفته طراحی جک S5 نسبت به دیگر محصولات این کمپانی مانند جک توجوی، که هم اکنون در بازار موجود می باشد، بسیار بهتر شده که احتمالا می تواند در فروش آن نیز تاثیرگذار باشد.&lt;/p&gt;<br>&lt;p&gt;جک S5 با پیشرانه های 2 و 1.8 لیتری به بازارهای جهانی عرضه شده که گویا کرمان موتور قصد دارد نمونه 2 لیتری آن را وارد بازار کند. در این پیشرانه و به کمک گیربکس 6 سرعته دستی حداکثر 174 اسب بخار در 5200 دور در دقیقه و 235 نیوتن متر در 2000 هزار تا 4000 دور در دقیقه تولید می شود. این خودرو مجهز به توربوشارژر است و حداکثر سرعت آن به 180 کیلومتر در ساعت می رسد.&lt;/p&gt;<br>&lt;p&gt;از نظر ابعاد و اندازه S5 دقیقا 4430 میلیمتر طول، 1840 میلیمتر عرض و 1660 میلیمتر ارتفاع دارد و وزن این خودرو نیز 1505 کیلوگرم است. یعنی S5 کمی طویل تر از هیوندای توسان است اما در عین حال کمی سبک تر از آن می باشد.&lt;/p&gt;<br>&lt;p&gt;هنوز معلوم نیست کرمان موتور قصد دارد چه امکاناتی را روی این شاسی بلند چینی نصب کند اما احتمالا باید منتظر تجهیزاتی مانند سنسور نور، چراغ های مه شکن در جلو و عقب، دو خروجی اگزوز و سنسور پارک در عقب باشیم.&lt;/p&gt;<br>&lt;p&gt;کرمان موتور در مورد قیمت این خودرو هنوز اطلاعیه ای را منتشر نکرده است اما اگر بخواهیم محدوده قیمت آن را مشخص کنیم احتمالا کمی از لیفان X60 گران تر خواهد بود یعنی باید منتظر قیمتی در حدود 70 تا 80 میلیون تومان برای جک S5 باشیم.&lt;/p&gt;<br>&lt;p&gt;&amp;nbsp;&lt;/p&gt;<br>&lt;p&gt;بروزرسانی در 9 آبان: طی تماسی که با شرکت کرمان موتور داشتیم مشخصات فنی و تجهیزاتی که قرار است روی این خودرو نصب شود برای ما ارسال شد که بر طبق آن قرار است روی جک S5 امکاناتی نظیر سانروف، آینه&amp;zwnj;های جانبی برقی همراه با گرمکن، روشن شدن خودکار چراغ&amp;zwnj;های جلو، چراغ&amp;zwnj;های مه&amp;zwnj;شکن جلو و عقب، چراغ ترمز سوم، چراغ&amp;zwnj;های عقب LED، تنظیم ارتفاع نور چراغ&amp;zwnj;های جلو برقی، کامپیوتر سفری، صندلی چرمی، پوشش چرمی فرمان، کاور موتور، تنظیم ارتفاع صندلی راننده، تنظیم صندلی راننده در 6 جهت و کمک راننده در چهار جهت، سیستم صد سرقت، ترمزهای ABS، EBD، EBA، سیستم کنترل کشش TCS، سیستم پایداری الکترونیکی ESP، سیستم کنترل سرعت در سرپایینی HDC، سیستم کنترل ایستایی در سربالایی HAC، دو کیسه هوا، اخطار دهنده باد چرخ&amp;zwnj;ها، فرمان الکتریکی، تنظیم فرمان در دو جهت، تهویه مطبوع، سنسور دنده عقب، سیستم صوتی MP3 با خروجی AUX، iPod، USB، بلوتوث، 6 بلندگو، آنتن شیشه&amp;zwnj;ای قفل ایمنی کودک، سیستم ISOFIX، رینگ&amp;zwnj;های 17 اینچی روی آن نصب شود.&lt;/p&gt;[thumb]http://www.kermanmotor1732.com/uploads/posts/1417375505_page_37793_8_img_0401.jpg[/thumb]</p><p style=\"text-align: center;\">&nbsp;</p><p style=\"text-align: right;\">کرمان موتور در نمایشگاه خودروی تبریز از یک شاسی بلند جدید رونمایی کرده و این بار نیز به سراغ شریک چینی خود یعنی شرکت جک (JAC) رفته است. جک S5 نام خودرویی است که قرار است به زودی توسط این خودروساز داخلی وارد بازار بشود و به شاسی بلندهای چینی بازار تنوع بیشتری بدهد.</p>','<p>اگر به ظاهر S5 نگاهی بیندازید متوجه می شوید که اگرچه این خودرو از نظر ظاهری بسیار بهتر از هم وطنی های خود مانند X60 است ولی هنوز رگه هایی از طراحی دیگر خودروهای معروف جهان در آن دیده می شود. به طور مثال اگر به صورت متمایل از روبرو به خودرو نگاهی بیندازید، فرم جلو پنجره، چراغ ها، خطوط کناری روی بدنه و طراحی شیشه های کناری سریعا هیوندای ix35 را در ذهن تداعی می کند. همچنین در داخل خودرو و در قسمت کنسول میانی این موضوع نیز تکرار شده و می توانید نمونه چینی شده توسان را مشاهده کنید. اما با تمامی این اوصاف، روی هم رفته طراحی جک S5 نسبت به دیگر محصولات این کمپانی مانند جک توجوی، که هم اکنون در بازار موجود می باشد، بسیار بهتر شده که احتمالا می تواند در فروش آن نیز تاثیرگذار باشد.</p>\r\n\r\n<p>جک S5 با پیشرانه های 2 و 1.8 لیتری به بازارهای جهانی عرضه شده که گویا کرمان موتور قصد دارد نمونه 2 لیتری آن را وارد بازار کند. در این پیشرانه و به کمک گیربکس 6 سرعته دستی حداکثر 174 اسب بخار در 5200 دور در دقیقه و 235 نیوتن متر در 2000 هزار تا 4000 دور در دقیقه تولید می شود. این خودرو مجهز به توربوشارژر است و حداکثر سرعت آن به 180 کیلومتر در ساعت می رسد.</p>\r\n\r\n<p>از نظر ابعاد و اندازه S5 دقیقا 4430 میلیمتر طول، 1840 میلیمتر عرض و 1660 میلیمتر ارتفاع دارد و وزن این خودرو نیز 1505 کیلوگرم است. یعنی S5 کمی طویل تر از هیوندای توسان است اما در عین حال کمی سبک تر از آن می باشد.</p>\r\n\r\n<p>هنوز معلوم نیست کرمان موتور قصد دارد چه امکاناتی را روی این شاسی بلند چینی نصب کند اما احتمالا باید منتظر تجهیزاتی مانند سنسور نور، چراغ های مه شکن در جلو و عقب، دو خروجی اگزوز و سنسور پارک در عقب باشیم.</p>\r\n\r\n<p>کرمان موتور در مورد قیمت این خودرو هنوز اطلاعیه ای را منتشر نکرده است اما اگر بخواهیم محدوده قیمت آن را مشخص کنیم احتمالا کمی از لیفان X60 گران تر خواهد بود یعنی باید منتظر قیمتی در حدود 70 تا 80 میلیون تومان برای جک S5 باشیم.</p>\r\n\r\n<p>&nbsp;</p>\r\n\r\n<p>بروزرسانی در 9 آبان: طی تماسی که با شرکت کرمان موتور داشتیم مشخصات فنی و تجهیزاتی که قرار است روی این خودرو نصب شود برای ما ارسال شد که بر طبق آن قرار است روی جک S5 امکاناتی نظیر سانروف، آینه&zwnj;های جانبی برقی همراه با گرمکن، روشن شدن خودکار چراغ&zwnj;های جلو، چراغ&zwnj;های مه&zwnj;شکن جلو و عقب، چراغ ترمز سوم، چراغ&zwnj;های عقب LED، تنظیم ارتفاع نور چراغ&zwnj;های جلو برقی، کامپیوتر سفری، صندلی چرمی، پوشش چرمی فرمان، کاور موتور، تنظیم ارتفاع صندلی راننده، تنظیم صندلی راننده در 6 جهت و کمک راننده در چهار جهت، سیستم صد سرقت، ترمزهای ABS، EBD، EBA، سیستم کنترل کشش TCS، سیستم پایداری الکترونیکی ESP، سیستم کنترل سرعت در سرپایینی HDC، سیستم کنترل ایستایی در سربالایی HAC، دو کیسه هوا، اخطار دهنده باد چرخ&zwnj;ها، فرمان الکتریکی، تنظیم فرمان در دو جهت، تهویه مطبوع، سنسور دنده عقب، سیستم صوتی MP3 با خروجی AUX، iPod، USB، بلوتوث، 6 بلندگو، آنتن شیشه&zwnj;ای قفل ایمنی کودک، سیستم ISOFIX، رینگ&zwnj;های 17 اینچی روی آن نصب شود.</p>\r\n','محصولات جک, جک اس 5, خودرو jac, توجوی, جک اس5, جک شاسی بلند, جک اس5, اس 5 کرمان موتور, کرمان خودرو'),(14,1,'تست تصادف از لیفان X60','تست تصادف از لیفان X60','تست تصادف از لیفان X60','<p><br></p><p>دومین شاسی بلند چینی بازار ایران هم رونمایی شد. در پی موفقیت و استقبال گسترده از&nbsp;ام وی ام X33&nbsp;اینبار کرمان موتور محصولی از دومین خودروساز بزرگ چین را برای رقابت به بازار فرستاد. لیفان X60 گرچه پخته تر از ام وی ام (چری تیگو) به نظر می آید اما باید بهای بیشتری نیز برای آن پرداخت کنید.</p>\r\n<p>&nbsp;</p>\r\n<p style=\"text-align: center;\">[thumb]http://www.kermanmotor1732.com/uploads/posts/2013-07/1372798269_06.jpg[/thumb]</p>','<p>\r\n<video height=\"480\" preload=\"none\" src=\"http://host13.aparat.com//public/user_data/flv_video_new/257/81e38d68c833067fc2cbde71e4ed41c2768415.mp4\" style=\"display: block; margin-left: auto; margin-right: auto;\" width=\"640\"><object classid=\"clsid:d27cdb6e-ae6d-11cf-96b8-444553540000\" height=\"480\" style=\"display: block; margin-left: auto; margin-right: auto;\" width=\"640\"><param name=\"src\" value=\"http://www.kermanmotor1732.com/engine/editor/jscripts/tiny_mce/plugins/media/moxieplayer.swf\" /><param name=\"flashvars\" value=\"url=http%3A//host13.aparat.com//public/user_data/flv_video_new/257/81e38d68c833067fc2cbde71e4ed41c2768415.mp4&amp;poster=/\" /><param name=\"allowfullscreen\" value=\"true\" /><param name=\"allowscriptaccess\" value=\"true\" /><embed allowfullscreen=\"true\" allowscriptaccess=\"true\" flashvars=\"url=http%3A//host13.aparat.com//public/user_data/flv_video_new/257/81e38d68c833067fc2cbde71e4ed41c2768415.mp4&amp;poster=/\" height=\"480\" src=\"http://www.kermanmotor1732.com/engine/editor/jscripts/tiny_mce/plugins/media/moxieplayer.swf\" style=\"display: block; margin-left: auto; margin-right: auto;\" type=\"application/x-shockwave-flash\" width=\"640\"></embed></object></video>\r\n</p>\r\n','لیفان, نمایندگی 1732, لیفان ایکس60, جک 1800 سی سی, لیفان 1600 سی سی, تجهیزات خودرو, تست تصادف, تست رانندگی, آسیب دیدگی, فروش کرمان موتور, مرکز فروش کرمان موتور, کرمان خودرو, کرمان موتور, kerman'),(14,3,'تست تصادف از لیفان X60','تست تصادف از لیفان X60','تست تصادف از لیفان X60','<p><br></p><p>دومین شاسی بلند چینی بازار ایران هم رونمایی شد. در پی موفقیت و استقبال گسترده از&nbsp;ام وی ام X33&nbsp;اینبار کرمان موتور محصولی از دومین خودروساز بزرگ چین را برای رقابت به بازار فرستاد. لیفان X60 گرچه پخته تر از ام وی ام (چری تیگو) به نظر می آید اما باید بهای بیشتری نیز برای آن پرداخت کنید.</p>\r\n<p>&nbsp;</p>\r\n<p style=\"text-align: center;\">[thumb]http://www.kermanmotor1732.com/uploads/posts/2013-07/1372798269_06.jpg[/thumb]</p>','<p>\r\n<video height=\"480\" preload=\"none\" src=\"http://host13.aparat.com//public/user_data/flv_video_new/257/81e38d68c833067fc2cbde71e4ed41c2768415.mp4\" style=\"display: block; margin-left: auto; margin-right: auto;\" width=\"640\"><object classid=\"clsid:d27cdb6e-ae6d-11cf-96b8-444553540000\" height=\"480\" style=\"display: block; margin-left: auto; margin-right: auto;\" width=\"640\"><param name=\"src\" value=\"http://www.kermanmotor1732.com/engine/editor/jscripts/tiny_mce/plugins/media/moxieplayer.swf\" /><param name=\"flashvars\" value=\"url=http%3A//host13.aparat.com//public/user_data/flv_video_new/257/81e38d68c833067fc2cbde71e4ed41c2768415.mp4&amp;poster=/\" /><param name=\"allowfullscreen\" value=\"true\" /><param name=\"allowscriptaccess\" value=\"true\" /><embed allowfullscreen=\"true\" allowscriptaccess=\"true\" flashvars=\"url=http%3A//host13.aparat.com//public/user_data/flv_video_new/257/81e38d68c833067fc2cbde71e4ed41c2768415.mp4&amp;poster=/\" height=\"480\" src=\"http://www.kermanmotor1732.com/engine/editor/jscripts/tiny_mce/plugins/media/moxieplayer.swf\" style=\"display: block; margin-left: auto; margin-right: auto;\" type=\"application/x-shockwave-flash\" width=\"640\"></embed></object></video>\r\n</p>\r\n','لیفان, نمایندگی 1732, لیفان ایکس60, جک 1800 سی سی, لیفان 1600 سی سی, تجهیزات خودرو, تست تصادف, تست رانندگی, آسیب دیدگی, فروش کرمان موتور, مرکز فروش کرمان موتور, کرمان خودرو, کرمان موتور, kerman'),(15,1,'لیفان 620 با موتور قویتر 1800 سی سی','لیفان 620 با موتور قویتر 1800 سی سی','لیفان 620 با موتور قویتر 1800 سی سی','<p><u>​</u>کرمان موتور در ایران فروش لیفان 620 را با موتورهای جدید 1800 سی سی آغاز کرده و به تولید می رساند. موتور نمونه های استاندارد 1.6 لیتر حجم و 114 اسب بخار قدرت دارد. این در حالیست که تاکنون موتور 1.8 لیتری در تولیدات خود لیفان چین نیز روی این مدل مشاهده نشده است و لااقل در سایت این تولید کننده و سایر سایتها دیده نمی شود! در عوض مدل 720 دارای یک موتور 1.8 لیتری است که 131 اسب بخار نیرو و 168 نیوتن متر گشتاور تولید می کند.</p><p style=\"text-align: center;\">&nbsp;</p>','<p style=\"text-align: center;\"><img alt=\"لیفان 720\" src=\"http://www.kermanmotor1732.com/uploads/posts/1408537091_lifan-720.jpg\" title=\"لیفان 720\" /></p>\r\n\r\n<p>&nbsp;</p>\r\n\r\n<p>گیربکس نمونه چینی این خودرو 5 دنده دستی یا گیربکس اتوماتیک CVT است که جای خالی این نوع گیربکس در تولیدات داخلی آشکار است. ظاهرا کرمان موتور تصمیم گرفته بجای تولید مدل لوکستر و بزرگتر لیفان 720 که&nbsp; قیمتی برابر 12 هزار و 700 دلار دارد، از موتور آن در برادر کوچکتر آن استفاده کند (البته مدل 720 هم هنوز در خط تولید انبوه کارخانه چینی قرار نگرفته است).</p>\r\n\r\n<p>&nbsp;</p>\r\n\r\n<p style=\"text-align: center;\">&nbsp;</p>\r\n','لیفان, لیفان 620, جک 1800 سی سی, لیفان 720'),(15,3,'لیفان 620 با موتور قویتر 1800 سی سی','لیفان 620 با موتور قویتر 1800 سی سی','لیفان 620 با موتور قویتر 1800 سی سی','<p><u>​</u>کرمان موتور در ایران فروش لیفان 620 را با موتورهای جدید 1800 سی سی آغاز کرده و به تولید می رساند. موتور نمونه های استاندارد 1.6 لیتر حجم و 114 اسب بخار قدرت دارد. این در حالیست که تاکنون موتور 1.8 لیتری در تولیدات خود لیفان چین نیز روی این مدل مشاهده نشده است و لااقل در سایت این تولید کننده و سایر سایتها دیده نمی شود! در عوض مدل 720 دارای یک موتور 1.8 لیتری است که 131 اسب بخار نیرو و 168 نیوتن متر گشتاور تولید می کند.</p><p style=\"text-align: center;\">&nbsp;</p>','<p style=\"text-align: center;\"><img alt=\"لیفان 720\" src=\"http://www.kermanmotor1732.com/uploads/posts/1408537091_lifan-720.jpg\" title=\"لیفان 720\" /></p>\r\n\r\n<p>&nbsp;</p>\r\n\r\n<p>گیربکس نمونه چینی این خودرو 5 دنده دستی یا گیربکس اتوماتیک CVT است که جای خالی این نوع گیربکس در تولیدات داخلی آشکار است. ظاهرا کرمان موتور تصمیم گرفته بجای تولید مدل لوکستر و بزرگتر لیفان 720 که&nbsp; قیمتی برابر 12 هزار و 700 دلار دارد، از موتور آن در برادر کوچکتر آن استفاده کند (البته مدل 720 هم هنوز در خط تولید انبوه کارخانه چینی قرار نگرفته است).</p>\r\n\r\n<p>&nbsp;</p>\r\n\r\n<p style=\"text-align: center;\">&nbsp;</p>\r\n','لیفان, لیفان 620, جک 1800 سی سی, لیفان 720'),(16,1,'تست تجهیزات و تصادف لیفان 620','تست تجهیزات و تصادف لیفان 620','تست تجهیزات و تصادف لیفان 620','<p><u>​</u>کارشناسان نمایندگی ویدئو تست های مختلف از لیفان 620 برای شما فراهم آورده اند.</p><p>&nbsp;</p><p><object style=\"display: block; margin-left: auto; margin-right: auto;\" width=\"640\" height=\"360\" classid=\"clsid:d27cdb6e-ae6d-11cf-96b8-444553540000\"><param name=\"src\" value=\"http://host11.aparat.com//public/user_data/flv_video_new/197/87600d54540b3193e295f8bcf7d520c1588691.mp4\"><embed style=\"display: block; margin-left: auto; margin-right: auto;\" width=\"640\" height=\"360\" type=\"application/x-shockwave-flash\" src=\"http://host11.aparat.com//public/user_data/flv_video_new/197/87600d54540b3193e295f8bcf7d520c1588691.mp4\"></object></p>','<p>\r\n<video height=\"360\" preload=\"none\" src=\"http://host13.aparat.com//public/user_data/flv_video_new/227/85cf360b4ca633b631a0fc4dfecdbc18680366.mp4\" style=\"display: block; margin-left: auto; margin-right: auto;\" width=\"640\"><object classid=\"clsid:d27cdb6e-ae6d-11cf-96b8-444553540000\" height=\"360\" style=\"display: block; margin-left: auto; margin-right: auto;\" width=\"640\"><param name=\"src\" value=\"http://www.kermanmotor1732.com/engine/editor/jscripts/tiny_mce/plugins/media/moxieplayer.swf\" /><param name=\"flashvars\" value=\"url=http%3A//host13.aparat.com//public/user_data/flv_video_new/227/85cf360b4ca633b631a0fc4dfecdbc18680366.mp4&amp;poster=/\" /><param name=\"allowfullscreen\" value=\"true\" /><param name=\"allowscriptaccess\" value=\"true\" /><embed allowfullscreen=\"true\" allowscriptaccess=\"true\" flashvars=\"url=http%3A//host13.aparat.com//public/user_data/flv_video_new/227/85cf360b4ca633b631a0fc4dfecdbc18680366.mp4&amp;poster=/\" height=\"360\" src=\"http://www.kermanmotor1732.com/engine/editor/jscripts/tiny_mce/plugins/media/moxieplayer.swf\" style=\"display: block; margin-left: auto; margin-right: auto;\" type=\"application/x-shockwave-flash\" width=\"640\"></embed></object></video>\r\n</p>\r\n\r\n<p>&nbsp;</p>\r\n\r\n<p>\r\n<video height=\"360\" preload=\"none\" src=\"http://host11.aparat.com//public/user_data/flv_video_new/257/cb4f41e2329758d74e248bbc978ab504768413.mp4\" style=\"display: block; margin-left: auto; margin-right: auto;\" width=\"640\"><object classid=\"clsid:d27cdb6e-ae6d-11cf-96b8-444553540000\" height=\"360\" style=\"display: block; margin-left: auto; margin-right: auto;\" width=\"640\"><param name=\"src\" value=\"http://www.kermanmotor1732.com/engine/editor/jscripts/tiny_mce/plugins/media/moxieplayer.swf\" /><param name=\"flashvars\" value=\"url=http%3A//host11.aparat.com//public/user_data/flv_video_new/257/cb4f41e2329758d74e248bbc978ab504768413.mp4&amp;poster=/\" /><param name=\"allowfullscreen\" value=\"true\" /><param name=\"allowscriptaccess\" value=\"true\" /><embed allowfullscreen=\"true\" allowscriptaccess=\"true\" flashvars=\"url=http%3A//host11.aparat.com//public/user_data/flv_video_new/257/cb4f41e2329758d74e248bbc978ab504768413.mp4&amp;poster=/\" height=\"360\" src=\"http://www.kermanmotor1732.com/engine/editor/jscripts/tiny_mce/plugins/media/moxieplayer.swf\" style=\"display: block; margin-left: auto; margin-right: auto;\" type=\"application/x-shockwave-flash\" width=\"640\"></embed></object></video>\r\n</p>\r\n','لیفان, نمایندگی 1732, لیفان 620, جک 1800 سی سی, لیفان 1600 سی سی, تجهیزات خودرو, تست تصادف, تست رانندگی, آسیب دیدگی, فروش کرمان موتور, مرکز فروش کرمان موتور, کرمان خودرو, کرمان موتور, kerman mo'),(16,3,'تست تجهیزات و تصادف لیفان 620','تست تجهیزات و تصادف لیفان 620','تست تجهیزات و تصادف لیفان 620','<p><u>​</u>کارشناسان نمایندگی ویدئو تست های مختلف از لیفان 620 برای شما فراهم آورده اند.</p><p>&nbsp;</p><p><object style=\"display: block; margin-left: auto; margin-right: auto;\" width=\"640\" height=\"360\" classid=\"clsid:d27cdb6e-ae6d-11cf-96b8-444553540000\"><param name=\"src\" value=\"http://host11.aparat.com//public/user_data/flv_video_new/197/87600d54540b3193e295f8bcf7d520c1588691.mp4\"><embed style=\"display: block; margin-left: auto; margin-right: auto;\" width=\"640\" height=\"360\" type=\"application/x-shockwave-flash\" src=\"http://host11.aparat.com//public/user_data/flv_video_new/197/87600d54540b3193e295f8bcf7d520c1588691.mp4\"></object></p>','<p>\r\n<video height=\"360\" preload=\"none\" src=\"http://host13.aparat.com//public/user_data/flv_video_new/227/85cf360b4ca633b631a0fc4dfecdbc18680366.mp4\" style=\"display: block; margin-left: auto; margin-right: auto;\" width=\"640\"><object classid=\"clsid:d27cdb6e-ae6d-11cf-96b8-444553540000\" height=\"360\" style=\"display: block; margin-left: auto; margin-right: auto;\" width=\"640\"><param name=\"src\" value=\"http://www.kermanmotor1732.com/engine/editor/jscripts/tiny_mce/plugins/media/moxieplayer.swf\" /><param name=\"flashvars\" value=\"url=http%3A//host13.aparat.com//public/user_data/flv_video_new/227/85cf360b4ca633b631a0fc4dfecdbc18680366.mp4&amp;poster=/\" /><param name=\"allowfullscreen\" value=\"true\" /><param name=\"allowscriptaccess\" value=\"true\" /><embed allowfullscreen=\"true\" allowscriptaccess=\"true\" flashvars=\"url=http%3A//host13.aparat.com//public/user_data/flv_video_new/227/85cf360b4ca633b631a0fc4dfecdbc18680366.mp4&amp;poster=/\" height=\"360\" src=\"http://www.kermanmotor1732.com/engine/editor/jscripts/tiny_mce/plugins/media/moxieplayer.swf\" style=\"display: block; margin-left: auto; margin-right: auto;\" type=\"application/x-shockwave-flash\" width=\"640\"></embed></object></video>\r\n</p>\r\n\r\n<p>&nbsp;</p>\r\n\r\n<p>\r\n<video height=\"360\" preload=\"none\" src=\"http://host11.aparat.com//public/user_data/flv_video_new/257/cb4f41e2329758d74e248bbc978ab504768413.mp4\" style=\"display: block; margin-left: auto; margin-right: auto;\" width=\"640\"><object classid=\"clsid:d27cdb6e-ae6d-11cf-96b8-444553540000\" height=\"360\" style=\"display: block; margin-left: auto; margin-right: auto;\" width=\"640\"><param name=\"src\" value=\"http://www.kermanmotor1732.com/engine/editor/jscripts/tiny_mce/plugins/media/moxieplayer.swf\" /><param name=\"flashvars\" value=\"url=http%3A//host11.aparat.com//public/user_data/flv_video_new/257/cb4f41e2329758d74e248bbc978ab504768413.mp4&amp;poster=/\" /><param name=\"allowfullscreen\" value=\"true\" /><param name=\"allowscriptaccess\" value=\"true\" /><embed allowfullscreen=\"true\" allowscriptaccess=\"true\" flashvars=\"url=http%3A//host11.aparat.com//public/user_data/flv_video_new/257/cb4f41e2329758d74e248bbc978ab504768413.mp4&amp;poster=/\" height=\"360\" src=\"http://www.kermanmotor1732.com/engine/editor/jscripts/tiny_mce/plugins/media/moxieplayer.swf\" style=\"display: block; margin-left: auto; margin-right: auto;\" type=\"application/x-shockwave-flash\" width=\"640\"></embed></object></video>\r\n</p>\r\n','لیفان, نمایندگی 1732, لیفان 620, جک 1800 سی سی, لیفان 1600 سی سی, تجهیزات خودرو, تست تصادف, تست رانندگی, آسیب دیدگی, فروش کرمان موتور, مرکز فروش کرمان موتور, کرمان خودرو, کرمان موتور, kerman mo'),(22,1,'برقراری آدرس جدید سایت','برقراری آدرس جدید سایت','برقراری آدرس جدید سایت','<p><br></p>','<p>سلام بر بازدیدکنندگان گرامی.</p>\r\n\r\n<p>&nbsp;</p>\r\n\r\n<p>در جهت پیشبرد اهداف نمایندگی فروش 1732 کرمان موتور آدرس جدید برای دسترسی بیشتر برای بازدیدکنندگان فراهم گردید.پ</p>\r\n\r\n<p>&nbsp;</p>\r\n\r\n<p style=\"text-align: center;\"><a href=\"http://www.kerman-motor.com\" target=\"_blank\" title=\"KermanMotor1732\"><span style=\"font-size: large; color: #ff0000;\"><strong>KermanMotor1732.com</strong></span></a></p>\r\n','کرمان موتور, موتور جک, نمایندگی 1732, آئودی, کرمان خودرو, فروش کرمان موتور'),(22,3,'برقراری آدرس جدید سایت','برقراری آدرس جدید سایت','برقراری آدرس جدید سایت','<p><br></p>','<p>سلام بر بازدیدکنندگان گرامی.</p>\r\n\r\n<p>&nbsp;</p>\r\n\r\n<p>در جهت پیشبرد اهداف نمایندگی فروش 1732 کرمان موتور آدرس جدید برای دسترسی بیشتر برای بازدیدکنندگان فراهم گردید.پ</p>\r\n\r\n<p>&nbsp;</p>\r\n\r\n<p style=\"text-align: center;\"><a href=\"http://www.kerman-motor.com\" target=\"_blank\" title=\"KermanMotor1732\"><span style=\"font-size: large; color: #ff0000;\"><strong>KermanMotor1732.com</strong></span></a></p>\r\n','کرمان موتور, موتور جک, نمایندگی 1732, آئودی, کرمان خودرو, فروش کرمان موتور'),(28,1,'اولین تجربه رانندگی با جک J5 اتوماتیک','اولین تجربه رانندگی با جک J5 اتوماتیک','اولین تجربه رانندگی با جک J5 اتوماتیک','<p>​<img style=\"display: block; margin-left: auto; margin-right: auto;\" title=\"جک جی5 اتوماتیک 1800\" src=\"http://www.kermanmotor1732.com/uploads/posts/2014-06/1402819842_jac-j5-001_sale.jpg\" alt=\"جک جی5 اتوماتیک 1800\"></p><p>&nbsp;اتوماتیک های تازه وارد بازار ایران&nbsp;که میانه ‏رو‏ترین و مورد توجه ‏ترین شرکت‏ کنندگان در آن محصول جدید کرمان‏ موتور یعنی Jac j5 اتوماتیک با پیشرانه جدید 1.8 لیتری 141 اسب بخاری میتسوبیشی است‌. در حالی که تندر 90 اتوماتیک حدود 40 میلیون‏ تومان قیمت دارد و امگرند 7 در جایگاه 70 میلیونی‏ها تکیه زده‌، j5 اتوماتیک با توپ پر به بازار آمده تا اثبات کند با قیمت 55.9 میلیونی‏اش که در ایام مبارک دهه فجر تا 54.2 میلیون‏تومان نیز کاهش پیدا کرده، قرار نیست یک بازیگر ساده باشد! j5 لوبیای سحرآمیز کمپانی جک چین است که به نظر می رسد در خاک ایران خوب رشد کند . برای آنکه این مبارز جدید را بیشتر بشناسیم، تصمیم گرفتیم برای اولین‌بار در ایران به سراغش برویم و نخستین تجربه رانندگی با آن را همراه شما بازخوانی و بررسی کنیم .</p>','<p><strong>معرفی</strong></p>\r\n\r\n<p>&nbsp;</p>\r\n\r\n<p>نامش j5 است و چندان برای ما ایرانی&zwnj;ها غریبه نیست&zwnj;. j5 دومین عضو خانواده JAC چین است که به بازار ایران قدم گذاشته. این برند چینی بخش عمده&zwnj;ای از خوشنامی&zwnj;اش را مدیون خاطره خوب تعداد محدود J3&zwnj;های&zwnj; هاچ&zwnj;بکی است که به بازار عرضه شده&zwnj;اند&zwnj;. کیفیت قابل توجه محصولات این برند در کنار بهره&zwnj;گیری از پیشرانه میتسوبیشی و طراحی قابل توجه شرکت پینین&zwnj;فارینا ایتالیا از جمله اصلی&zwnj;ترین نقاط قوت جک&zwnj;ها در بازار ایران هستند&zwnj;. j5 ابتدا با پیشرانه 1.5 لیتری و گیربکس 5 سرعته دستی ایرانیان را با بزرگ&zwnj;ترین محصول جک چین آشنا کرد اما کرمانی&zwnj;ها که جای یک خودرو اتوماتیک را خالی می&zwnj;دیدند&zwnj;، نسخه اتوماتیک آن را برای عرضه به بازار ایران انتخاب کردند&zwnj;. j5 در نسخه اتوماتیک تفاوت&zwnj;های عمده&zwnj;ای با مدل دستی دارد و همین تفاوت&zwnj;ها موجب شده&zwnj;اند تا اختلاف قیمت مدل دستی 1.5 لیتری(44.2 میلیون&zwnj;تومان) و اتوماتیک 1.8 لیتری(55.9 میلیون&zwnj;تومان) به حدود 11 میلیون&zwnj;تومان برسد&zwnj;. پیش از ما ایرانی&zwnj;ها خود مردم چین اصلی&zwnj;ترین منتقدان صنعت خودرو&zwnj;سازی&zwnj;شان هستند که در مطالب تحلیلی و نظراتشان از JAC در کنار چند برند خودروسازی دیگر چینی به عنوان پرچمداران این صنعت یاد می کنند. JAC به&zwnj;تازگی در بین همه خودروسازان فعال در چین از جمله جنرال&zwnj;موتورز&zwnj;، فولکس واگن و&hellip; از نظر میزان تولید در سال 2013 موفق به کسب رتبه 22&zwnj;ام شد و تیراژ حدود 203هزار دستگاه را به ثبت رساند&zwnj;.&nbsp;</p>\r\n\r\n<p>j5 شخصیت متفاوتی نسبت به عمده خودرو&zwnj;های چینی دارد؛ شخصیتی که به&zwnj;سادگی نمی&zwnj;توان صفت کپی&zwnj;بودن را به آن نسبت داد. طراحی آن بر عهده شرکت پینین&zwnj;فارینا ایتالیا بوده است&zwnj;؛ شرکتی که تا&zwnj;کنون ده&zwnj;ها مدل مطرح فراری نظیر دینو&zwnj;، تستا&zwnj;روسا و چندین مدل فیات و&zwnj;&hellip; را در تاریخ ماندگار کرده است&zwnj;.</p>\r\n\r\n<p>&nbsp;</p>\r\n\r\n<p>شاید عده&zwnj;ای با خود بگویند پینین&zwnj;فارینا نقشی در طراحی این خودرو نداشته و تنها از نام تجاری آن روی j5 استفاده شده اما نکته جالب آنجاست که در سایت رسمی پینین&zwnj;فارینا در حالی که شرکت&zwnj;های چینی زیادی مدعی همکاری با این طراح ایتالیایی هستند، فقط نام JAC در بخش جوایز و افتخارات به چشم می&zwnj;خورد. به جرأت اصالت و زیبایی جک را در مقایسه با دیگر چینی&zwnj;ها می&zwnj;توان ستایش کرد اما j5 یک زیباروی تو خالی نیست که تنها با چهره&zwnj;ای خشن به دنبال جذب مشتریان باشد&zwnj;.</p>\r\n\r\n<p>در قلب j5 اتوماتیک موتور 1.8 لیتری میتسوبیشی جایگزین پیشرانه 1.5 لیتری در مدل دستی شده است تا فضای رقابت را روی همه هموطنان اتوماتیکش ببندد و با قوی&zwnj;ترین آرایش در زمین ایران حاضر شود&zwnj;! پیشرانه این خودرو از سری 4G93D تحت لیسانس میتسوبیشی ژاپن است که در چین به تولید می&zwnj;رسد و حداکثر قدرت آن در حالی عدد141 اسب بخار را نشان می&zwnj;دهد که نزدیک&zwnj;ترین رقیبش یعنی امگرند 7، 137 اسب بخار قدرت تولید می&zwnj;کند&zwnj;. با این حال حداکثر گشتاور 165نیوتن&zwnj;متری j5 در برابر حداکثر گشتاور 172 نیوتن&zwnj;متری امگرند 7 جای تامل دارد&zwnj;. پیشرانه امگرند 7 بر پایه یکی از پیشرانه&zwnj;های تویوتا طراحی و توسعه یافته و جک نیز با شمشیر میتسوبیشی به میدان رقابت قدم گذاشته است&zwnj;. در این میدان تندر 90 &nbsp;105 اسب بخاری با گیربکس 4 سرعته سعی می&zwnj;کند از بیرون گود تنها به اختلاف حدود 200 کیلوگرمی وزنش با این دو خودرو دل خوش کند&zwnj;. ابعاد j5 در ظاهر تفاوتی بین این خودرو و رقبا را نشان نمی&zwnj;دهند اما به محض ورود به اتاق آن به خصوص در بخش صندلی&zwnj;ها شگفت&zwnj;زده می&zwnj;شوید&zwnj;. فاصله بین دو محور این خودرو در مقایسه با برادر شیری&zwnj;اش در ایران یعنی لیفان 620 حدود 10 سانتیمتر بزرگ&zwnj;تر است که موجب افزایش بیشتر فضای پای سرنشینان عقب می&zwnj;شود&zwnj;. علاوه بر این موضوع در j5 اتوماتیک بر خلاف مدل دستی دریچه&zwnj;های سیستم تهویه نیز برای سرنشینان عقب نصب شده است&zwnj;.</p>\r\n\r\n<p>&nbsp;</p>\r\n\r\n<p style=\"text-align: center;\"><img alt=\"جک j5 اتوماتیک 1800\" src=\"http://www.kermanmotor1732.com/uploads/posts/2014-06/1402820133_jac-j5-004_sale.jpg\" title=\"جک j5 اتوماتیک 1800\" /></p>\r\n\r\n<p>&nbsp;</p>\r\n\r\n<p><strong>ایمنی</strong></p>\r\n\r\n<p>&nbsp;</p>\r\n\r\n<p>&nbsp;</p>\r\n\r\n<p>j5 در آزمایش&zwnj;های موسسه ایمنی C-Ncap موفق به کسب هر 5 ستاره ایمنی شده است و بر اساس گزارش&zwnj;ها در تصادف از جلو و طرفین&zwnj;، ضربه شدیدی به هیچ یک از اعضای بدن سرنشینان وارد نمی&zwnj;شود که نشان&zwnj;دهنده طراحی یکنواخت و مهندسی شده این خودرو است&zwnj;. البته این خودرو رقیبی به نام امگرند 7 &nbsp;را در بازار دارد که علاوه بر این 5 ستاره، موفق به کسب 4 ستاره از موسسه اروپایی EuroNCAP شده است&zwnj;. با این حال j5 اتوماتیک همانند رقیبش از سیستم&zwnj;های ترمز ABS و EBD استفاده می&zwnj;کند اما تعداد کیسه&zwnj;های هوایش 2 عدد برای سرنشینان جلو است.</p>\r\n\r\n<p>&nbsp;</p>\r\n\r\n<p><strong>تجهیزات</strong></p>\r\n\r\n<p>&nbsp;</p>\r\n\r\n<p>در مقایسه با مدل گیربکس دستی&zwnj;، تنها تفاوت ظاهری j5 اتوماتیک در رینگ&zwnj;های این خودرو مشخص است&zwnj;. چراغ&zwnj;ها در جلو و عقب&zwnj; هالوژنی هستند و 4 شیشه و آینه&zwnj;های جانبی به صورت برقی کنترل می&zwnj;شوند&zwnj;. سیستم صوتی با 4 بلندگو در مدل دستی به 6 بلند&zwnj;گو در مدل اتوماتیک افزایش پیدا کرده که در طول آزمایش کیفیت خوبی از آن به گوش می&zwnj;رسید&zwnj;. بر&zwnj;خلاف مدل دستی تنظیم 4 جهته صندلی جلو در مدل اتوماتیک به قابلیت تنظیم 8 حالته افزایش پیدا کرده و همچنین سیستم کنترل فشار باد تایر&zwnj;ها TPMS و کنترل سیستم صوتی از روی فرمان نیز به امکانات این خودرو افزوده شده&zwnj;اند&zwnj;. سانروف نیز یکی دیگر از آپشن&zwnj;هایی است که در مدل اتوماتیک به چشم می&zwnj;خورد&zwnj;. به صورت کلی در مقایسه با مدل دستی در j5 اتوماتیک مشتریان تعداد زیادی از آپشن&zwnj;های کارا و جدید را در کنار 30 اسب بخار قدرت بیشتر و یک گیربکس اتوماتیک 4 سرعته به دست می&zwnj;آورند که قطعا ارزش پرداخت 11 میلیون&zwnj;تومان اضافه بها را دارد و البته در بازار جایگاه امگرند 7 اتوماتیک 71 میلیونی را نیز به شدت به خطر می&zwnj;اندازد چرا که تفاوت عمده&zwnj;ای در بخش امکانات و مشخصات فنی این دو خودرو نمی&zwnj;توان یافت اما اختلاف قیمت این دو خودرو به حدود 16 میلیون&zwnj;تومان می&zwnj;رسد!&nbsp;</p>\r\n\r\n<p>&nbsp;</p>\r\n\r\n<p style=\"text-align: center;\"><img alt=\"جک j5 اتوماتیک 1800\" src=\"http://www.kermanmotor1732.com/uploads/posts/2014-06/1402820244_jac-j5-010_sale.jpg\" title=\"جک j5 اتوماتیک 1800\" /></p>\r\n\r\n<p>&nbsp;</p>\r\n\r\n<p><strong>پشت فرمان</strong></p>\r\n\r\n<p>&nbsp;</p>\r\n\r\n<p><strong>اولین خودرو اتوماتیک کرمان&zwnj;موتور</strong></p>\r\n\r\n<p>کرمانی&zwnj;ها از اینکه اولین خودرو اتوماتیک&zwnj;شان وارد بازار شده، خوشحالند&zwnj;. j5 اتوماتیک روی کاغذ هیچ چیزی برای کسب بیشترین&zwnj;ها با یک قیمت معقول کم ندارد اما آیا در عمل هم اینگونه خواهد بود&zwnj;؟ در خودرو را که باز کنید با تودوزی تمام تیره&zwnj;ای مواجه می&zwnj;شوید که برای j5&zwnj;سواران تازگی دارد، چرا که کرمان&zwnj;موتور این تودوزی تیره را جایگزین تودوزی روشن در مدل&zwnj;های 1500 دستی کرده است&zwnj;. ابعاد لاستیک در مقایسه با لیفان 620 عریض&zwnj;تر هستند و در کنار ارتفاع 17 سانتیمتری از سطح زمین پایداری خوبی را نوید می&zwnj;دهد&zwnj;. پشت فرمان j5 پیش از هر چیز این حس را القا می&zwnj;کند که آیا این اتاق متعلق به یک خودرو 55 میلیونی است&zwnj;؟ بله، در ظاهر این حس تا مدتی پایدار خواهد بود اما اگر در هر خودرو چینی بعد از تفکر دستی به سر و روی اتاق بکشید، از گفته&zwnj;تان پشیمان می&zwnj;شوید اما در j5 همه بخش&zwnj;ها اینگونه نا&zwnj;&zwnj;امید&zwnj;کننده نیستند&zwnj;. چرم و متریال استفاده شده در اتاق در بیشتر قسمت&zwnj;های داشبورد و روی در&zwnj;ها کیفیت خوبی دارند و به هیچ وجه احساس خشکی به شما دست نمی&zwnj;دهد&zwnj;. روکش چرم صندلی&zwnj;ها و فرمان نیز در نگاه اول خود را با کیفیت نشان می&zwnj;دهند اما از آنجایی که هیچ دستگاهی برای سنجش کیفیت این تودوزی وجود ندارد، بهتر است بعد از استفاده طولانی&zwnj;مدت به بررسی آنها بپردازیم&zwnj;. در سمت چپ فرمان سیستم کنترل فشار باد تایر&zwnj;ها با نشان دادن نور سبز روی هر 4 لاستیک از مناسب بودن وضعیت تایر&zwnj;ها خبر می&zwnj;دهد و سیستم صوتی نسبتا بزرگ که در میانه کنسول جای گرفته با ورودی&zwnj; USB و 6 بلند&zwnj;گو پشتیبانی می&zwnj;شود. مجموعه نمایشگر&zwnj;های پشت فرمان با ملودی رنگ آبی در 3 قاب دایره&zwnj;ای بیشتر یادآور خودرو&zwnj;های جدید ژاپنی &nbsp;و کره&zwnj;ای است&zwnj;. کامپیوتر سفری این خودرو علی&zwnj;رغم طراحی بزرگ بیانگر اطلاعات کاملی نظیر مصرف سوخت و یا فاصله قابل پیمایش نیست&zwnj;. کیفیت تجهیزات کلی اتاق در وضعیت ایده&zwnj;آل خودرو&zwnj;های لوکس قرار ندارند اما در مقایسه با دیگر خودرو&zwnj;های چینی وضعیت قابل قبولی دارند&zwnj;. دسته دنده بزرگ به همراه کلید آزاد&zwnj;ساز آن قابلیت تعویض به صورت دستی را نیز دارند&zwnj;. روی این گیربکس 4 سرعته هیچ خبری از کلید&zwnj;های حرکت روی برف یا رانندگی اسپرت نیست اما j5 اتوماتیک شما را برای رانندگی اسپرت نا امید نمی&zwnj;کند چرا که کات&zwnj;آف موتور آن روی دور 5000 انجام می&zwnj;شود و با خیال راحت می&zwnj;توانید تا دلتان می&zwnj;خواهد آن را بتازانید و از هر گونه کات&zwnj;آف زیر 5000 دور در دقیقه که در لیفان 620 دیده می&zwnj;شود، در امان باشید&zwnj;. مصرف اعلام شده توسط رسانه&zwnj;های چینی برای این خودرو 7.6 لیتر در سیکل ترکیبی است که البته به نظر می&zwnj;رسد در حقیقت رقمی حدود 5 باشد که در طول مدت آزمایش امکان محاسبه آن در غیبت کامپیوتر سفری نبود و البته نحوه رانندگی با خودرو نیز نمی&zwnj;توانست عدد دقیقی را به ما نشان دهد&zwnj;.&nbsp;</p>\r\n\r\n<p>&nbsp;</p>\r\n\r\n<p style=\"text-align: center;\"><img alt=\"جک j5 اتوماتیک 1800\" src=\"http://www.kermanmotor1732.com/uploads/posts/2014-06/1402820244_jac-j5-010_sale.jpg\" title=\"جک j5 اتوماتیک 1800\" /></p>\r\n\r\n<p>&nbsp;</p>\r\n\r\n<p><strong>رانندگی</strong></p>\r\n\r\n<p>&nbsp;</p>\r\n\r\n<p>&nbsp;سوئیچ j5 با قابلیت کنترل قفل مرکزی از طریق ریموت طول بلندی دارد و در مقایسه با سوئیچ دیگر خودرو&zwnj;ها جلب توجه می&zwnj;کند&zwnj;. با چرخاندن این سوئیچ موتور با صدای نسبتا قابل توجهی روشن می&zwnj;شود و در همان ابتدا عایق&zwnj;بندی نسبتا خوب اتاق در مقابل ورود صدای موتور و محیط اطراف جالب توجه بود&zwnj;. برای شروع حرکت گیربکس را در حالت D قرار دادیم و با حرکتی نرم خودرو را به مسیری مستقیم رساندیم تا تعویض دنده&zwnj;ها و شتاب خودرو در حالت تخت&zwnj;گاز را مورد آزمایش قرار دهیم&zwnj;. بر خلاف دیگر خودرو&zwnj;های 4 سرعته با اشاره به تمام قدرت گاز گیربکس با کندی وارد مسیر نمی&zwnj;شود و واکنش آن نسبت به میزان فشرده شدن پدال گاز سریع است اما شتاب اولیه خودرو با توجه به 141 اسب بخار قدرت چندان جالب توجه نیست که البته این موضوع در مقایسه با خودرو مشابهی مانند تویوتا کرولا صدق می&zwnj;کند و در مقایسه با بسیاری دیگر از خودرو&zwnj;های چینی به&zwnj;مراتب بهتر است&zwnj;. ترمز&zwnj;گیری با توجه به وزن خالص 1355 کیلوگرمی که در شرایط آزمایش تا حدود 1.5 تن افزایش پیدا کرده بود هیچ&zwnj;گونه ضعفی را نشان نمی&zwnj;داد. تمایلی در دماغه خودرو به پایین آمدن در هنگام ترمز&zwnj;گیری نیز مشاهده نمی&zwnj;شد&zwnj;. گیربکس 4 سرعته j5 به صورت کلی عملکرد قابل قبولی دارد و در هنگام سبقت&zwnj;گیری شما را نا&zwnj;امید نمی&zwnj;کند، چرا که با استفاده از تعویض دنده دستی می&zwnj;توانید به راحتی معکوس بدهید و گیربکس هیچ&zwnj;گاه به اشتباه هوشمند نمی&zwnj;شود تا دنده معکوس شما را پس بگیرد و همواره می&zwnj;توانید روی رانندگی پر شتاب با این خودرو حساب کنید&zwnj;. شتاب صفر تا 100 این خودرو چیزی حدود 12 ثانیه است.</p>\r\n\r\n<p>&nbsp;</p>\r\n\r\n<p style=\"text-align: center;\"><img alt=\"جک j5 اتوماتیک 1800\" src=\"http://www.kermanmotor1732.com/uploads/posts/2014-06/1402820217_jac-j5-014_sale.jpg\" title=\"جک j5 اتوماتیک 1800\" /></p>\r\n\r\n<p>&nbsp;</p>\r\n\r\n<p><strong>گردآورنده : امیرحسین برخورداری از مجموعه دنده 6</strong></p>\r\n\r\n<p>&nbsp;</p>\r\n','محصولات جک, جی5, جک اتوماتیک, جک 1800 سی سی, خودرو jac, جک j5, جک Automatic'),(28,3,'اولین تجربه رانندگی با جک J5 اتوماتیک','اولین تجربه رانندگی با جک J5 اتوماتیک','اولین تجربه رانندگی با جک J5 اتوماتیک','<p>​<img style=\"display: block; margin-left: auto; margin-right: auto;\" title=\"جک جی5 اتوماتیک 1800\" src=\"http://www.kermanmotor1732.com/uploads/posts/2014-06/1402819842_jac-j5-001_sale.jpg\" alt=\"جک جی5 اتوماتیک 1800\"></p><p>&nbsp;اتوماتیک های تازه وارد بازار ایران&nbsp;که میانه ‏رو‏ترین و مورد توجه ‏ترین شرکت‏ کنندگان در آن محصول جدید کرمان‏ موتور یعنی Jac j5 اتوماتیک با پیشرانه جدید 1.8 لیتری 141 اسب بخاری میتسوبیشی است‌. در حالی که تندر 90 اتوماتیک حدود 40 میلیون‏ تومان قیمت دارد و امگرند 7 در جایگاه 70 میلیونی‏ها تکیه زده‌، j5 اتوماتیک با توپ پر به بازار آمده تا اثبات کند با قیمت 55.9 میلیونی‏اش که در ایام مبارک دهه فجر تا 54.2 میلیون‏تومان نیز کاهش پیدا کرده، قرار نیست یک بازیگر ساده باشد! j5 لوبیای سحرآمیز کمپانی جک چین است که به نظر می رسد در خاک ایران خوب رشد کند . برای آنکه این مبارز جدید را بیشتر بشناسیم، تصمیم گرفتیم برای اولین‌بار در ایران به سراغش برویم و نخستین تجربه رانندگی با آن را همراه شما بازخوانی و بررسی کنیم .</p>','<p><strong>معرفی</strong></p>\r\n\r\n<p>&nbsp;</p>\r\n\r\n<p>نامش j5 است و چندان برای ما ایرانی&zwnj;ها غریبه نیست&zwnj;. j5 دومین عضو خانواده JAC چین است که به بازار ایران قدم گذاشته. این برند چینی بخش عمده&zwnj;ای از خوشنامی&zwnj;اش را مدیون خاطره خوب تعداد محدود J3&zwnj;های&zwnj; هاچ&zwnj;بکی است که به بازار عرضه شده&zwnj;اند&zwnj;. کیفیت قابل توجه محصولات این برند در کنار بهره&zwnj;گیری از پیشرانه میتسوبیشی و طراحی قابل توجه شرکت پینین&zwnj;فارینا ایتالیا از جمله اصلی&zwnj;ترین نقاط قوت جک&zwnj;ها در بازار ایران هستند&zwnj;. j5 ابتدا با پیشرانه 1.5 لیتری و گیربکس 5 سرعته دستی ایرانیان را با بزرگ&zwnj;ترین محصول جک چین آشنا کرد اما کرمانی&zwnj;ها که جای یک خودرو اتوماتیک را خالی می&zwnj;دیدند&zwnj;، نسخه اتوماتیک آن را برای عرضه به بازار ایران انتخاب کردند&zwnj;. j5 در نسخه اتوماتیک تفاوت&zwnj;های عمده&zwnj;ای با مدل دستی دارد و همین تفاوت&zwnj;ها موجب شده&zwnj;اند تا اختلاف قیمت مدل دستی 1.5 لیتری(44.2 میلیون&zwnj;تومان) و اتوماتیک 1.8 لیتری(55.9 میلیون&zwnj;تومان) به حدود 11 میلیون&zwnj;تومان برسد&zwnj;. پیش از ما ایرانی&zwnj;ها خود مردم چین اصلی&zwnj;ترین منتقدان صنعت خودرو&zwnj;سازی&zwnj;شان هستند که در مطالب تحلیلی و نظراتشان از JAC در کنار چند برند خودروسازی دیگر چینی به عنوان پرچمداران این صنعت یاد می کنند. JAC به&zwnj;تازگی در بین همه خودروسازان فعال در چین از جمله جنرال&zwnj;موتورز&zwnj;، فولکس واگن و&hellip; از نظر میزان تولید در سال 2013 موفق به کسب رتبه 22&zwnj;ام شد و تیراژ حدود 203هزار دستگاه را به ثبت رساند&zwnj;.&nbsp;</p>\r\n\r\n<p>j5 شخصیت متفاوتی نسبت به عمده خودرو&zwnj;های چینی دارد؛ شخصیتی که به&zwnj;سادگی نمی&zwnj;توان صفت کپی&zwnj;بودن را به آن نسبت داد. طراحی آن بر عهده شرکت پینین&zwnj;فارینا ایتالیا بوده است&zwnj;؛ شرکتی که تا&zwnj;کنون ده&zwnj;ها مدل مطرح فراری نظیر دینو&zwnj;، تستا&zwnj;روسا و چندین مدل فیات و&zwnj;&hellip; را در تاریخ ماندگار کرده است&zwnj;.</p>\r\n\r\n<p>&nbsp;</p>\r\n\r\n<p>شاید عده&zwnj;ای با خود بگویند پینین&zwnj;فارینا نقشی در طراحی این خودرو نداشته و تنها از نام تجاری آن روی j5 استفاده شده اما نکته جالب آنجاست که در سایت رسمی پینین&zwnj;فارینا در حالی که شرکت&zwnj;های چینی زیادی مدعی همکاری با این طراح ایتالیایی هستند، فقط نام JAC در بخش جوایز و افتخارات به چشم می&zwnj;خورد. به جرأت اصالت و زیبایی جک را در مقایسه با دیگر چینی&zwnj;ها می&zwnj;توان ستایش کرد اما j5 یک زیباروی تو خالی نیست که تنها با چهره&zwnj;ای خشن به دنبال جذب مشتریان باشد&zwnj;.</p>\r\n\r\n<p>در قلب j5 اتوماتیک موتور 1.8 لیتری میتسوبیشی جایگزین پیشرانه 1.5 لیتری در مدل دستی شده است تا فضای رقابت را روی همه هموطنان اتوماتیکش ببندد و با قوی&zwnj;ترین آرایش در زمین ایران حاضر شود&zwnj;! پیشرانه این خودرو از سری 4G93D تحت لیسانس میتسوبیشی ژاپن است که در چین به تولید می&zwnj;رسد و حداکثر قدرت آن در حالی عدد141 اسب بخار را نشان می&zwnj;دهد که نزدیک&zwnj;ترین رقیبش یعنی امگرند 7، 137 اسب بخار قدرت تولید می&zwnj;کند&zwnj;. با این حال حداکثر گشتاور 165نیوتن&zwnj;متری j5 در برابر حداکثر گشتاور 172 نیوتن&zwnj;متری امگرند 7 جای تامل دارد&zwnj;. پیشرانه امگرند 7 بر پایه یکی از پیشرانه&zwnj;های تویوتا طراحی و توسعه یافته و جک نیز با شمشیر میتسوبیشی به میدان رقابت قدم گذاشته است&zwnj;. در این میدان تندر 90 &nbsp;105 اسب بخاری با گیربکس 4 سرعته سعی می&zwnj;کند از بیرون گود تنها به اختلاف حدود 200 کیلوگرمی وزنش با این دو خودرو دل خوش کند&zwnj;. ابعاد j5 در ظاهر تفاوتی بین این خودرو و رقبا را نشان نمی&zwnj;دهند اما به محض ورود به اتاق آن به خصوص در بخش صندلی&zwnj;ها شگفت&zwnj;زده می&zwnj;شوید&zwnj;. فاصله بین دو محور این خودرو در مقایسه با برادر شیری&zwnj;اش در ایران یعنی لیفان 620 حدود 10 سانتیمتر بزرگ&zwnj;تر است که موجب افزایش بیشتر فضای پای سرنشینان عقب می&zwnj;شود&zwnj;. علاوه بر این موضوع در j5 اتوماتیک بر خلاف مدل دستی دریچه&zwnj;های سیستم تهویه نیز برای سرنشینان عقب نصب شده است&zwnj;.</p>\r\n\r\n<p>&nbsp;</p>\r\n\r\n<p style=\"text-align: center;\"><img alt=\"جک j5 اتوماتیک 1800\" src=\"http://www.kermanmotor1732.com/uploads/posts/2014-06/1402820133_jac-j5-004_sale.jpg\" title=\"جک j5 اتوماتیک 1800\" /></p>\r\n\r\n<p>&nbsp;</p>\r\n\r\n<p><strong>ایمنی</strong></p>\r\n\r\n<p>&nbsp;</p>\r\n\r\n<p>&nbsp;</p>\r\n\r\n<p>j5 در آزمایش&zwnj;های موسسه ایمنی C-Ncap موفق به کسب هر 5 ستاره ایمنی شده است و بر اساس گزارش&zwnj;ها در تصادف از جلو و طرفین&zwnj;، ضربه شدیدی به هیچ یک از اعضای بدن سرنشینان وارد نمی&zwnj;شود که نشان&zwnj;دهنده طراحی یکنواخت و مهندسی شده این خودرو است&zwnj;. البته این خودرو رقیبی به نام امگرند 7 &nbsp;را در بازار دارد که علاوه بر این 5 ستاره، موفق به کسب 4 ستاره از موسسه اروپایی EuroNCAP شده است&zwnj;. با این حال j5 اتوماتیک همانند رقیبش از سیستم&zwnj;های ترمز ABS و EBD استفاده می&zwnj;کند اما تعداد کیسه&zwnj;های هوایش 2 عدد برای سرنشینان جلو است.</p>\r\n\r\n<p>&nbsp;</p>\r\n\r\n<p><strong>تجهیزات</strong></p>\r\n\r\n<p>&nbsp;</p>\r\n\r\n<p>در مقایسه با مدل گیربکس دستی&zwnj;، تنها تفاوت ظاهری j5 اتوماتیک در رینگ&zwnj;های این خودرو مشخص است&zwnj;. چراغ&zwnj;ها در جلو و عقب&zwnj; هالوژنی هستند و 4 شیشه و آینه&zwnj;های جانبی به صورت برقی کنترل می&zwnj;شوند&zwnj;. سیستم صوتی با 4 بلندگو در مدل دستی به 6 بلند&zwnj;گو در مدل اتوماتیک افزایش پیدا کرده که در طول آزمایش کیفیت خوبی از آن به گوش می&zwnj;رسید&zwnj;. بر&zwnj;خلاف مدل دستی تنظیم 4 جهته صندلی جلو در مدل اتوماتیک به قابلیت تنظیم 8 حالته افزایش پیدا کرده و همچنین سیستم کنترل فشار باد تایر&zwnj;ها TPMS و کنترل سیستم صوتی از روی فرمان نیز به امکانات این خودرو افزوده شده&zwnj;اند&zwnj;. سانروف نیز یکی دیگر از آپشن&zwnj;هایی است که در مدل اتوماتیک به چشم می&zwnj;خورد&zwnj;. به صورت کلی در مقایسه با مدل دستی در j5 اتوماتیک مشتریان تعداد زیادی از آپشن&zwnj;های کارا و جدید را در کنار 30 اسب بخار قدرت بیشتر و یک گیربکس اتوماتیک 4 سرعته به دست می&zwnj;آورند که قطعا ارزش پرداخت 11 میلیون&zwnj;تومان اضافه بها را دارد و البته در بازار جایگاه امگرند 7 اتوماتیک 71 میلیونی را نیز به شدت به خطر می&zwnj;اندازد چرا که تفاوت عمده&zwnj;ای در بخش امکانات و مشخصات فنی این دو خودرو نمی&zwnj;توان یافت اما اختلاف قیمت این دو خودرو به حدود 16 میلیون&zwnj;تومان می&zwnj;رسد!&nbsp;</p>\r\n\r\n<p>&nbsp;</p>\r\n\r\n<p style=\"text-align: center;\"><img alt=\"جک j5 اتوماتیک 1800\" src=\"http://www.kermanmotor1732.com/uploads/posts/2014-06/1402820244_jac-j5-010_sale.jpg\" title=\"جک j5 اتوماتیک 1800\" /></p>\r\n\r\n<p>&nbsp;</p>\r\n\r\n<p><strong>پشت فرمان</strong></p>\r\n\r\n<p>&nbsp;</p>\r\n\r\n<p><strong>اولین خودرو اتوماتیک کرمان&zwnj;موتور</strong></p>\r\n\r\n<p>کرمانی&zwnj;ها از اینکه اولین خودرو اتوماتیک&zwnj;شان وارد بازار شده، خوشحالند&zwnj;. j5 اتوماتیک روی کاغذ هیچ چیزی برای کسب بیشترین&zwnj;ها با یک قیمت معقول کم ندارد اما آیا در عمل هم اینگونه خواهد بود&zwnj;؟ در خودرو را که باز کنید با تودوزی تمام تیره&zwnj;ای مواجه می&zwnj;شوید که برای j5&zwnj;سواران تازگی دارد، چرا که کرمان&zwnj;موتور این تودوزی تیره را جایگزین تودوزی روشن در مدل&zwnj;های 1500 دستی کرده است&zwnj;. ابعاد لاستیک در مقایسه با لیفان 620 عریض&zwnj;تر هستند و در کنار ارتفاع 17 سانتیمتری از سطح زمین پایداری خوبی را نوید می&zwnj;دهد&zwnj;. پشت فرمان j5 پیش از هر چیز این حس را القا می&zwnj;کند که آیا این اتاق متعلق به یک خودرو 55 میلیونی است&zwnj;؟ بله، در ظاهر این حس تا مدتی پایدار خواهد بود اما اگر در هر خودرو چینی بعد از تفکر دستی به سر و روی اتاق بکشید، از گفته&zwnj;تان پشیمان می&zwnj;شوید اما در j5 همه بخش&zwnj;ها اینگونه نا&zwnj;&zwnj;امید&zwnj;کننده نیستند&zwnj;. چرم و متریال استفاده شده در اتاق در بیشتر قسمت&zwnj;های داشبورد و روی در&zwnj;ها کیفیت خوبی دارند و به هیچ وجه احساس خشکی به شما دست نمی&zwnj;دهد&zwnj;. روکش چرم صندلی&zwnj;ها و فرمان نیز در نگاه اول خود را با کیفیت نشان می&zwnj;دهند اما از آنجایی که هیچ دستگاهی برای سنجش کیفیت این تودوزی وجود ندارد، بهتر است بعد از استفاده طولانی&zwnj;مدت به بررسی آنها بپردازیم&zwnj;. در سمت چپ فرمان سیستم کنترل فشار باد تایر&zwnj;ها با نشان دادن نور سبز روی هر 4 لاستیک از مناسب بودن وضعیت تایر&zwnj;ها خبر می&zwnj;دهد و سیستم صوتی نسبتا بزرگ که در میانه کنسول جای گرفته با ورودی&zwnj; USB و 6 بلند&zwnj;گو پشتیبانی می&zwnj;شود. مجموعه نمایشگر&zwnj;های پشت فرمان با ملودی رنگ آبی در 3 قاب دایره&zwnj;ای بیشتر یادآور خودرو&zwnj;های جدید ژاپنی &nbsp;و کره&zwnj;ای است&zwnj;. کامپیوتر سفری این خودرو علی&zwnj;رغم طراحی بزرگ بیانگر اطلاعات کاملی نظیر مصرف سوخت و یا فاصله قابل پیمایش نیست&zwnj;. کیفیت تجهیزات کلی اتاق در وضعیت ایده&zwnj;آل خودرو&zwnj;های لوکس قرار ندارند اما در مقایسه با دیگر خودرو&zwnj;های چینی وضعیت قابل قبولی دارند&zwnj;. دسته دنده بزرگ به همراه کلید آزاد&zwnj;ساز آن قابلیت تعویض به صورت دستی را نیز دارند&zwnj;. روی این گیربکس 4 سرعته هیچ خبری از کلید&zwnj;های حرکت روی برف یا رانندگی اسپرت نیست اما j5 اتوماتیک شما را برای رانندگی اسپرت نا امید نمی&zwnj;کند چرا که کات&zwnj;آف موتور آن روی دور 5000 انجام می&zwnj;شود و با خیال راحت می&zwnj;توانید تا دلتان می&zwnj;خواهد آن را بتازانید و از هر گونه کات&zwnj;آف زیر 5000 دور در دقیقه که در لیفان 620 دیده می&zwnj;شود، در امان باشید&zwnj;. مصرف اعلام شده توسط رسانه&zwnj;های چینی برای این خودرو 7.6 لیتر در سیکل ترکیبی است که البته به نظر می&zwnj;رسد در حقیقت رقمی حدود 5 باشد که در طول مدت آزمایش امکان محاسبه آن در غیبت کامپیوتر سفری نبود و البته نحوه رانندگی با خودرو نیز نمی&zwnj;توانست عدد دقیقی را به ما نشان دهد&zwnj;.&nbsp;</p>\r\n\r\n<p>&nbsp;</p>\r\n\r\n<p style=\"text-align: center;\"><img alt=\"جک j5 اتوماتیک 1800\" src=\"http://www.kermanmotor1732.com/uploads/posts/2014-06/1402820244_jac-j5-010_sale.jpg\" title=\"جک j5 اتوماتیک 1800\" /></p>\r\n\r\n<p>&nbsp;</p>\r\n\r\n<p><strong>رانندگی</strong></p>\r\n\r\n<p>&nbsp;</p>\r\n\r\n<p>&nbsp;سوئیچ j5 با قابلیت کنترل قفل مرکزی از طریق ریموت طول بلندی دارد و در مقایسه با سوئیچ دیگر خودرو&zwnj;ها جلب توجه می&zwnj;کند&zwnj;. با چرخاندن این سوئیچ موتور با صدای نسبتا قابل توجهی روشن می&zwnj;شود و در همان ابتدا عایق&zwnj;بندی نسبتا خوب اتاق در مقابل ورود صدای موتور و محیط اطراف جالب توجه بود&zwnj;. برای شروع حرکت گیربکس را در حالت D قرار دادیم و با حرکتی نرم خودرو را به مسیری مستقیم رساندیم تا تعویض دنده&zwnj;ها و شتاب خودرو در حالت تخت&zwnj;گاز را مورد آزمایش قرار دهیم&zwnj;. بر خلاف دیگر خودرو&zwnj;های 4 سرعته با اشاره به تمام قدرت گاز گیربکس با کندی وارد مسیر نمی&zwnj;شود و واکنش آن نسبت به میزان فشرده شدن پدال گاز سریع است اما شتاب اولیه خودرو با توجه به 141 اسب بخار قدرت چندان جالب توجه نیست که البته این موضوع در مقایسه با خودرو مشابهی مانند تویوتا کرولا صدق می&zwnj;کند و در مقایسه با بسیاری دیگر از خودرو&zwnj;های چینی به&zwnj;مراتب بهتر است&zwnj;. ترمز&zwnj;گیری با توجه به وزن خالص 1355 کیلوگرمی که در شرایط آزمایش تا حدود 1.5 تن افزایش پیدا کرده بود هیچ&zwnj;گونه ضعفی را نشان نمی&zwnj;داد. تمایلی در دماغه خودرو به پایین آمدن در هنگام ترمز&zwnj;گیری نیز مشاهده نمی&zwnj;شد&zwnj;. گیربکس 4 سرعته j5 به صورت کلی عملکرد قابل قبولی دارد و در هنگام سبقت&zwnj;گیری شما را نا&zwnj;امید نمی&zwnj;کند، چرا که با استفاده از تعویض دنده دستی می&zwnj;توانید به راحتی معکوس بدهید و گیربکس هیچ&zwnj;گاه به اشتباه هوشمند نمی&zwnj;شود تا دنده معکوس شما را پس بگیرد و همواره می&zwnj;توانید روی رانندگی پر شتاب با این خودرو حساب کنید&zwnj;. شتاب صفر تا 100 این خودرو چیزی حدود 12 ثانیه است.</p>\r\n\r\n<p>&nbsp;</p>\r\n\r\n<p style=\"text-align: center;\"><img alt=\"جک j5 اتوماتیک 1800\" src=\"http://www.kermanmotor1732.com/uploads/posts/2014-06/1402820217_jac-j5-014_sale.jpg\" title=\"جک j5 اتوماتیک 1800\" /></p>\r\n\r\n<p>&nbsp;</p>\r\n\r\n<p><strong>گردآورنده : امیرحسین برخورداری از مجموعه دنده 6</strong></p>\r\n\r\n<p>&nbsp;</p>\r\n','محصولات جک, جی5, جک اتوماتیک, جک 1800 سی سی, خودرو jac, جک j5, جک Automatic'),(30,1,'نتایج نظرسنجی شماره 1','نتایج نظرسنجی شماره 1','نتایج نظرسنجی شماره 1','<p>سلام دوستان</p><p>&nbsp;</p><p>طی چند ماه گذشته نظرسنجی (<span style=\"color: #800000;\">خودروی مورد علاقه ی شما</span>) فعال بود که تصمیم بر این گرفتیم نظرسنجی جدیدی درباره فعالیت و پشتیبانی سایت <span style=\"color: #ff6600;\"><strong>مرکز فروش کرمان موتور - 1732</strong></span> در قسمت نظرسنجی ها ایجاد نمائیم. از همه دوستداران محصولات کرمان موتور تقاضا می گردد در نظرسنجی جدید سایت مرکز شرکت نمایند.</p><p>&nbsp;</p><p>و همچنین نتیجه نظرسنجی شماره 1 <strong>مرکز فروش 1732</strong> به حضورتان تقدیم می گردد.</p><p>&nbsp;</p>','<p>سلام دوستان</p>\r\n\r\n<p>&nbsp;</p>\r\n\r\n<p>طی چند ماه گذشته نظرسنجی (<span style=\"color: #800000;\">خودروی مورد علاقه ی شما</span>) فعال بود که تصمیم بر این گرفتیم نظرسنجی جدیدی درباره فعالیت و پشتیبانی سایت <span style=\"color: #ff6600;\"><strong>مرکز فروش کرمان موتور - 1732</strong></span> در قسمت نظرسنجی ها ایجاد نمائیم. از همه دوستداران محصولات کرمان موتور تقاضا می گردد در نظرسنجی جدید سایت مرکز شرکت نمایند.</p>\r\n\r\n<p>&nbsp;</p>\r\n\r\n<p>و همچنین نتیجه نظرسنجی شماره 1 <strong>مرکز فروش 1732</strong> به حضورتان تقدیم می گردد.</p>\r\n\r\n<p>&nbsp;</p>\r\n','مرکز فروش کرمان موتور, فروش کرمان موتور, کرمان خودرو, نمایندگی 1732'),(30,3,'نتایج نظرسنجی شماره 1','نتایج نظرسنجی شماره 1','نتایج نظرسنجی شماره 1','<p>سلام دوستان</p><p><br></p><p>طی چند ماه گذشته نظرسنجی (<span style=\"color: #800000;\">خودروی مورد علاقه ی شما</span>) فعال بود که تصمیم بر این گرفتیم نظرسنجی جدیدی درباره فعالیت و پشتیبانی سایت <span style=\"color: #ff6600;\"><strong>مرکز فروش کرمان موتور - 1732</strong></span> در قسمت نظرسنجی ها ایجاد نمائیم. از همه دوستداران محصولات کرمان موتور تقاضا می گردد در نظرسنجی جدید سایت مرکز شرکت نمایند.</p><p><br></p><p>و همچنین نتیجه نظرسنجی شماره 1 <strong>مرکز فروش 1732</strong> به حضورتان تقدیم می گردد.</p><p><br></p>','<p>تعداد شرکت کنندگان در این نظرسنجی<span style=\"font-family: Tahoma, sans-serif; line-height: normal; text-align: -webkit-center; word-spacing: 0px; letter-spacing: 0px;\">&nbsp;736 نفر می باشد.</span></p>\r\n\r\n<p>&nbsp;</p>\r\n\r\n<div style=\"font-family: Tahoma, sans-serif; line-height: normal; text-align: -webkit-center; word-spacing: 0px; width: 500px;\">\r\n<div align=\"right\" class=\"vote\">لیفان 620 - 1600 - 58 (7.88%)</div>\r\n\r\n<div align=\"left\" class=\"voteprogress\" style=\"overflow: hidden; height: 15px; margin-bottom: 5px; -webkit-box-shadow: rgba(0, 0, 0, 0.0980392) 0px 1px 2px inset; box-shadow: rgba(0, 0, 0, 0.0980392) 0px 1px 2px inset; border-top-left-radius: 4px; border-top-right-radius: 4px; border-bottom-right-radius: 4px; border-bottom-left-radius: 4px; background-image: -webkit-linear-gradient(top, #f5f5f5, #f9f9f9); background-color: #f7f7f7; background-repeat: repeat-x;\"><span class=\"vote1\" style=\"color: #ffffff; text-align: center; text-indent: -2000em; height: 15px; display: block; overflow: hidden; text-shadow: rgba(0, 0, 0, 0.247059) 0px -1px 0px; width: 35px; background: -webkit-linear-gradient(top, #149bdf, #0480be) repeat-x #0e90d2;\">7.88%</span></div>\r\n\r\n<div align=\"right\" class=\"vote\">لیفان 620 - 1800 - 114 (15.49%)</div>\r\n\r\n<div align=\"left\" class=\"voteprogress\" style=\"overflow: hidden; height: 15px; margin-bottom: 5px; -webkit-box-shadow: rgba(0, 0, 0, 0.0980392) 0px 1px 2px inset; box-shadow: rgba(0, 0, 0, 0.0980392) 0px 1px 2px inset; border-top-left-radius: 4px; border-top-right-radius: 4px; border-bottom-right-radius: 4px; border-bottom-left-radius: 4px; background-image: -webkit-linear-gradient(top, #f5f5f5, #f9f9f9); background-color: #f7f7f7; background-repeat: repeat-x;\"><span class=\"vote2\" style=\"color: #ffffff; text-align: center; text-indent: -2000em; height: 15px; display: block; overflow: hidden; text-shadow: rgba(0, 0, 0, 0.247059) 0px -1px 0px; width: 75px; background: -webkit-linear-gradient(top, #ee5f5b, #c43c35) repeat-x #dd514c;\">15.49%</span></div>\r\n\r\n<div align=\"right\" class=\"vote\">لیفان ایکس 60 - 110 (14.95%)</div>\r\n\r\n<div align=\"left\" class=\"voteprogress\" style=\"overflow: hidden; height: 15px; margin-bottom: 5px; -webkit-box-shadow: rgba(0, 0, 0, 0.0980392) 0px 1px 2px inset; box-shadow: rgba(0, 0, 0, 0.0980392) 0px 1px 2px inset; border-top-left-radius: 4px; border-top-right-radius: 4px; border-bottom-right-radius: 4px; border-bottom-left-radius: 4px; background-image: -webkit-linear-gradient(top, #f5f5f5, #f9f9f9); background-color: #f7f7f7; background-repeat: repeat-x;\"><span class=\"vote3\" style=\"color: #ffffff; text-align: center; text-indent: -2000em; height: 15px; display: block; overflow: hidden; text-shadow: rgba(0, 0, 0, 0.247059) 0px -1px 0px; width: 70px; background: -webkit-linear-gradient(top, #62c462, #57a957) repeat-x #5eb95e;\">14.95%</span></div>\r\n\r\n<div align=\"right\" class=\"vote\">j5 - 370 (50.27%)</div>\r\n\r\n<div align=\"left\" class=\"voteprogress\" style=\"overflow: hidden; height: 15px; margin-bottom: 5px; -webkit-box-shadow: rgba(0, 0, 0, 0.0980392) 0px 1px 2px inset; box-shadow: rgba(0, 0, 0, 0.0980392) 0px 1px 2px inset; border-top-left-radius: 4px; border-top-right-radius: 4px; border-bottom-right-radius: 4px; border-bottom-left-radius: 4px; background-image: -webkit-linear-gradient(top, #f5f5f5, #f9f9f9); background-color: #f7f7f7; background-repeat: repeat-x;\"><span class=\"vote4\" style=\"color: #ffffff; text-align: center; text-indent: -2000em; height: 15px; display: block; overflow: hidden; text-shadow: rgba(0, 0, 0, 0.247059) 0px -1px 0px; width: 250px; background: -webkit-linear-gradient(top, #5bc0de, #339bb9) repeat-x #4bb1cf;\">50.27%</span></div>\r\n\r\n<div align=\"right\" class=\"vote\">جی 3 - 39 (5.3%)</div>\r\n\r\n<div align=\"left\" class=\"voteprogress\" style=\"overflow: hidden; height: 15px; margin-bottom: 5px; -webkit-box-shadow: rgba(0, 0, 0, 0.0980392) 0px 1px 2px inset; box-shadow: rgba(0, 0, 0, 0.0980392) 0px 1px 2px inset; border-top-left-radius: 4px; border-top-right-radius: 4px; border-bottom-right-radius: 4px; border-bottom-left-radius: 4px; background-image: -webkit-linear-gradient(top, #f5f5f5, #f9f9f9); background-color: #f7f7f7; background-repeat: repeat-x;\"><span class=\"vote5\" style=\"color: #ffffff; text-align: center; text-indent: -2000em; height: 15px; display: block; overflow: hidden; text-shadow: rgba(0, 0, 0, 0.247059) 0px -1px 0px; width: 25px; background: -webkit-linear-gradient(top, #fbb450, #f89406) repeat-x #faa732;\">5.3%</span></div>\r\n\r\n<div align=\"right\" class=\"vote\">جی 3 هاچ بک - 45 (6.11%)</div>\r\n\r\n<div align=\"left\" class=\"voteprogress\" style=\"overflow: hidden; height: 15px; margin-bottom: 5px; -webkit-box-shadow: rgba(0, 0, 0, 0.0980392) 0px 1px 2px inset; box-shadow: rgba(0, 0, 0, 0.0980392) 0px 1px 2px inset; border-top-left-radius: 4px; border-top-right-radius: 4px; border-bottom-right-radius: 4px; border-bottom-left-radius: 4px; background-image: -webkit-linear-gradient(top, #f5f5f5, #f9f9f9); background-color: #f7f7f7; background-repeat: repeat-x;\"><span class=\"vote1\" style=\"color: #ffffff; text-align: center; text-indent: -2000em; height: 15px; display: block; overflow: hidden; text-shadow: rgba(0, 0, 0, 0.247059) 0px -1px 0px; width: 30px; background: -webkit-linear-gradient(top, #149bdf, #0480be) repeat-x #0e90d2;\">6.11%</span></div>\r\n</div>\r\n\r\n<p><br style=\"font-family: Tahoma, sans-serif; line-height: normal; text-align: -webkit-center; word-spacing: 0px;\" />\r\n<br style=\"font-family: Tahoma, sans-serif; line-height: normal; text-align: -webkit-center; word-spacing: 0px;\" />\r\n&nbsp;</p>\r\n','مرکز فروش کرمان موتور, فروش کرمان موتور, کرمان خودرو, نمایندگی 1732'),(33,1,'مقایسه دو خودروی لیفان X60 و ام وی ام X33','مقایسه دو خودروی لیفان X60 و ام وی ام X33','مقایسه دو خودروی لیفان X60 و ام وی ام X33','<p>ام وی ام X33 یا همان چری تیگو خودرویی که بی شباهت به ویتارا نیست.</p><p>&nbsp;</p><p style=\"text-align: center;\"><img title=\"چری تیگو\" src=\"http://www.kermanmotor1732.com/uploads/posts/2014-07/1406536605_94034_626.jpg\" alt=\"چری تیگو\"></p><p style=\"text-align: justify;\">&nbsp;</p><p style=\"text-align: justify;\">پیش از آنکه به طراحی کلی خودرو بپردازید فواصل بین برخی قطعات در ظاهر نظر را به خود جلب می کند. ابتدا تصور می شود با خطای مونتاژ روبرو هستید اما کمی دقت مشخص می شود اشکال از طراحی قطعات است جایی که فضای زیادی بین در عقب و گلگیر به وجود آمده از نمای پهلو ضربه سنگینی به طراحی خودرو زده است در ادامه اگر به جلوی خودرو بروید شاهد همین فضا به شیوه ای غیر حرفه ای تر در محل بسته شده درب موتور هستید به نحوی که تصویر می شود خودرو در آن ناحیه ضربه &nbsp;خورده است. البته با وجود اشکال در طراحی قطعات در حالت کلی هماهنگی فرمی مناسبی بین 3 جهت خودرو می توان دریافت کرد.</p>','<p style=\"text-align: center;\"><img alt=\"X33\" src=\"http://www.kermanmotor1732.com/uploads/posts/2014-07/1406534882_94030_991.jpg\" title=\"X33\" /></p>\r\n\r\n<p>لیفان X60 وضعیت بهتری دارد. به سختی می توان اشکال طراحی قطعاتی در آن پیدا کرد، به غیر از فضای ایجاد شده بین درب موتور و چراغ&zwnj;ها که مرتبا به شما این احساس را القا می کند که درب موتور باز است در مابقی قسمت&zwnj;ها، قطعات به خوبی ساخته و پرداخته و مونتاژ شده اند. در حالت کلی ظاهر لیفان X60 با طراحی به روز تر که دماغه آن به نوعی به نظر تغییر یافته سانتافه است در قیاس با رقیب خود یعنی ایکس 33 بسیار چشم نواز تر است.</p>\r\n\r\n<p>&nbsp;</p>\r\n\r\n<p style=\"text-align: center;\"><img alt=\"\" src=\"http://www.kermanmotor1732.com/uploads/posts/2014-07/1406534858_94027_486.jpg\" title=\"\" /></p>\r\n\r\n<p>&nbsp;</p>\r\n\r\n<p>پس از ورود به کابین ایکس 33 با انبوهی از قطعات بسیار بی کیفیت پلاستیکی روبرو می شوید که شاید به سختی در خودروهای بسیار ارزان قیمت ایرانی هم نمونه آن را دیده باشید. موقعیت سواری ایکس 33 علیرغم صندلی های کوچک آن وضعیت بدی ندارد اما توقع یک صندلی با کیفیت و ارگونومیک را نداشته باشید.&nbsp;</p>\r\n\r\n<p>&nbsp;</p>\r\n\r\n<p style=\"text-align: center;\"><img alt=\"داشبورد چری\" src=\"http://www.kermanmotor1732.com/uploads/posts/2014-07/1406536617_94025_491.jpg\" title=\"داشبورد چری\" /></p>\r\n\r\n<p>&nbsp;</p>\r\n\r\n<p>با توجه به ارتفاع آن راننده تسلط خوبی بر روی جاده دارد، آینه ها به اندازه کافی بزرگ هستند و دید عقب راننده هم متناسب است. صندلی های عقب برای ایجاد فضای بار بیشتر به صورت خوابیده در می آیند ولی با توجه به نوع طراحی به صورت یک دست نخواهد شد و برای حمل اجسام یک تکه بزرگ وضعیت مناسبی ندارد. در دسترس بودن ادوات داخلی با توجه به سادگی کنسول خوب است و راننده می تواند در حین رانندگی به همه چیز دسترسی داشته باشد.</p>\r\n\r\n<p>&nbsp;</p>\r\n\r\n<p style=\"text-align: center;\"><img alt=\"لیفان ایکس 60\" src=\"http://www.kermanmotor1732.com/uploads/posts/2014-07/1406534946_94028_625.jpg\" title=\"لیفان ایکس 60\" /></p>\r\n\r\n<p>&nbsp;</p>\r\n\r\n<p>بازهم لیفان X60 وضعیت بهتری دارد، پس از ورود به خودرو شما به یاد خودروهای ژاپنی خصوصا تویوتا راو4 می اندازد، البته بدون در نظر گرفتن کیفیت.&nbsp;</p>\r\n\r\n<p>&nbsp;</p>\r\n\r\n<p style=\"text-align: center;\">[thumb=|داشبورد لیفان X60]http://www.kermanmotor1732.com/uploads/posts/2014-07/1406534944_94033_789.jpg[/thumb]</p>\r\n\r\n<p>&nbsp;</p>\r\n\r\n<p>فضای داخلی لیفان نسبت به ایکس 33 بسیار ظریف تر و با کیفیت تر است و مشخص است لیفان قصد داشته حداقل ها را در این خودرو رعایت کند اگر چه به رقبای ژاپنی و کره ای خود نزدیک نمی شود ولی نسبت به هم وطن رقیب خود چند پله بالاتر است و می تواند بازه قیمتی خود را توجیح کند.&nbsp;</p>\r\n\r\n<p>&nbsp;</p>\r\n\r\n<p style=\"text-align: center;\">[thumb=|داشبورد لیفان X60]http://www.kermanmotor1732.com/uploads/posts/2014-07/1406534901_94032_170.jpg[/thumb]</p>\r\n\r\n<p>&nbsp;</p>\r\n\r\n<p>رو دری&zwnj;ها با چرم مصنوعی دوخت و تزیین شده اند و جنس داشبورد از مواد نرم و براق است. کیلومتر شماره به صورت دیجیتالی است و با وجود اینکه از نظر زیبایی چندان بد به نظر نمی رسد اما راننده نیاز به دقت بیشتری برای خواندن سرعت دارد، صندلی های عقب لیفان بر خلاف ایکس 33 به صورت کامل با کف فضای بار هم سطح می شوند در نتیجه فضای مناسبی برای جابجایی &nbsp;وسایل به وجود می آید.&nbsp;</p>\r\n\r\n<p>&nbsp;</p>\r\n\r\n<p>صندلی های عقب لیفان به صورت پله ای به عقب می خوابند در حالیکه در ایکس 33 این قابلیت وجود ندارد، ایکس 33 قابلیت عقب رفتن صندلی را برای داشتن فضای پای بیشتر دارد که البته باز هم نمی تواند به فضای پای لیفان در حالت عادی دست پیدا کند. از دیگر برتری های لیفان در فضای داخلی می توان به سانروف بزرگتر، فضای بار بیشتر، سیستم صوتی بهتر، تسلط بیشتر بر جاده اشاره کرد.</p>\r\n\r\n<p>&nbsp;</p>\r\n\r\n<p style=\"text-align: center;\">[thumb=|Lifan X60]http://www.kermanmotor1732.com/uploads/posts/2014-07/1406534884_94031_117.jpg[/thumb]</p>\r\n\r\n<p>&nbsp;</p>\r\n\r\n<p>با توجه به عایق بندی بهتر X60 نفوذ صدا به داخل این خودرو کمتر از ایکس 33 است. در حرکت نیز این عایق بندی بیشتر به چشم می آید. در حالت درجا اگر بخواهید دور موتور در ایکس 33 بالا ببرید ابتدا کمی احساس خطر به شما دست پیدا می دهد، از آن جهت که عملکرد موتور هارشینگ شدیدی دارد این وضعیت در لیفان بسیار بهتر است.&nbsp;</p>\r\n\r\n<p>&nbsp;</p>\r\n\r\n<p>حین رانندگی فرمان دو خودرو تیز است و حس خاصی را به راننده منتقل نمی کند. در ترمزگیری شدید X60 &nbsp;واکنش بسیار خوبی نشان می دهد و می توان به آن اعتماد کرد چیزی در ایکس 33 هم به صورت خفیف تر وجود دارد.&nbsp;</p>\r\n\r\n<p>&nbsp;</p>\r\n\r\n<p style=\"text-align: center;\">[thumb]http://www.kermanmotor1732.com/uploads/posts/2014-07/1406534949_94029_985.jpg[/thumb]</p>\r\n\r\n<p>&nbsp;</p>\r\n\r\n<p>با وجود آنکه فاصله بین دو محور لیفان بیشتر از ایکس 33 است اما این لیفان است که به دلیل شاسی بهتر قدرت مانور پذیری خود را به ایکس 33 دیکته می کند، از دلایل دیگر وجود استرس بار در لیفان و سیستم تعلیق با کیفیت تر است. عبور از سرعت گیر ها با لیفان راحت تر است و احساس خطر کمتری به شما دست می&zwnj;دهد.&nbsp;</p>\r\n\r\n<p>&nbsp;</p>\r\n\r\n<p>از نظر مصرف سوخت دو خودرو با توجه به قدرت موتور در وضعیت خوبی قرار دارند و هر دو خودرو با توجه به شرایط رانندگی و تعداد سرنشین در سیکل ترکیبی در بین 8 الی 9 لیتر مصرف سوخت دارند. در بخش امکانات هر دو خودرو به سانروف مجهز هستند و صندلی های دو خودرو نیز از نوع چرم می باشد. تهویه دو خودرو از نوع دستی است. ایکس 33به گرم کن صندلی جلو نیز تجهیز شده است. از نظر امکانات ایمنی دو خودر مجهز به دو ایربگ برای سرنشینان جلو، سیستم ترمز ضد قفل و توزیع الکترونیکی نیروی ترمز EBD هستند.</p>\r\n\r\n<p>&nbsp;</p>\r\n\r\n<p>ام وی ام ایکس 33 توسط موسسه ایمنی استرالیا مورد آزمایش قرار گرفت و نتیجه بسیار ضعیف دو ستاره را دریافت کرد، در توضیحی که موسسه ایمنی استرالیا در مورد خودرو ارایه کرده به بدنه بسیار ضعیف خودرو اشاره و خاطر نشان کرده ضربات شدیدی &nbsp;به پا، دست و سینه آدمک های تست وارد شده است.&nbsp;</p>\r\n\r\n<p>&nbsp;</p>\r\n\r\n<p>بر اساس این گزارش کمپانی چری حاضر به ارایه خودرو به موسسه ایمنی استرالیا جهت ادامه تست تصادف برای برخورد از پهلو به بهانه فراخوان نشده است، در نتیجه این موسسه فقط برخورد از جلو را مورد آزمایش قرار داده است.&nbsp;</p>\r\n\r\n<p>&nbsp;</p>\r\n\r\n<p>اما لیفان فقط توسط موسسه ایمنی چین مورد آزمایش قرار گرفته و توانسته 4 ستاره را از آن تست برای خود بدست بیاورد اما با توجه به آنکه استاندارد تست در چین با استاندارد تست استرالیا متفاوت است نمی توان در این مورد دو خودرو را با هم مقایسه کرد.</p>\r\n\r\n<p>&nbsp;</p>\r\n\r\n<p style=\"text-align: center;\">[thumb=|لیفان ایکس 60]http://www.kermanmotor1732.com/uploads/posts/2014-07/1406534952_94026_149.jpg[/thumb]</p>\r\n\r\n<p>&nbsp;</p>\r\n\r\n<p>ام وی ام X33 &nbsp;و لیفان X60 از موتورهای 4 سیلندر 16 سوپاپ با حجمهای 2.0 و 1.8 لیتر بهره می برند. هر دو خودرو از سیستم زمان بندی متغیر سوپاپ بهره مند هستند. قدرت و گشتاور X33 به ترتیب 6 اسب بخار و 14 نیوتن متر بیشتر از لیفان است. با احتساب وزن 1375 کیلوگرمی ام وی ام و 1330 کیلوگرمی لیفان نسبت نیرو به وزن این دو خودرو تقریبا برابر است.</p>\r\n\r\n<p>&nbsp;</p>\r\n\r\n<p>هم اکنون لیفان X60 در بازار در حدود 67 میلیون تومان قیمت دارد و قیمت &nbsp;ام وی ام ایکس 33 هم در حدود 60 میلیون تومان است.&nbsp;</p>\r\n\r\n<p>&nbsp;</p>\r\n\r\n<p>با توجه اشکالات عمده و اساسی خودروی ایکس 33 نمی تواند نسبت به قیمت پرداختی خود را توجیه کند، این درحالیست علاوه بر ضعف های طراحی و ساختاری دارای اشکالات کیفی نیز است.</p>\r\n\r\n<p>&nbsp;</p>\r\n\r\n<p>&nbsp;</p>\r\n\r\n<p><strong>رده بندی کیفی خودرو&nbsp;</strong></p>\r\n\r\n<p>&nbsp;</p>\r\n\r\n<p>در رده بندی کیفی خودروها که در بهمن ماه 1392 توسط موسسه استاندارد بر اساس نمرات منفی انجام شد، لیفان X60 در حالی جایگاه هشتم را به خود اختصاص داد که رقیب آن در بازار یعنی ام وی ام X33 با یازده نمره منفی بیشتر در جای چهاردهم قرار گرفت.</p>\r\n\r\n<p>&nbsp;</p>\r\n\r\n<p>&nbsp;</p>\r\n\r\n<p>&nbsp;</p>\r\n\r\n<div align=\"right\" style=\"font-family: tahoma; font-size: 14px; line-height: 22px; word-spacing: 0px;\">\r\n<table border=\"1\" cellpadding=\"0\" cellspacing=\"0\" class=\"MsoTableGrid\" dir=\"rtl\" style=\"border-collapse: collapse; border: none; margin-left: auto; margin-right: auto;\">\r\n	<tbody>\r\n		<tr>\r\n			<td style=\"width: 77.4pt; border: 1pt solid windowtext; padding: 0in 5.4pt;\" valign=\"top\" width=\"103\">\r\n			<p align=\"center\" class=\"MsoNormal\" dir=\"RTL\" style=\"margin-bottom: 0.0001pt; text-align: center; line-height: normal; direction: rtl; unicode-bidi: embed;\"><span style=\"font-weight: bold;\">نام خودرو</span></p>\r\n			</td>\r\n			<td style=\"width: 1.5in; border-style: solid none solid solid; border-top-color: windowtext; border-bottom-color: windowtext; border-left-color: windowtext; border-top-width: 1pt; border-bottom-width: 1pt; border-left-width: 1pt; padding: 0in 5.4pt;\" valign=\"top\" width=\"144\">\r\n			<p align=\"center\" class=\"MsoNormal\" dir=\"RTL\" style=\"margin-bottom: 0.0001pt; text-align: center; line-height: normal; direction: rtl; unicode-bidi: embed;\"><span style=\"font-weight: bold;\">نمره منفی</span></p>\r\n			</td>\r\n			<td colspan=\"2\" style=\"width: 105.35pt; border-style: solid none solid solid; border-top-color: windowtext; border-bottom-color: windowtext; border-left-color: windowtext; border-top-width: 1pt; border-bottom-width: 1pt; border-left-width: 1pt; padding: 0in 5.4pt; background-image: initial; background-attachment: initial; background-size: initial; background-origin: initial; background-clip: initial; background-position: initial; background-repeat: initial;\" valign=\"top\" width=\"140\">\r\n			<p align=\"center\" class=\"MsoNormal\" dir=\"RTL\" style=\"margin-bottom: 0.0001pt; text-align: center; line-height: normal; direction: rtl; unicode-bidi: embed;\"><span style=\"font-weight: bold;\">سطح کیفی</span></p>\r\n			</td>\r\n		</tr>\r\n		<tr>\r\n			<td style=\"width: 77.4pt; border-style: none solid solid; border-right-color: windowtext; border-bottom-color: windowtext; border-left-color: windowtext; border-right-width: 1pt; border-bottom-width: 1pt; border-left-width: 1pt; padding: 0in 5.4pt;\" valign=\"top\" width=\"103\">\r\n			<p align=\"center\" class=\"MsoNormal\" dir=\"RTL\" style=\"margin-bottom: 0.0001pt; text-align: center; line-height: normal; direction: rtl; unicode-bidi: embed;\">لیفان X<span lang=\"AR-SA\" style=\"font-family: Arial, sans-serif;\">60</span></p>\r\n			</td>\r\n			<td style=\"width: 1.5in; border-style: none none solid solid; border-left-color: windowtext; border-left-width: 1pt; border-bottom-color: windowtext; border-bottom-width: 1pt; padding: 0in 5.4pt;\" valign=\"top\" width=\"144\">\r\n			<p align=\"center\" class=\"MsoNormal\" dir=\"RTL\" style=\"margin-bottom: 0.0001pt; text-align: center; line-height: normal; direction: rtl; unicode-bidi: embed;\">54.2</p>\r\n			</td>\r\n			<td style=\"width: 63pt; border-style: none none solid solid; border-left-color: windowtext; border-left-width: 1pt; border-bottom-color: windowtext; border-bottom-width: 1pt; padding: 0in 5.4pt;\" valign=\"top\" width=\"84\">\r\n			<p align=\"center\" class=\"MsoNormal\" dir=\"RTL\" style=\"margin-bottom: 0.0001pt; text-align: center; line-height: normal; direction: rtl; unicode-bidi: embed;\">خیلی خوب</p>\r\n			</td>\r\n			<td style=\"width: 42.35pt; border-style: none none solid solid; border-left-color: windowtext; border-left-width: 1pt; border-bottom-color: windowtext; border-bottom-width: 1pt; padding: 0in 5.4pt;\" valign=\"top\" width=\"56\">\r\n			<p align=\"center\" class=\"MsoNormal\" dir=\"RTL\" style=\"margin-bottom: 0.0001pt; text-align: center; line-height: normal; direction: rtl; unicode-bidi: embed;\">A</p>\r\n			</td>\r\n		</tr>\r\n		<tr>\r\n			<td style=\"width: 77.4pt; border-style: none solid solid; border-right-color: windowtext; border-bottom-color: windowtext; border-left-color: windowtext; border-right-width: 1pt; border-bottom-width: 1pt; border-left-width: 1pt; padding: 0in 5.4pt;\" valign=\"top\" width=\"103\">\r\n			<p align=\"center\" class=\"MsoNormal\" dir=\"RTL\" style=\"margin-bottom: 0.0001pt; text-align: center; line-height: normal; direction: rtl; unicode-bidi: embed;\">ام وی ام X<span lang=\"AR-SA\" style=\"font-family: Arial, sans-serif;\">33</span></p>\r\n			</td>\r\n			<td style=\"width: 1.5in; border-style: none none solid solid; border-left-color: windowtext; border-left-width: 1pt; border-bottom-color: windowtext; border-bottom-width: 1pt; padding: 0in 5.4pt;\" valign=\"top\" width=\"144\">\r\n			<p align=\"center\" class=\"MsoNormal\" dir=\"RTL\" style=\"margin-bottom: 0.0001pt; text-align: center; line-height: normal; direction: rtl; unicode-bidi: embed;\">65.7</p>\r\n			</td>\r\n			<td style=\"width: 63pt; border-style: none none solid solid; border-left-color: windowtext; border-left-width: 1pt; border-bottom-color: windowtext; border-bottom-width: 1pt; padding: 0in 5.4pt;\" valign=\"top\" width=\"84\">\r\n			<p align=\"center\" class=\"MsoNormal\" dir=\"RTL\" style=\"margin-bottom: 0.0001pt; text-align: center; line-height: normal; direction: rtl; unicode-bidi: embed;\">خوب</p>\r\n			</td>\r\n			<td style=\"width: 42.35pt; border-style: none none solid solid; border-left-color: windowtext; border-left-width: 1pt; border-bottom-color: windowtext; border-bottom-width: 1pt; padding: 0in 5.4pt;\" valign=\"top\" width=\"56\">\r\n			<p align=\"center\" class=\"MsoNormal\" dir=\"RTL\" style=\"margin-bottom: 0.0001pt; text-align: center; line-height: normal; direction: rtl; unicode-bidi: embed;\"><span dir=\"LTR\">+B</span></p>\r\n			</td>\r\n		</tr>\r\n	</tbody>\r\n</table>\r\n</div>\r\n\r\n<p class=\"MsoNormal\" dir=\"RTL\" style=\"font-family: tahoma; font-size: 14px; line-height: 22px; word-spacing: 0px; direction: rtl; unicode-bidi: embed;\"><span dir=\"LTR\">&nbsp;</span></p>\r\n','مقایسه محصولات, کرمان موتور, لیفان ایکس 60, لیفان ایکس60, ام وی ام, ام وی ام x33, تحلیل خودرو, بررسی جک, لیفان'),(33,3,'مقایسه دو خودروی لیفان X60 و ام وی ام X33','مقایسه دو خودروی لیفان X60 و ام وی ام X33','مقایسه دو خودروی لیفان X60 و ام وی ام X33','<p>ام وی ام X33 یا همان چری تیگو خودرویی که بی شباهت به ویتارا نیست.</p><p>&nbsp;</p><p style=\"text-align: center;\"><img title=\"چری تیگو\" src=\"http://www.kermanmotor1732.com/uploads/posts/2014-07/1406536605_94034_626.jpg\" alt=\"چری تیگو\"></p><p style=\"text-align: justify;\">&nbsp;</p><p style=\"text-align: justify;\">پیش از آنکه به طراحی کلی خودرو بپردازید فواصل بین برخی قطعات در ظاهر نظر را به خود جلب می کند. ابتدا تصور می شود با خطای مونتاژ روبرو هستید اما کمی دقت مشخص می شود اشکال از طراحی قطعات است جایی که فضای زیادی بین در عقب و گلگیر به وجود آمده از نمای پهلو ضربه سنگینی به طراحی خودرو زده است در ادامه اگر به جلوی خودرو بروید شاهد همین فضا به شیوه ای غیر حرفه ای تر در محل بسته شده درب موتور هستید به نحوی که تصویر می شود خودرو در آن ناحیه ضربه &nbsp;خورده است. البته با وجود اشکال در طراحی قطعات در حالت کلی هماهنگی فرمی مناسبی بین 3 جهت خودرو می توان دریافت کرد.</p>','<p style=\"text-align: center;\"><img alt=\"X33\" src=\"http://www.kermanmotor1732.com/uploads/posts/2014-07/1406534882_94030_991.jpg\" title=\"X33\" /></p>\r\n\r\n<p>لیفان X60 وضعیت بهتری دارد. به سختی می توان اشکال طراحی قطعاتی در آن پیدا کرد، به غیر از فضای ایجاد شده بین درب موتور و چراغ&zwnj;ها که مرتبا به شما این احساس را القا می کند که درب موتور باز است در مابقی قسمت&zwnj;ها، قطعات به خوبی ساخته و پرداخته و مونتاژ شده اند. در حالت کلی ظاهر لیفان X60 با طراحی به روز تر که دماغه آن به نوعی به نظر تغییر یافته سانتافه است در قیاس با رقیب خود یعنی ایکس 33 بسیار چشم نواز تر است.</p>\r\n\r\n<p>&nbsp;</p>\r\n\r\n<p style=\"text-align: center;\"><img alt=\"\" src=\"http://www.kermanmotor1732.com/uploads/posts/2014-07/1406534858_94027_486.jpg\" title=\"\" /></p>\r\n\r\n<p>&nbsp;</p>\r\n\r\n<p>پس از ورود به کابین ایکس 33 با انبوهی از قطعات بسیار بی کیفیت پلاستیکی روبرو می شوید که شاید به سختی در خودروهای بسیار ارزان قیمت ایرانی هم نمونه آن را دیده باشید. موقعیت سواری ایکس 33 علیرغم صندلی های کوچک آن وضعیت بدی ندارد اما توقع یک صندلی با کیفیت و ارگونومیک را نداشته باشید.&nbsp;</p>\r\n\r\n<p>&nbsp;</p>\r\n\r\n<p style=\"text-align: center;\"><img alt=\"داشبورد چری\" src=\"http://www.kermanmotor1732.com/uploads/posts/2014-07/1406536617_94025_491.jpg\" title=\"داشبورد چری\" /></p>\r\n\r\n<p>&nbsp;</p>\r\n\r\n<p>با توجه به ارتفاع آن راننده تسلط خوبی بر روی جاده دارد، آینه ها به اندازه کافی بزرگ هستند و دید عقب راننده هم متناسب است. صندلی های عقب برای ایجاد فضای بار بیشتر به صورت خوابیده در می آیند ولی با توجه به نوع طراحی به صورت یک دست نخواهد شد و برای حمل اجسام یک تکه بزرگ وضعیت مناسبی ندارد. در دسترس بودن ادوات داخلی با توجه به سادگی کنسول خوب است و راننده می تواند در حین رانندگی به همه چیز دسترسی داشته باشد.</p>\r\n\r\n<p>&nbsp;</p>\r\n\r\n<p style=\"text-align: center;\"><img alt=\"لیفان ایکس 60\" src=\"http://www.kermanmotor1732.com/uploads/posts/2014-07/1406534946_94028_625.jpg\" title=\"لیفان ایکس 60\" /></p>\r\n\r\n<p>&nbsp;</p>\r\n\r\n<p>بازهم لیفان X60 وضعیت بهتری دارد، پس از ورود به خودرو شما به یاد خودروهای ژاپنی خصوصا تویوتا راو4 می اندازد، البته بدون در نظر گرفتن کیفیت.&nbsp;</p>\r\n\r\n<p>&nbsp;</p>\r\n\r\n<p style=\"text-align: center;\">[thumb=|داشبورد لیفان X60]http://www.kermanmotor1732.com/uploads/posts/2014-07/1406534944_94033_789.jpg[/thumb]</p>\r\n\r\n<p>&nbsp;</p>\r\n\r\n<p>فضای داخلی لیفان نسبت به ایکس 33 بسیار ظریف تر و با کیفیت تر است و مشخص است لیفان قصد داشته حداقل ها را در این خودرو رعایت کند اگر چه به رقبای ژاپنی و کره ای خود نزدیک نمی شود ولی نسبت به هم وطن رقیب خود چند پله بالاتر است و می تواند بازه قیمتی خود را توجیح کند.&nbsp;</p>\r\n\r\n<p>&nbsp;</p>\r\n\r\n<p style=\"text-align: center;\">[thumb=|داشبورد لیفان X60]http://www.kermanmotor1732.com/uploads/posts/2014-07/1406534901_94032_170.jpg[/thumb]</p>\r\n\r\n<p>&nbsp;</p>\r\n\r\n<p>رو دری&zwnj;ها با چرم مصنوعی دوخت و تزیین شده اند و جنس داشبورد از مواد نرم و براق است. کیلومتر شماره به صورت دیجیتالی است و با وجود اینکه از نظر زیبایی چندان بد به نظر نمی رسد اما راننده نیاز به دقت بیشتری برای خواندن سرعت دارد، صندلی های عقب لیفان بر خلاف ایکس 33 به صورت کامل با کف فضای بار هم سطح می شوند در نتیجه فضای مناسبی برای جابجایی &nbsp;وسایل به وجود می آید.&nbsp;</p>\r\n\r\n<p>&nbsp;</p>\r\n\r\n<p>صندلی های عقب لیفان به صورت پله ای به عقب می خوابند در حالیکه در ایکس 33 این قابلیت وجود ندارد، ایکس 33 قابلیت عقب رفتن صندلی را برای داشتن فضای پای بیشتر دارد که البته باز هم نمی تواند به فضای پای لیفان در حالت عادی دست پیدا کند. از دیگر برتری های لیفان در فضای داخلی می توان به سانروف بزرگتر، فضای بار بیشتر، سیستم صوتی بهتر، تسلط بیشتر بر جاده اشاره کرد.</p>\r\n\r\n<p>&nbsp;</p>\r\n\r\n<p style=\"text-align: center;\">[thumb=|Lifan X60]http://www.kermanmotor1732.com/uploads/posts/2014-07/1406534884_94031_117.jpg[/thumb]</p>\r\n\r\n<p>&nbsp;</p>\r\n\r\n<p>با توجه به عایق بندی بهتر X60 نفوذ صدا به داخل این خودرو کمتر از ایکس 33 است. در حرکت نیز این عایق بندی بیشتر به چشم می آید. در حالت درجا اگر بخواهید دور موتور در ایکس 33 بالا ببرید ابتدا کمی احساس خطر به شما دست پیدا می دهد، از آن جهت که عملکرد موتور هارشینگ شدیدی دارد این وضعیت در لیفان بسیار بهتر است.&nbsp;</p>\r\n\r\n<p>&nbsp;</p>\r\n\r\n<p>حین رانندگی فرمان دو خودرو تیز است و حس خاصی را به راننده منتقل نمی کند. در ترمزگیری شدید X60 &nbsp;واکنش بسیار خوبی نشان می دهد و می توان به آن اعتماد کرد چیزی در ایکس 33 هم به صورت خفیف تر وجود دارد.&nbsp;</p>\r\n\r\n<p>&nbsp;</p>\r\n\r\n<p style=\"text-align: center;\">[thumb]http://www.kermanmotor1732.com/uploads/posts/2014-07/1406534949_94029_985.jpg[/thumb]</p>\r\n\r\n<p>&nbsp;</p>\r\n\r\n<p>با وجود آنکه فاصله بین دو محور لیفان بیشتر از ایکس 33 است اما این لیفان است که به دلیل شاسی بهتر قدرت مانور پذیری خود را به ایکس 33 دیکته می کند، از دلایل دیگر وجود استرس بار در لیفان و سیستم تعلیق با کیفیت تر است. عبور از سرعت گیر ها با لیفان راحت تر است و احساس خطر کمتری به شما دست می&zwnj;دهد.&nbsp;</p>\r\n\r\n<p>&nbsp;</p>\r\n\r\n<p>از نظر مصرف سوخت دو خودرو با توجه به قدرت موتور در وضعیت خوبی قرار دارند و هر دو خودرو با توجه به شرایط رانندگی و تعداد سرنشین در سیکل ترکیبی در بین 8 الی 9 لیتر مصرف سوخت دارند. در بخش امکانات هر دو خودرو به سانروف مجهز هستند و صندلی های دو خودرو نیز از نوع چرم می باشد. تهویه دو خودرو از نوع دستی است. ایکس 33به گرم کن صندلی جلو نیز تجهیز شده است. از نظر امکانات ایمنی دو خودر مجهز به دو ایربگ برای سرنشینان جلو، سیستم ترمز ضد قفل و توزیع الکترونیکی نیروی ترمز EBD هستند.</p>\r\n\r\n<p>&nbsp;</p>\r\n\r\n<p>ام وی ام ایکس 33 توسط موسسه ایمنی استرالیا مورد آزمایش قرار گرفت و نتیجه بسیار ضعیف دو ستاره را دریافت کرد، در توضیحی که موسسه ایمنی استرالیا در مورد خودرو ارایه کرده به بدنه بسیار ضعیف خودرو اشاره و خاطر نشان کرده ضربات شدیدی &nbsp;به پا، دست و سینه آدمک های تست وارد شده است.&nbsp;</p>\r\n\r\n<p>&nbsp;</p>\r\n\r\n<p>بر اساس این گزارش کمپانی چری حاضر به ارایه خودرو به موسسه ایمنی استرالیا جهت ادامه تست تصادف برای برخورد از پهلو به بهانه فراخوان نشده است، در نتیجه این موسسه فقط برخورد از جلو را مورد آزمایش قرار داده است.&nbsp;</p>\r\n\r\n<p>&nbsp;</p>\r\n\r\n<p>اما لیفان فقط توسط موسسه ایمنی چین مورد آزمایش قرار گرفته و توانسته 4 ستاره را از آن تست برای خود بدست بیاورد اما با توجه به آنکه استاندارد تست در چین با استاندارد تست استرالیا متفاوت است نمی توان در این مورد دو خودرو را با هم مقایسه کرد.</p>\r\n\r\n<p>&nbsp;</p>\r\n\r\n<p style=\"text-align: center;\">[thumb=|لیفان ایکس 60]http://www.kermanmotor1732.com/uploads/posts/2014-07/1406534952_94026_149.jpg[/thumb]</p>\r\n\r\n<p>&nbsp;</p>\r\n\r\n<p>ام وی ام X33 &nbsp;و لیفان X60 از موتورهای 4 سیلندر 16 سوپاپ با حجمهای 2.0 و 1.8 لیتر بهره می برند. هر دو خودرو از سیستم زمان بندی متغیر سوپاپ بهره مند هستند. قدرت و گشتاور X33 به ترتیب 6 اسب بخار و 14 نیوتن متر بیشتر از لیفان است. با احتساب وزن 1375 کیلوگرمی ام وی ام و 1330 کیلوگرمی لیفان نسبت نیرو به وزن این دو خودرو تقریبا برابر است.</p>\r\n\r\n<p>&nbsp;</p>\r\n\r\n<p>هم اکنون لیفان X60 در بازار در حدود 67 میلیون تومان قیمت دارد و قیمت &nbsp;ام وی ام ایکس 33 هم در حدود 60 میلیون تومان است.&nbsp;</p>\r\n\r\n<p>&nbsp;</p>\r\n\r\n<p>با توجه اشکالات عمده و اساسی خودروی ایکس 33 نمی تواند نسبت به قیمت پرداختی خود را توجیه کند، این درحالیست علاوه بر ضعف های طراحی و ساختاری دارای اشکالات کیفی نیز است.</p>\r\n\r\n<p>&nbsp;</p>\r\n\r\n<p>&nbsp;</p>\r\n\r\n<p><strong>رده بندی کیفی خودرو&nbsp;</strong></p>\r\n\r\n<p>&nbsp;</p>\r\n\r\n<p>در رده بندی کیفی خودروها که در بهمن ماه 1392 توسط موسسه استاندارد بر اساس نمرات منفی انجام شد، لیفان X60 در حالی جایگاه هشتم را به خود اختصاص داد که رقیب آن در بازار یعنی ام وی ام X33 با یازده نمره منفی بیشتر در جای چهاردهم قرار گرفت.</p>\r\n\r\n<p>&nbsp;</p>\r\n\r\n<p>&nbsp;</p>\r\n\r\n<p>&nbsp;</p>\r\n\r\n<div align=\"right\" style=\"font-family: tahoma; font-size: 14px; line-height: 22px; word-spacing: 0px;\">\r\n<table border=\"1\" cellpadding=\"0\" cellspacing=\"0\" class=\"MsoTableGrid\" dir=\"rtl\" style=\"border-collapse: collapse; border: none; margin-left: auto; margin-right: auto;\">\r\n	<tbody>\r\n		<tr>\r\n			<td style=\"width: 77.4pt; border: 1pt solid windowtext; padding: 0in 5.4pt;\" valign=\"top\" width=\"103\">\r\n			<p align=\"center\" class=\"MsoNormal\" dir=\"RTL\" style=\"margin-bottom: 0.0001pt; text-align: center; line-height: normal; direction: rtl; unicode-bidi: embed;\"><span style=\"font-weight: bold;\">نام خودرو</span></p>\r\n			</td>\r\n			<td style=\"width: 1.5in; border-style: solid none solid solid; border-top-color: windowtext; border-bottom-color: windowtext; border-left-color: windowtext; border-top-width: 1pt; border-bottom-width: 1pt; border-left-width: 1pt; padding: 0in 5.4pt;\" valign=\"top\" width=\"144\">\r\n			<p align=\"center\" class=\"MsoNormal\" dir=\"RTL\" style=\"margin-bottom: 0.0001pt; text-align: center; line-height: normal; direction: rtl; unicode-bidi: embed;\"><span style=\"font-weight: bold;\">نمره منفی</span></p>\r\n			</td>\r\n			<td colspan=\"2\" style=\"width: 105.35pt; border-style: solid none solid solid; border-top-color: windowtext; border-bottom-color: windowtext; border-left-color: windowtext; border-top-width: 1pt; border-bottom-width: 1pt; border-left-width: 1pt; padding: 0in 5.4pt; background-image: initial; background-attachment: initial; background-size: initial; background-origin: initial; background-clip: initial; background-position: initial; background-repeat: initial;\" valign=\"top\" width=\"140\">\r\n			<p align=\"center\" class=\"MsoNormal\" dir=\"RTL\" style=\"margin-bottom: 0.0001pt; text-align: center; line-height: normal; direction: rtl; unicode-bidi: embed;\"><span style=\"font-weight: bold;\">سطح کیفی</span></p>\r\n			</td>\r\n		</tr>\r\n		<tr>\r\n			<td style=\"width: 77.4pt; border-style: none solid solid; border-right-color: windowtext; border-bottom-color: windowtext; border-left-color: windowtext; border-right-width: 1pt; border-bottom-width: 1pt; border-left-width: 1pt; padding: 0in 5.4pt;\" valign=\"top\" width=\"103\">\r\n			<p align=\"center\" class=\"MsoNormal\" dir=\"RTL\" style=\"margin-bottom: 0.0001pt; text-align: center; line-height: normal; direction: rtl; unicode-bidi: embed;\">لیفان X<span lang=\"AR-SA\" style=\"font-family: Arial, sans-serif;\">60</span></p>\r\n			</td>\r\n			<td style=\"width: 1.5in; border-style: none none solid solid; border-left-color: windowtext; border-left-width: 1pt; border-bottom-color: windowtext; border-bottom-width: 1pt; padding: 0in 5.4pt;\" valign=\"top\" width=\"144\">\r\n			<p align=\"center\" class=\"MsoNormal\" dir=\"RTL\" style=\"margin-bottom: 0.0001pt; text-align: center; line-height: normal; direction: rtl; unicode-bidi: embed;\">54.2</p>\r\n			</td>\r\n			<td style=\"width: 63pt; border-style: none none solid solid; border-left-color: windowtext; border-left-width: 1pt; border-bottom-color: windowtext; border-bottom-width: 1pt; padding: 0in 5.4pt;\" valign=\"top\" width=\"84\">\r\n			<p align=\"center\" class=\"MsoNormal\" dir=\"RTL\" style=\"margin-bottom: 0.0001pt; text-align: center; line-height: normal; direction: rtl; unicode-bidi: embed;\">خیلی خوب</p>\r\n			</td>\r\n			<td style=\"width: 42.35pt; border-style: none none solid solid; border-left-color: windowtext; border-left-width: 1pt; border-bottom-color: windowtext; border-bottom-width: 1pt; padding: 0in 5.4pt;\" valign=\"top\" width=\"56\">\r\n			<p align=\"center\" class=\"MsoNormal\" dir=\"RTL\" style=\"margin-bottom: 0.0001pt; text-align: center; line-height: normal; direction: rtl; unicode-bidi: embed;\">A</p>\r\n			</td>\r\n		</tr>\r\n		<tr>\r\n			<td style=\"width: 77.4pt; border-style: none solid solid; border-right-color: windowtext; border-bottom-color: windowtext; border-left-color: windowtext; border-right-width: 1pt; border-bottom-width: 1pt; border-left-width: 1pt; padding: 0in 5.4pt;\" valign=\"top\" width=\"103\">\r\n			<p align=\"center\" class=\"MsoNormal\" dir=\"RTL\" style=\"margin-bottom: 0.0001pt; text-align: center; line-height: normal; direction: rtl; unicode-bidi: embed;\">ام وی ام X<span lang=\"AR-SA\" style=\"font-family: Arial, sans-serif;\">33</span></p>\r\n			</td>\r\n			<td style=\"width: 1.5in; border-style: none none solid solid; border-left-color: windowtext; border-left-width: 1pt; border-bottom-color: windowtext; border-bottom-width: 1pt; padding: 0in 5.4pt;\" valign=\"top\" width=\"144\">\r\n			<p align=\"center\" class=\"MsoNormal\" dir=\"RTL\" style=\"margin-bottom: 0.0001pt; text-align: center; line-height: normal; direction: rtl; unicode-bidi: embed;\">65.7</p>\r\n			</td>\r\n			<td style=\"width: 63pt; border-style: none none solid solid; border-left-color: windowtext; border-left-width: 1pt; border-bottom-color: windowtext; border-bottom-width: 1pt; padding: 0in 5.4pt;\" valign=\"top\" width=\"84\">\r\n			<p align=\"center\" class=\"MsoNormal\" dir=\"RTL\" style=\"margin-bottom: 0.0001pt; text-align: center; line-height: normal; direction: rtl; unicode-bidi: embed;\">خوب</p>\r\n			</td>\r\n			<td style=\"width: 42.35pt; border-style: none none solid solid; border-left-color: windowtext; border-left-width: 1pt; border-bottom-color: windowtext; border-bottom-width: 1pt; padding: 0in 5.4pt;\" valign=\"top\" width=\"56\">\r\n			<p align=\"center\" class=\"MsoNormal\" dir=\"RTL\" style=\"margin-bottom: 0.0001pt; text-align: center; line-height: normal; direction: rtl; unicode-bidi: embed;\"><span dir=\"LTR\">+B</span></p>\r\n			</td>\r\n		</tr>\r\n	</tbody>\r\n</table>\r\n</div>\r\n\r\n<p class=\"MsoNormal\" dir=\"RTL\" style=\"font-family: tahoma; font-size: 14px; line-height: 22px; word-spacing: 0px; direction: rtl; unicode-bidi: embed;\"><span dir=\"LTR\">&nbsp;</span></p>\r\n','مقایسه محصولات, کرمان موتور, لیفان ایکس 60, لیفان ایکس60, ام وی ام, ام وی ام x33, تحلیل خودرو, بررسی جک, لیفان'),(38,1,'تجربه سفر با جک جی 5 اتوماتیک - پارت اول','تجربه سفر با جک جی 5 اتوماتیک - پارت اول','تجربه سفر با جک جی 5 اتوماتیک - پارت اول','<p><br></p>','<p style=\"text-align: justify;\">(سوزوکي گراند ويتارا مدل 91-هيونداي توسان مدل 2008-رنومگان 2000مدل90-تندر 90 اتومات مدل92 -هيونداي سوناتا2009)<br />\r\nو به دليل اينکه اين مسافرت به صورت تصادفي و روي داده بود (بخاطر کسالت قصد سفر را نداشتم ) که حتي نتوانستيم خودرو را چک اپ و براي سرويس به نمايندگي ببريم که با اصرار دوستان و اعتماد بر تعداد زياد و معطل نشدن ديگران حرکت کرديم<br />\r\n(که اکيدا توصيه ميکنم که هيچگاه براي يک مسافرت حتي کوتاه اين ريسک را نکرده و حتما قبل از حرکت با برنامه ريزي خودرو را به طور کامل چک اپ کامل کنند )<br />\r\nخودرو را در ابتداي حرکت در اولين جايگاه بنزين قبل از خارج شدن از شهر به طور کامل پر کردم و براي اطلاع از مصرف کيلومتر را يادداشت کردم 3910کيلومتر&nbsp;</p>\r\n\r\n<p style=\"text-align: justify;\">&nbsp;</p>\r\n\r\n<p style=\"text-align: justify;\"><strong>مسير حرکت ما شامل شهرهاي اصفهان - قم - تهران - بابل بود&nbsp;</strong><br />\r\nوقتي به سمت اولين شهر مسير (اصفهان) در حرکت بوديم به علت توريستي بودن اين شهر زيبا از هما ن ابتداي ورود به جاده منتهي به اصفهان با ترافيک زياد جاده روبرو شديم که با مشورت با يکديگر&nbsp;<br />\r\nو پيشنهاد يکي از دوستان براي اينکه به ترافيک داخل شهر اصفهان برخورد نکنيم از ازاد راه ذوب اهن (مسير جديد تهران )استفاده کنيم که از سوي جمع پذيزفته شد و بعد از حرکت و بعد ز انکه از زرين شهر خارج و به ورودي ذوب اهن رسيديم بنا به پيشنهاد و فرار از ترافيک وارد ازاد راه اصفهان -تهران شديم که با پرداخت عوارض به مبلغ 1000 تومان وارد ازادراه شديم&nbsp;<br />\r\nبه دليل تقريبا نوساز بودن ازاد راه و مشکل نداشتن امکانات رفاهي و خدماتي در اين مسير بسيار خلوت و کم ترافيک بود و کيفيت خوب اسفالت و مسطح بودن و بزرگي جاده و نبود دوربین کنترل سرعت تا جایگاه عوارضی بعدی وسوسه افزایش سرعت را ايجاد ميکرد که با توجه به اينکه تا کنون با جک بيشتر از130کيلومتر سرعت را&nbsp;<br />\r\nتجربه نکرده بودم زمان خوبي براي تست سرعت بود مخصوصا اينکه دوستان اين بهانه را با سرعت گرفتن تشديد کردند و جک پا به پاي خودرو هاي دوستان حرکت ميکرد کار بجاي رسيد که در يک کل کل دوستانه بين مگان و جک در سرعت 120 اقدام به فشردن پدال گاز تا انتها کردم که با واکنش بسیار خوب گریبکس مواجه شدم و مگان با اينکه از نظر بار از&nbsp;<br />\r\nجک سبک تر بود نتوانست از جک پيشی بگیرد و همچنین توسان و حتی سوزوکی و فقط سوناتا بود که برتری خود را به رخ کشید و این عملکرد جک هم برای من جالب بود و هم برای دیگر دوستان و نکته جالب تر عملکرد بسیار عالی تندر 90 اتومات بود که بااینکه نسبت به بقیه خودروها حجم کمتر و قدرت کمتری داشت&nbsp;<br />\r\nاما فاصله چندانی نیز با دیگران نداشت اما در این مسابقه دوستانه رتبه اخر را به دست اورد و اگر در یک جمع بندی دلیل کم نیاوردن جک را عملکرد مطلوب گریبکس مخصوصا با افزایش دور موتور میشود دانست و در این کل کل دوستانه تامرز سرعت 180کیلومتر نیز&nbsp;<br />\r\nرفتیم که به نظر باز میتوانست افزایش سرعت داد وبرای دوستان و حتی خانواده این سبک رانندگی من جالب بود زیرا تا کنون انها چنین رانندگی سریعی را از من ندیده بودند بعد از این کل کل به عوارضی دوم رسیدیم و چون از این به بعدازادراه به دوربین کنترل سرعت مجهز شده بود<br />\r\nدیگر ریسک سرعت را نکردیم و در یک پارکینگ برای کمی استراحت نگه داشتیم و اولین صحبتی که رد و بدل شد ان بود که هیچ کدام از دوستان انتظار چنین عملکردی را از جک نداشتند و به قصد خود میخواستند به من ثابت کنند که خودرو چینی&nbsp;<br />\r\nچیزی برای عرضه ندارد و حتی به نظر انها فکر میکردند تندر90 اتومات بهتر باشد اما پس از کل کل همه به عملکرد مطلوب ان اشاره داشتند&nbsp;<br />\r\nپس از استراحتی کوتاه دوباره به راه افتادیم اما این دفعه یکی از همراهان پشت رل نشستند و من فرصتی شد تا از نگاه سرنشین عقب خودرو را برای اولین بار تجربه کنم&nbsp;<br />\r\nبا خروج از ازاد راه و ورد به جداه تهران و کیفیت پائیین جاده به واسطه کنده شدن اسفالت و روکشهای نامرغوب مواجه شدیم که این مسیر تا نزدیکی (دلیجان ) همین گونه بود&nbsp;<br />\r\nو ازمون خوبی برای سیستم تعلیق عقب جک که متوجه شدم به دلیل وجود بار و ظزفیت 4 سرنشین با احتساب راننده عملکرد سیستم تعلیق عقب به مراتب نرم تر و کوبش ها خیلی کم شده است و به دلیل فضای مطلوب جلو پا وشیب مطلوب صندلی راحتی و ارامش خاصی را ایجاد میکرد<br />\r\nو فقط نکته فنی به ویژه بخاطر حضور 2 نفر در صندلی عقب نمود میکرد عدم وجود زیر ارنجی صندلی عقب بود در طول مسیر که به عنوان سرنشین در عقب خودرو بودم به نکات دیگری نیز توجه کردم (به همه دوستان پیشنهاد میکنم برای بیشتر درک کردن خودرو حتما فاصله ای<br />\r\nهرچند محدود را در صندلی عقب قرار بگیرند که تجربه ای جدید از خودرو به انها میدهد )صدای موتور در حرکت با دنده 4 و دور موتور نزدیک 3800 خیل کم و با کمی اضافه شدن حجم سیستم صوتی اصلا به گوش نمیرسید&nbsp;<br />\r\nدریک جمع بندی از فضای عقب میتوان به عملکرد مطلوب سیستم تعلیق به ویژه با بار ومسافر .فضای عالی و بدون کم کاست عقب و صدای کم وارد شده را اشاره کرد<br />\r\nنزدیک ظهر به شهر محلات رسیدیم که با پیشنهاد یکی از دوستان برای استفاده از اب گرم طبیعی و رفع خستگی به مجموعه اقامتی تفریحی محلات مراجعه و قرار شد که فردا به راه ادامه دهیم بعد از کرایه اقامت گاه و پارک خودرو ها در کنار یکدیگر&nbsp;<br />\r\nنگاه جالب مهمانان اقامتگاه به جک شایان توجه بود به حدی که چندین نفر اسم خودرو را در هنگام خالی کردن وسایل مورد نیاز از صندوق پرسیدند و جالب بود با وجود خودرو های روز که در پارکینگ موجود بود باز نگاه ره گزران را به خود جلب میکرد و این حس خوبی به انسان منتقل میکند&nbsp;<br />\r\nو نکته دیگر در پارکینگ مجموعه تفاوت اشکار طراحی خودرو های جدید با دیگر خودرو ها بود و رنگ باختن تمام عیار تندر 90 در جمع خودروهای ما که درکنار پارس و پژوها و سمندها بسیار قدیمی جلوه میکرد&nbsp;<br />\r\nبعد از استراحت و استفاده ار استخر و دوش اب گرم معدنی و طبیعی محلات که به همه دوستان دیدن انرا پیشنهاد میکنم صبح زود بعد از نماز به سمت تهران به راه افتادیم و باز من پشت رل قرار گرفتم و نکته جالب طی این مسیر حدود 350 کیلومتر و کل کل با سرعت بالا فقط کم شدن&nbsp;<br />\r\nیک نشان از نشانگر مصرف سوخت بود اما باز نمی توانستم که مصرف دقیقی از ان به دست بیاورم در مسیر حرکت برای تنوع چند جابجایی روی داد و سرنشینان سوزوکی (که به نظز من میخواستند از جک سر در بیاورند و کنجکاوی امانشان را بریده بود جایگزین همراهانم شدند&nbsp;<br />\r\nو در ابتدای ورود و قرار گیری در صندلی ها از طراحی داخلی ان تعریف کردند و فکر نمیکردند که اینگونه باشد و در طی مسیر تا قم از فضای داخلی نیز بسیار خشنود بودند&nbsp;<br />\r\nو کیفیت متریال داخلی را بسیار خوب میدیدند بعد از رسیدن به قم برای استراحت و زیارت (خواهر امام رضا (ع) معصومه خاتون به داخل شهر قم وارد شدیم و بدنبال جای پارک در رودخانه خشک شده قدیمی قم (که اب محدودی داشت در حد یک کانال ) یک جای پارک پیدا کرده و برای نماز و زیارت&nbsp;<br />\r\nعازم شدیم که پس از بازگشت با شکسته شدن اینه سوناتا و گراند ویتارا مواجه شدیم که به نظز میرسید که یه صورت دستی شکسته شده بودند که خوشبختانه دیگر خودرو ها اسیبی ندیده بودند و برای پیدا کردن اینه با دو خودرو اسیب دیده به دنبال نمایندگی رفتیم و دیگر دوستان&nbsp;<br />\r\nباقی ماندند د که من در سوزوکی قرار گرفتم و به جرات میتوان عملکرد جعبه دنده سوزوکی را با جک از نظر کشش و ضربه کوچک در حرکت در ترافیک میتوان مشابه دانست بعد از کلی ادرس گرفتن موفق به تهیه هر دو اینه شدیم البته از یک فروشگاه لوازم یدکی در&nbsp;<br />\r\nمسیر هفتادو دوتن که بعد تهیه ونصب به محل پارکینگ باز گشتیم و اینبار در صندلی عقب سوزوکی قرار گرفتم (به دلیل اینکه تجربه سوناتا را داشتم و خودرو قبلیم بود بیشتر مایل به تست و شناخت عملکرد سوزوکی بودم )و نکته جالب انکه ضربه و کوبش سیستم تعلیق<br />\r\nعقب سوزوکی بیشتر از جک بود و صدای کوبش بیشتری را به سرنشنان عقب انتقال میداد و نکته دیگر صدای موتور بیشتر سوزوکی بود و در زمان برگشت این موضوعات را بیان کردم و به دوست عزیز پیشنهاد دادم که جک را نیز تست کند و نظر خود را بگویید&nbsp;<br />\r\nپس از مراجعه به پارکینگ به دلیل انکه خیلی معطل شدن و بخاطر گشت زنی در شهر خسته شده بودیم پیشنهاد همسرم به طرف مسجد جمکران حرکت که هم زیارت کرده و هم شب را در انجا سپری کنیم حرکت کردیم و در این مسیر حرم حضرت معصومه تا مسجد جمکران&nbsp;<br />\r\nباز همراهان تعویض شدند و اینبار همراهان مگان با ما همراه شدند و انها نیز همان نظز قبلی را داشتند با این اضافه که مجموعه داشبورد خیلی بهتر از مگان است و چشم نواز تر پس از توقف در پارکینگ مسجد جمکران و زیارت و نمار و و گزارندن شب صبح زود بعد از نماز دوباره به سمت تهران به راه افتادیم .......</p>\r\n','سفر با جک, محصولات جک, جک جی, جک 5, جک اتوماتیک, jac, کرمان موتور, مقایسه سوزوکي, ويتارا, هيوندای, توسان, رنو, مگان, تندر 90, جک اتومات, سوناتا, مقایسه سوزوکی ویتارا, مقایسه ویتارا'),(38,3,'تجربه سفر با جک جی 5 اتوماتیک - پارت اول','تجربه سفر با جک جی 5 اتوماتیک - پارت اول','تجربه سفر با جک جی 5 اتوماتیک - پارت اول','<p><br></p>','<p style=\"text-align: justify;\">(سوزوکي گراند ويتارا مدل 91-هيونداي توسان مدل 2008-رنومگان 2000مدل90-تندر 90 اتومات مدل92 -هيونداي سوناتا2009)<br />\r\nو به دليل اينکه اين مسافرت به صورت تصادفي و روي داده بود (بخاطر کسالت قصد سفر را نداشتم ) که حتي نتوانستيم خودرو را چک اپ و براي سرويس به نمايندگي ببريم که با اصرار دوستان و اعتماد بر تعداد زياد و معطل نشدن ديگران حرکت کرديم<br />\r\n(که اکيدا توصيه ميکنم که هيچگاه براي يک مسافرت حتي کوتاه اين ريسک را نکرده و حتما قبل از حرکت با برنامه ريزي خودرو را به طور کامل چک اپ کامل کنند )<br />\r\nخودرو را در ابتداي حرکت در اولين جايگاه بنزين قبل از خارج شدن از شهر به طور کامل پر کردم و براي اطلاع از مصرف کيلومتر را يادداشت کردم 3910کيلومتر&nbsp;</p>\r\n\r\n<p style=\"text-align: justify;\">&nbsp;</p>\r\n\r\n<p style=\"text-align: justify;\"><strong>مسير حرکت ما شامل شهرهاي اصفهان - قم - تهران - بابل بود&nbsp;</strong><br />\r\nوقتي به سمت اولين شهر مسير (اصفهان) در حرکت بوديم به علت توريستي بودن اين شهر زيبا از هما ن ابتداي ورود به جاده منتهي به اصفهان با ترافيک زياد جاده روبرو شديم که با مشورت با يکديگر&nbsp;<br />\r\nو پيشنهاد يکي از دوستان براي اينکه به ترافيک داخل شهر اصفهان برخورد نکنيم از ازاد راه ذوب اهن (مسير جديد تهران )استفاده کنيم که از سوي جمع پذيزفته شد و بعد از حرکت و بعد ز انکه از زرين شهر خارج و به ورودي ذوب اهن رسيديم بنا به پيشنهاد و فرار از ترافيک وارد ازاد راه اصفهان -تهران شديم که با پرداخت عوارض به مبلغ 1000 تومان وارد ازادراه شديم&nbsp;<br />\r\nبه دليل تقريبا نوساز بودن ازاد راه و مشکل نداشتن امکانات رفاهي و خدماتي در اين مسير بسيار خلوت و کم ترافيک بود و کيفيت خوب اسفالت و مسطح بودن و بزرگي جاده و نبود دوربین کنترل سرعت تا جایگاه عوارضی بعدی وسوسه افزایش سرعت را ايجاد ميکرد که با توجه به اينکه تا کنون با جک بيشتر از130کيلومتر سرعت را&nbsp;<br />\r\nتجربه نکرده بودم زمان خوبي براي تست سرعت بود مخصوصا اينکه دوستان اين بهانه را با سرعت گرفتن تشديد کردند و جک پا به پاي خودرو هاي دوستان حرکت ميکرد کار بجاي رسيد که در يک کل کل دوستانه بين مگان و جک در سرعت 120 اقدام به فشردن پدال گاز تا انتها کردم که با واکنش بسیار خوب گریبکس مواجه شدم و مگان با اينکه از نظر بار از&nbsp;<br />\r\nجک سبک تر بود نتوانست از جک پيشی بگیرد و همچنین توسان و حتی سوزوکی و فقط سوناتا بود که برتری خود را به رخ کشید و این عملکرد جک هم برای من جالب بود و هم برای دیگر دوستان و نکته جالب تر عملکرد بسیار عالی تندر 90 اتومات بود که بااینکه نسبت به بقیه خودروها حجم کمتر و قدرت کمتری داشت&nbsp;<br />\r\nاما فاصله چندانی نیز با دیگران نداشت اما در این مسابقه دوستانه رتبه اخر را به دست اورد و اگر در یک جمع بندی دلیل کم نیاوردن جک را عملکرد مطلوب گریبکس مخصوصا با افزایش دور موتور میشود دانست و در این کل کل دوستانه تامرز سرعت 180کیلومتر نیز&nbsp;<br />\r\nرفتیم که به نظر باز میتوانست افزایش سرعت داد وبرای دوستان و حتی خانواده این سبک رانندگی من جالب بود زیرا تا کنون انها چنین رانندگی سریعی را از من ندیده بودند بعد از این کل کل به عوارضی دوم رسیدیم و چون از این به بعدازادراه به دوربین کنترل سرعت مجهز شده بود<br />\r\nدیگر ریسک سرعت را نکردیم و در یک پارکینگ برای کمی استراحت نگه داشتیم و اولین صحبتی که رد و بدل شد ان بود که هیچ کدام از دوستان انتظار چنین عملکردی را از جک نداشتند و به قصد خود میخواستند به من ثابت کنند که خودرو چینی&nbsp;<br />\r\nچیزی برای عرضه ندارد و حتی به نظر انها فکر میکردند تندر90 اتومات بهتر باشد اما پس از کل کل همه به عملکرد مطلوب ان اشاره داشتند&nbsp;<br />\r\nپس از استراحتی کوتاه دوباره به راه افتادیم اما این دفعه یکی از همراهان پشت رل نشستند و من فرصتی شد تا از نگاه سرنشین عقب خودرو را برای اولین بار تجربه کنم&nbsp;<br />\r\nبا خروج از ازاد راه و ورد به جداه تهران و کیفیت پائیین جاده به واسطه کنده شدن اسفالت و روکشهای نامرغوب مواجه شدیم که این مسیر تا نزدیکی (دلیجان ) همین گونه بود&nbsp;<br />\r\nو ازمون خوبی برای سیستم تعلیق عقب جک که متوجه شدم به دلیل وجود بار و ظزفیت 4 سرنشین با احتساب راننده عملکرد سیستم تعلیق عقب به مراتب نرم تر و کوبش ها خیلی کم شده است و به دلیل فضای مطلوب جلو پا وشیب مطلوب صندلی راحتی و ارامش خاصی را ایجاد میکرد<br />\r\nو فقط نکته فنی به ویژه بخاطر حضور 2 نفر در صندلی عقب نمود میکرد عدم وجود زیر ارنجی صندلی عقب بود در طول مسیر که به عنوان سرنشین در عقب خودرو بودم به نکات دیگری نیز توجه کردم (به همه دوستان پیشنهاد میکنم برای بیشتر درک کردن خودرو حتما فاصله ای<br />\r\nهرچند محدود را در صندلی عقب قرار بگیرند که تجربه ای جدید از خودرو به انها میدهد )صدای موتور در حرکت با دنده 4 و دور موتور نزدیک 3800 خیل کم و با کمی اضافه شدن حجم سیستم صوتی اصلا به گوش نمیرسید&nbsp;<br />\r\nدریک جمع بندی از فضای عقب میتوان به عملکرد مطلوب سیستم تعلیق به ویژه با بار ومسافر .فضای عالی و بدون کم کاست عقب و صدای کم وارد شده را اشاره کرد<br />\r\nنزدیک ظهر به شهر محلات رسیدیم که با پیشنهاد یکی از دوستان برای استفاده از اب گرم طبیعی و رفع خستگی به مجموعه اقامتی تفریحی محلات مراجعه و قرار شد که فردا به راه ادامه دهیم بعد از کرایه اقامت گاه و پارک خودرو ها در کنار یکدیگر&nbsp;<br />\r\nنگاه جالب مهمانان اقامتگاه به جک شایان توجه بود به حدی که چندین نفر اسم خودرو را در هنگام خالی کردن وسایل مورد نیاز از صندوق پرسیدند و جالب بود با وجود خودرو های روز که در پارکینگ موجود بود باز نگاه ره گزران را به خود جلب میکرد و این حس خوبی به انسان منتقل میکند&nbsp;<br />\r\nو نکته دیگر در پارکینگ مجموعه تفاوت اشکار طراحی خودرو های جدید با دیگر خودرو ها بود و رنگ باختن تمام عیار تندر 90 در جمع خودروهای ما که درکنار پارس و پژوها و سمندها بسیار قدیمی جلوه میکرد&nbsp;<br />\r\nبعد از استراحت و استفاده ار استخر و دوش اب گرم معدنی و طبیعی محلات که به همه دوستان دیدن انرا پیشنهاد میکنم صبح زود بعد از نماز به سمت تهران به راه افتادیم و باز من پشت رل قرار گرفتم و نکته جالب طی این مسیر حدود 350 کیلومتر و کل کل با سرعت بالا فقط کم شدن&nbsp;<br />\r\nیک نشان از نشانگر مصرف سوخت بود اما باز نمی توانستم که مصرف دقیقی از ان به دست بیاورم در مسیر حرکت برای تنوع چند جابجایی روی داد و سرنشینان سوزوکی (که به نظز من میخواستند از جک سر در بیاورند و کنجکاوی امانشان را بریده بود جایگزین همراهانم شدند&nbsp;<br />\r\nو در ابتدای ورود و قرار گیری در صندلی ها از طراحی داخلی ان تعریف کردند و فکر نمیکردند که اینگونه باشد و در طی مسیر تا قم از فضای داخلی نیز بسیار خشنود بودند&nbsp;<br />\r\nو کیفیت متریال داخلی را بسیار خوب میدیدند بعد از رسیدن به قم برای استراحت و زیارت (خواهر امام رضا (ع) معصومه خاتون به داخل شهر قم وارد شدیم و بدنبال جای پارک در رودخانه خشک شده قدیمی قم (که اب محدودی داشت در حد یک کانال ) یک جای پارک پیدا کرده و برای نماز و زیارت&nbsp;<br />\r\nعازم شدیم که پس از بازگشت با شکسته شدن اینه سوناتا و گراند ویتارا مواجه شدیم که به نظز میرسید که یه صورت دستی شکسته شده بودند که خوشبختانه دیگر خودرو ها اسیبی ندیده بودند و برای پیدا کردن اینه با دو خودرو اسیب دیده به دنبال نمایندگی رفتیم و دیگر دوستان&nbsp;<br />\r\nباقی ماندند د که من در سوزوکی قرار گرفتم و به جرات میتوان عملکرد جعبه دنده سوزوکی را با جک از نظر کشش و ضربه کوچک در حرکت در ترافیک میتوان مشابه دانست بعد از کلی ادرس گرفتن موفق به تهیه هر دو اینه شدیم البته از یک فروشگاه لوازم یدکی در&nbsp;<br />\r\nمسیر هفتادو دوتن که بعد تهیه ونصب به محل پارکینگ باز گشتیم و اینبار در صندلی عقب سوزوکی قرار گرفتم (به دلیل اینکه تجربه سوناتا را داشتم و خودرو قبلیم بود بیشتر مایل به تست و شناخت عملکرد سوزوکی بودم )و نکته جالب انکه ضربه و کوبش سیستم تعلیق<br />\r\nعقب سوزوکی بیشتر از جک بود و صدای کوبش بیشتری را به سرنشنان عقب انتقال میداد و نکته دیگر صدای موتور بیشتر سوزوکی بود و در زمان برگشت این موضوعات را بیان کردم و به دوست عزیز پیشنهاد دادم که جک را نیز تست کند و نظر خود را بگویید&nbsp;<br />\r\nپس از مراجعه به پارکینگ به دلیل انکه خیلی معطل شدن و بخاطر گشت زنی در شهر خسته شده بودیم پیشنهاد همسرم به طرف مسجد جمکران حرکت که هم زیارت کرده و هم شب را در انجا سپری کنیم حرکت کردیم و در این مسیر حرم حضرت معصومه تا مسجد جمکران&nbsp;<br />\r\nباز همراهان تعویض شدند و اینبار همراهان مگان با ما همراه شدند و انها نیز همان نظز قبلی را داشتند با این اضافه که مجموعه داشبورد خیلی بهتر از مگان است و چشم نواز تر پس از توقف در پارکینگ مسجد جمکران و زیارت و نمار و و گزارندن شب صبح زود بعد از نماز دوباره به سمت تهران به راه افتادیم .......</p>\r\n','سفر با جک, محصولات جک, جک جی, جک 5, جک اتوماتیک, jac, کرمان موتور, مقایسه سوزوکي, ويتارا, هيوندای, توسان, رنو, مگان, تندر 90, جک اتومات, سوناتا, مقایسه سوزوکی ویتارا, مقایسه ویتارا'),(39,1,'تجربه سفر با جک جی 5 اتوماتیک پارت دوم و سوم','تجربه سفر با جک جی 5 اتوماتیک پارت دوم و سوم','تجربه سفر با جک جی 5 اتوماتیک پارت دوم و سوم','<p><span style=\"color: #993300;\"><strong>قسمت دوم</strong></span><br /><br />صبح زود بعد از نماز دوباره به سمت تهران به راه افتاديم .......<br /><br />هنگام شروع حرکت وضعيت لاستيک ها چک کردم (به دليل خرابي سيستم نشانگر ميزان فشار تاير ها که قبلا به دوستان اعلام کرده بودم که با چند بار مراجعه به نمايندگي رفع نشد ) تا ببينم تغيیر ایجاد نشده باشد تنها کاري که قبل از حرکت انجام شده بود تنظيم باد لاستيکها با نيتروژن بود<br />که به توصيه دوستان در سايت انجام شد که هم صداي لاستيک به نظر ميرسد کمتر شده بود و هم خودرو گويا کمي نرمتر ولي به اين تغييرات يه طور محسوس نبود اما ميشد ان را حس کرد بعد يک چک اپ ناشيانه </p>','<p><span style=\"color: #993300;\"><strong>قسمت دوم</strong></span><br />\r\n<br />\r\nصبح زود بعد از نماز دوباره به سمت تهران به راه افتاديم .......<br />\r\n<br />\r\nهنگام شروع حرکت وضعيت لاستيک ها چک کردم (به دليل خرابي سيستم نشانگر ميزان فشار تاير ها که قبلا به دوستان اعلام کرده بودم که با چند بار مراجعه به نمايندگي رفع نشد ) تا ببينم تغيیر ایجاد نشده باشد تنها کاري که قبل از حرکت انجام شده بود تنظيم باد لاستيکها با نيتروژن بود<br />\r\nکه به توصيه دوستان در سايت انجام شد که هم صداي لاستيک به نظر ميرسد کمتر شده بود و هم خودرو گويا کمي نرمتر ولي به اين تغييرات يه طور محسوس نبود اما ميشد ان را حس کرد بعد يک چک اپ ناشيانه</p>\r\n','سفر با جک, محصولات جک, جک جی, جک 5, جک اتوماتیک, jac, کرمان موتور, مقایسه سوزوکي, ويتارا, هيوندای, توسان, رنو, مگان, تندر 90, جک اتومات, سوناتا, مقایسه سوزوکی ویتارا, مقایسه ویتارا'),(39,3,'تجربه سفر با جک جی 5 اتوماتیک پارت دوم و سوم','تجربه سفر با جک جی 5 اتوماتیک پارت دوم و سوم','تجربه سفر با جک جی 5 اتوماتیک پارت دوم و سوم','<p><span style=\"color: #993300;\"><strong>قسمت دوم</strong></span><br /><br />صبح زود بعد از نماز دوباره به سمت تهران به راه افتاديم .......<br /><br />هنگام شروع حرکت وضعيت لاستيک ها چک کردم (به دليل خرابي سيستم نشانگر ميزان فشار تاير ها که قبلا به دوستان اعلام کرده بودم که با چند بار مراجعه به نمايندگي رفع نشد ) تا ببينم تغيیر ایجاد نشده باشد تنها کاري که قبل از حرکت انجام شده بود تنظيم باد لاستيکها با نيتروژن بود<br />که به توصيه دوستان در سايت انجام شد که هم صداي لاستيک به نظر ميرسد کمتر شده بود و هم خودرو گويا کمي نرمتر ولي به اين تغييرات يه طور محسوس نبود اما ميشد ان را حس کرد بعد يک چک اپ ناشيانه </p>','<p><span style=\"color: #993300;\"><strong>قسمت دوم</strong></span><br />\r\n<br />\r\nصبح زود بعد از نماز دوباره به سمت تهران به راه افتاديم .......<br />\r\n<br />\r\nهنگام شروع حرکت وضعيت لاستيک ها چک کردم (به دليل خرابي سيستم نشانگر ميزان فشار تاير ها که قبلا به دوستان اعلام کرده بودم که با چند بار مراجعه به نمايندگي رفع نشد ) تا ببينم تغيیر ایجاد نشده باشد تنها کاري که قبل از حرکت انجام شده بود تنظيم باد لاستيکها با نيتروژن بود<br />\r\nکه به توصيه دوستان در سايت انجام شد که هم صداي لاستيک به نظر ميرسد کمتر شده بود و هم خودرو گويا کمي نرمتر ولي به اين تغييرات يه طور محسوس نبود اما ميشد ان را حس کرد بعد يک چک اپ ناشيانه</p>\r\n','سفر با جک, محصولات جک, جک جی, جک 5, جک اتوماتیک, jac, کرمان موتور, مقایسه سوزوکي, ويتارا, هيوندای, توسان, رنو, مگان, تندر 90, جک اتومات, سوناتا, مقایسه سوزوکی ویتارا, مقایسه ویتارا'),(40,1,'تجربه سفر با جک جی 5 اتوماتیک قسمت چهارم و پنجم','تجربه سفر با جک جی 5 اتوماتیک قسمت چهارم و پنجم','تجربه سفر با جک جی 5 اتوماتیک قسمت چهارم و پنجم','<p><span style=\"color: #993300;\"><strong>قسمت چهارم</strong></span><br><br>بعد از استقبال گرم ميزبان وارد خانه زيباي روستايي با سقف سفالي و محوطه زيباي داخل منزل شديم و.....<br>پس از ورود به منزل و قرار گرفتن در جو حاکم که مملو از جنب و جوش و شادي براي تهيه و تدارکات جشن در پيش رو بود کلاميزان کمي خستگي که احساس ميکرديم نيز از بين رفت با پذيرايي بي نظير و مهمان نوازي وِِيژه منطقه شمال <br><br></p>','<p>(که با يک قوري بزرگ که بيشتر به پارچ چيني شباهت داشت پذيرايي شديم و طعم و عطر چاي که خيلي عالي بود )<br />\r\nبعد از کمي گفتگو و حال و احوال و تعريف مسير طي شده با پيشنهاد پسر کوچک ميزبان مبني بر اينکه معبر کوچه کم است و به دليل روستايي بودن و استفاده زياد تيلر به عنوان خودرو و وانت احتمال برخورد و يا سايش با خودرو ها ي ما و جود دارد و صلاح ان است که خودرو ها به داخل منتقل شوند و&nbsp;<br />\r\nبا توجه به اينکه فضاي حياط خانه بسيار بزرگ بود (فضايي حدود 600متر ) و جاي کافي براي همه خودرو ها و حتي خودرو هاي مهمانان ديگر که قبل از ما رسيده بودند وجود دارد با اين پيشنهاد موافقت کرديم و مشغول انتقال خودرو ها به محوطه بزرگ حياط خانه شديم<br />\r\nکه فضايي به واقع زيبا داشت در گوشه از حياط با پنس محوطه اي براي نگه داري ماکيان مختلفي که پرورش ميدادند قرار داده بودند که تعداد قابل توجهي داشتند و تنوع کاملي به قول يکي از همراهانم باغ پرندگاني براي خود دارند&nbsp;<br />\r\nو در سمت ديگر موتور خانه و چاه اب قرار گرفته بود نکته جالب در روستاهاي شمال انست که لوله کشي شهري براي اب وجود ندارد و از اب چاه استفاده ميکنند و عمق چاه هاي اين مناطق رياد نيست به دليل نزديک به دريا و پست بودن منطقه&nbsp;<br />\r\nبعد از وارسي محوطه حياط خودرو ها به داخل هدايت شدند که البته خودر هاي مهمانهاي ديگر که از شهر هاي مشهد -تهران و شهرهاي شمالي مانند گيلان نيز بودند که تعدادي بالغ بر 4 خودرو به غير از خودرو هاي ما در محوطه پارک شده بودند که با قرار گيري خودرو هاي ما براي خود نمايشگاه کاملي از خودرو هاي مختلف با برندهاي&nbsp;<br />\r\nمختلف شد (به علت اينکه ميزبان يکي از بزرگترين زمين داران و کشاورزان منطقه بود و شاليزار وسيعي در اختيار داشت و لاجرم با استانهاي ديگر مثل شهر ما از طريق فروش برنج اشنا شده بود و دوستاني پيدا کرده بود و بخاطر طبع بزرگوار ايشان از بيشتر نقاط کشور مهمان دعوت کرده بود)و به دليل وجود چند ساختمان مستقل&nbsp;<br />\r\nتوانايي پذيرايي از همه ميهمانان را داشتند و اين جمع شلوغ لذتي وصف نا شدني داشت&nbsp;<br />\r\nبعد از پارک خودرو ها و با حضور مهمانان ديگر و اشنايي با انها مشغول صحبت با دوستان جديد شديم که برخود جالب انکه به نظر ميرسيد بخاطر چهره تازه و کمتر ديده شدن جک در جاده ها و خيابانهاي سطح شهر ها بيشتر جلب توجه ميکرد<br />\r\nو باعث ايجاد سوال مهمانان و دوستان جديد در مورد جک شد در همين حين يکي از همرا هانم (صاحب تندر 90)که بين گروه جوانترين بودند به قولي شروع به شوخي کردن با مهمانان کرد و از انها حدود قيمت جک را پرسيد و متفق القول قيمتي حدود 80 الي 100 را بيان نمودند که براي دوست عزيزي که سوناتا داشت باعث شگفتي زيادي شد و&nbsp;<br />\r\nايشان نيز خودرو خود را (سوناتا 2009 )را نشان و نظز انها را در مورد قيمت جويا شد که باز محدوده 90 تا 100 را گفتند که دقيقا صحيح بود و نشان از شناخت مهمانان از قيمت خودرو هاي که حضور قبلي در بازار داشتند را نشان ميداد وقتي دليل عنوان کردن قيمت 80 و بالاتر براي جک را جويا شديم&nbsp;<br />\r\nطراحي جديد و زيبا و فضاي داخلي جذاب و پوشش چرم و طرح فیبر کربن و... را عنوان کردند و که من نيز قيمت صحيح و مشخصات فني و نوع برند را براي انها توضيح دادم که خيلي براي مهمانها جالب بود و قرار شد در اولين فرصت يکي از مهمانان که مالک کمري جي ال ايکس 2007 بود انرا تست کند و من نيز استقبال کردم&nbsp;<br />\r\nبعد از اين بحثها با دعوت صاحب خانه براي پذيرايي به داخل مراجعه کرديم و...<br />\r\nبعد از گزراندن مراسم حنا بندان به سبک شمالي که توضيح ان اينجا جايز نيست شب را گزرانديم و صبح روز بعد(در روستاهاي اين بخش کل مجلس در ظهر ميباشد و مراسم تا ظهر است )براي مراسم عروسي اماده شديم و بعد از گراندن مراسم عروسي و همراهی و ارزوی خوشبختی و سعدت برای عروس و داماد و اتمام ان فرصتي ايجاد شد که<br />\r\nسري به شهر بابل بزنيم و در حين مهيا شدن براي رفتن به شهر مهمان عزيزي که قول تست را به او داده بودم پيشنها د کرد که با ما همراه و اگر بشود راننده جک باشد و من راننده کمري که من نيز استقبال کردم و اين تجربه اي جديد براي من نيز محصوب ميشد چون تاکنون تجربه رانندگي با کمري را نداشتم&nbsp;<br />\r\nپس از اماده شدن همراهان و تحويل خودرو ها به يکديگر و خروج از محوطه حياط و وارد شدن به جاده روستاي و طي ان و رسيدن به جاده اصلي مشغول کنکاش در کمري و مقايسه ان با جک شدم نکته اي که در همان ابتداي حرکت با کمري توجهم را جلب کرد ضربه به نسبت زياد در شرع حرکت بود<br />\r\n(که شايد اين کمري اينگونه بود و اين موضع عام نباشد)<br />\r\nمورد ديگر نداشتن امکان تيپ ترونيک بر روي کمري بود که مانند گريبکس هاي قديمي مانند ماکسيما شامل دنده هاي تعين کننده بود و اين در دنياي امروزي خودرو ديگر منسوخ شده&nbsp;<br />\r\nبا گذر از جاده روستاي و پستي و بلندي هاي خاص ان متوجه عملکرد مطلوب و سيستم تعليق کمري شدم که براحتي ضربه ها و مشکلات جاده را در خود جذب ميکرد و محيطي ارام را به کمري هديه داده بود بعد از ورود به جاده و شروع حرکت سريع متوجه واکنش کند پدال گاز به فشار شدم که کمي خودرو را تنبل نمود ميداد اما با کمي دور گرفتن و&nbsp;<br />\r\nتعويض دنده به 2 حرکتي خوب و مطمئن را نويد ميداد که کم تواني شروع حرکت را جبران ميکرد . کيفيت متريال داخلي طي اين چند سال استفاده (خودرو مذکور 145000 کيلومتر کار کرد داشت )خوب بود و کمتر نشاني از فرسايش در ان ديده ميشد که نشانگر واقعي کيفيت بود گرچه سادگي هاي زيادي داشت&nbsp;<br />\r\nمانند روکش پارچه اي و يا و جود 2 ايربگ اما کيفيت مطلوب بود و عملکرد فرمان و ترمز با توجه به سايز بزرگ ان عالي بود وقتي وارد شهر شديم مشکل کمري نمود پيدا کرد و سايز بسيار بزرگ ان با ديدي که نياز به تجربه داشت و واکنش ضعيف گاز و حرکت کند دنده 1 رانندگي با کمري را در شهر مشکل و شايد ار نگاه من ازار دهنده نمايش ميدا پس از ورود به شهر بابل خودرو ها را در مکاني مناسب پارک وبا&nbsp;<br />\r\nهمراهان براي سياحت و خريد به داخل شهر عازم شديم ودر اين حين سويچ خودرو ها را به يکديگر تحويل و نظر يکديگر را جويا شديم نکته جالب اين تست ان بود که دوست عزيز شيفته ابعاد و جلوه داخلي و عملکرد مجموعه فني جک شده بود و عنوان کرد که به هيچ عنوان فکر نميکرده که خودرويي چيني اينگونه باشد و رانندگي با ان را خيلي شبيه تويوتا کرولا&nbsp;<br />\r\nپسرش دانست و فقط عنوان کرد که کمي به نظر خشک ميرسد اما ازار دهنده نيست و دائما ان را از هر نظر با کرولا 2010 پسرش مقايسه ميکرد و کاملا از جک راضي بود به ويزه انکه به قول خودش تا کنون در کمري به غير از سالهاي اوليه نديده بودم که ره گزران با ديده تعجب به خودرو نگاه کنند که براي خودش حس جالبي است&nbsp;<br />\r\nو عنوان کرد که حتما يکي از خريدارانش خواهم بود پس از گشت زني و خريد و ديدن شهر زيباي بابل به سمت منزل ميزبان به راه افتاديم و پس از قرار گرفتن در جک اين موضوع براي من نمود کرد که به زودي خودرو هاي چيني خود را به سطح بزرگان اين صنعت خواهنند رساند و ايکاش اين راه صنعت چين را ما ايراني ها با سابقه به مراتب بيشتر از خودروسازان چيني ما طي ميکرديم به نظر شخص من&nbsp;<br />\r\nچين راه صنعت کره را ميرود و کره نيز در ابتدا با کپي کاري از محصولات ژاپني شروع و به اين جايگاه رسيد که شاخ بشاخ بزرگان اين صنعت ميکند و اينده چين نيز اينگونه خواهد بود&nbsp;<br />\r\nپس از بازگشت و صرف شام و بگو بخند و گزراندن لحظاتي خوش در جمع دوستان و گزراندن شب صبح زود براي رفتن به شهر بابلسر که شهري ساحلي است و براي ديدن دريا با همراهان به سمت بابلسر حرکت کرديم و از ميزبان اجازه گرفتيم که انروز را تا فردا موقتا از حضورشان خداحافظي و بعد از گشت و گذار شهر هاي اطراف دوباره خدمتشان برسيم&nbsp;<br />\r\nکه با شرط ميزبان مبني بر اينکه يکي از پسرانش را با ما همراه ميکند تا اولا بلد راه مان باشد و مترجم ما (چون گويش منطقه محلي بود و تشخيص ان براي ما سخت )و هم حتما بخاطر باز گرداندن ايشان دوباره به منزل ميزبان مراجعت کنيم که ما نيز پزيرفتيم&nbsp;<br />\r\nو پسر ميزبان چون با من اشنايي ديرينه اي داشتند و بين بقيه من دوست قديمي تري محصوب ميشدم همراه شد و ما به سمت بابلسر حرکت کرديم که تقريبا فاصله اي 50 کيلومتري با بابل داشت در زمان حرکت پسر ميزبان از فضاي داخلي جک بسيار خوشش امده بود و همچنين از کيفيت متريال داخلي و دائما ان را با پارس خود مقايسه و از جک تمجيد ميکرد&nbsp;<br />\r\nو به نظر او فاصله کيفي و کمي جک با پارس بسيار زياد است و اصلا قابل قياس نيست و به قول اين عزيز در جک حس لوکس بودن و خاص بودن مخصوصا بخاطر نگاه متعجب و کنجکاو ديگر خودروها و ره گزران به انسان دست ميدهد و حس خودروي لوکس به انسان منتقل ميشود که از طرفي با اين موضوع جذب نگاه ديگران موافق و از سوي ديگر به نظرم دوست عزيز&nbsp;<br />\r\nخيلي جو گير فضا و عملکرد جک شده بود و مکررا اعلام ميکرد که حتما پارس را فرخته و يک جک اتومات و یا1500 دستي تهيه ميکنم و اين موضوع نشانگر دل زدگي مردم ار خودروهاي داخلي است و ميل به تنوع طلبي که در بازار محصور ايران به دام افتاده و راه فراري ندارد بعد از مدتي به شهر بابلسر رسيديم و با راهنمايي راه بلد مان ابتدا به سمت دريا روانه شديم و با&nbsp;<br />\r\nراهنماي ميزبان به سمت يکي از ورودي ها به درياي خزر روانه شديم زيرا نوار ساحلي اجازه ورود خودرو نداشت و با راهنماي ميزبان ما به منطقه اي رفتيم که ميشد با خودرو ها وارد ساحل شد&nbsp;<br />\r\nپس از وارد شدن به ساحل دريا به دليل وزش باد دريا مواج بود که زيباي خاص داشت و قدرت خود و کوچکي ما را در برابر قدرت خداوند نمايان ميکرد&nbsp;<br />\r\nدر مدتي که کنار ساحل بچه ها و همراهان مشغول بازي و تفريح بودند من نيز مشغول پاک کردن خودرو و تميز کاري داخلي خودرو بودم که متوجه شدم که همراه سوروکي سوار با خودرو خود به ساحل زده و مشغول حرکات نمايشي است&nbsp;<br />\r\nکه باعث تحريک توسان شد و هرد مشغول شيطنت و زيباي اين صحنه صداي خنده و ديدن لذت خانواده بود که براي من از هرچيز ديگر لذت بخش تر بود&nbsp;<br />\r\nبعد از مدتي سوناتا نيز به جمع سوزوکي و توسان پيوست و با پارک کردن خودرو درون اب مشغول گرفتن انواع مدل ژست و عکس گرفتن شدن و کم کم تندر و مگان نيز به انها پيوستند و به اصرار با اينکه مخالف بودم و اينکار را خطرناک ميدانستم جک را نيز همراه کردند<br />\r\nو همه مشغول لذت بردن و تفريح و شوخي و خنده شدند بعد از اينکه حسابي خود را خسته کردند اقدام به عقب گرد از داخل اب کردند که سوزوکي و توسان و مگان خارج شدند ولي جک و تندر 90 و سوناتا گرفتار شن ساحل شدند و گير کردند&nbsp;<br />\r\nکه با استفاده از بکسل کردن و کمک سوروکي و توسان انها را از شن ساحل خارج کرديم و نکته اي که اينجا مشهود بود و دليل اصلي گير کردن جک در شن ساحل وجود نداشتن حالت اسنو و يا حالتي که گشتاور کمتري به چرخهاي جلو وارد شود که باعث شد با ايجاد&nbsp;<br />\r\nحالت هرزگردي بيشتر به داخل شنهاي ساحل کشيده شود اما به هر حال از اين وضعيت به سلامت هر 3 خودرو خارج شدند و شد خاطره اي براي گفتن و خنديدن&nbsp;<br />\r\nبعد گزران مدتي و حسابي اتش سوزاندن دوستان درکنار ساحل بخاطر وزش باد و سرد شدن مجبور به ترک ساحل شديم&nbsp;<br />\r\nو به سمت مرکز شهر بابلسر حرکت کرديم و با راهنماي ميزبان به طرف رودخانه که از وسط شهر گذر ميکرد حرکت کرديم و با گذر از يک پل زيبا به طرف مجموعه تفريحي و قايق سواري بابلسر براي تفريح خانواده و دوستان عازم شديم که در حين پارک خودرو ها&nbsp;<br />\r\nبا خودروي اشنا مواجه شدم(يک جک 1500 دستي (سانروف دار )که پلاک تهران بود 33)و به عمد خودرو را کنار جک 1500 پارک کردم و در طي اماده شدن دوستان براي ورود به مجموعه تفريحي موفق به ديدن صاحب خودرو نشدم لاجرم با دوستان همراه و&nbsp;<br />\r\nبا اجره چند قايق پدالي مشغول لذت بردن و تفريح و استفاده از فضاي رودخانه شديم که به واقع ارام بخش و باعث بازيابي توان انسان ميشد بعد گذشت مدتي و اتمام مدت قايق سواري به خودرو مراجعه کرديم که خوشبختانه اينبار موفق به ديدار صاحب خودرو جک جي 5 1500<br />\r\nشدم و گويا ايندفعه ايشان منتظر امدن من بودند و طي اشنايي و صحبتي که کرديم اين دوست عزيز عنوان مينمود که از تهران تا اينجا مشکلي نداشته و با توجه به عملکرد مطلوب و نرم فرمان و کلاچ رانندگي لذت بخشي را داشته و در طول تمام مسير مشکلي از بابت&nbsp;<br />\r\nکمبود قدرت و گشتاور احساس نکرده و حتي در يک صحنه خطرناک عملکرد مطلوب و عالي ترمزها زندگي او خانواده اش را نجات داده بوده و باز عنوان کرد که با محاسباتي که انجام داده مصرف ان در سيکل ترکيبي چيزي حدود 6.5 الي 7 بوده و ار اين موضوع بسيار خشنود و از انتخاب خود کاملا راضي بود و من نيز&nbsp;<br />\r\nاطلاعات سفر و مزايا و معايب را با او در ميان گزاشتم و با اجازه من کمي داخل خودرو را وارسي و من نيز چنين کردم که به نظر من رنگ کرم داخل خيلي شيک و حالت لوکس دارد و فضای داخلی را به مراتب بزرگتر نشان میدهد و واقعا زيبا است و بعد از وارسي به رد و بدل کردن اطلاعات پرداختيم و قبل از خدا حافظي ادرس سايت و اينکه بعد از سفر حتما متن اين سفر را براي دوستان عزيزم در دسايت قرار خواهم داد . او را نیز دعوت به مشارکت و بازديد از سايت کردم که ايشان عنوان کرد که اتفاقا با استناد به اين سايت و تجربه هاي دوستان اقدام به&nbsp;<br />\r\nخريد جک کرده و وقتي نام نشانم را پرسيد کاملا شناخت و خيلي خوشحال شد و قول داد که او نيز به زودي عضو سايت شده و تجربه خود را با جک 1500 در اختيار دوستان قرار دهد و بعد از اين گپ دوستانه بخاطر معطل نشدن همراهانمان<br />\r\nاز يکديگر خداحافظي و وعده ديدار در سايت شد بعد از این دیدار خوشایند دوباره به راه افتاديم و به سمت&nbsp;<br />\r\nخارج شهر بابلسر و دوباره به سمت نوار ساحلی حرکت کردیم و بخاطر هماهنگی قبلی یکی از همراهان (دوست عزیز سوناتا سوار )به طرف شهر خصوصی خزر شهر به راه افتادیم که فاصله کمی با بابلسر داشت بعد از رسیدن به ورودی شهر خصوصی (که فقط با ارائه کارت مخصوص و تعیین تعداد مشخص شده اجازه ورود داده میشد ) پس از ورود به&nbsp;<br />\r\nمحوطه شهر ساحلی با فضای به واقع تمام رویایی روبرو شدیم که زیبایی مثال زدنی و فضاسازی به تمام معنا متفاوت تا انچه تا کنون دیده بودم داشت بعد از حرکت به سمت ویلای هماهنگ شده و پارک خودرو ها و مستقر شدن در ویلای ساحلی که فضای روبروی ان (حیاط)رو به دیا بود به معنای واقعی غرق لذت شدیم بعد از صرف نهار و کمی استراحت&nbsp;<br />\r\nبه گشت زنی همراه دوستان در محوطه ریبای شهر شدیم و نکته جالب ان بود به دلیل خصوصی بودن منطقه بیشتر مالکان و مهمانان افراد متمولی بودند که محیط شهر مملو از خودرو های روز بود و تنوع به واقع جالب از برند های مختلف وجود داشت&nbsp;<br />\r\nکه هنگامی که برای تهیه وسیله ای به حودرو مراجعه کردم صاحب ویلای کناری که مالک یک دستگاه هوندا اکورد جدید بود با کمی تامل و دل دل کردن اخر طاقت نیاورد و بعد از سلام و احوال پرسی و کمی سر صحبت را باز کردن گفت که هرچه دقت کرده نتوانسته جک را بشناسد و پیش خود میگفته که ظاهر که اروپایی و یا کره ای است اما چرا من تاکنون با&nbsp;<br />\r\nاین مدل روبرو نشدم که با خنده من روبرو شد و من نیز محدوده قیمت از نگاه ایشان را جویا شدم که ایشان نیز محدوده 90 را اعلام کردند که با توضیحات من و دعوت از ایشان به بازدید از جک به واقع بسیار از جک خوششان امده بود و از من اجازه گرفت تا در محوطه با ان دوری بزند که من نیز پذیرفتم بعد از طی مسیری کوتاه با سرعت بسیار کم در حد کشت زنی&nbsp;<br />\r\nتفریحی (بخاطر محدودیت حرکتی در محوطه ) این دوست عزیز عنوان کرد که هنوز نمیتواند باور کند که این یک خودرو چینی است (و این موضوع بیشتر بخاطر ذهنیت بد مردم از خودروهای چینی است )و در کل جک را بسیار متناسب و خوب میدید که برای من این بسیار خشنود کننده بود که نظز شخصی را که&nbsp;<br />\r\nیکی از با کیفیت ترین خودروها با برند جهانی و مخصوصا ژاپنی را دارد از عملکرد و فضای جک راضی است&nbsp;<br />\r\nبعد از گشت رنی کوتاه و دیدار کوتاه من از هوندا اکورد (که به معنایی واقعی با کیفیت بود )از یکدیگر خداحافظی و به داخل ویلا باز گشتم که با حرفی جالب از سوی همراهان روبرو شدم و ان اینکه باز دوباره جناب داشتی جک را معرفی میکردی و خودرو دیگران را تست میکردی پیشنهاد میکنم که برای اینکه جناب خسته نشید یک بیلبورد با جزئیات کامل جک<br />\r\nبر روی خودرو نصب و حرکت کنید که دیگر لازم به این همه توضیح نباشد بخدا ما همه متخصص جک شدیم که همه باهم شروع به خندیدن کردیم (البته این دوست عزیز حق داشت از ابتدای سفر بارها این موضع تکرار شده بود که بیشتر بخاطر ناشناخته بودن و کمتر دیده شدن جک در معابر بود )<br />\r\nبعد از تفریح و سپری کردن شب در ویلا و اقامت در ویلا تا بعد از ظهر روز بعد به طرف روستای کمانگر به راه افتدیم و اینبار من خودرو را به همراهم سپرده و با مگان همسفر شدم&nbsp;<br />\r\nالبته قبلا تجربه مگان را داشتم دز طی مسیر باز گشت نکته ای توجهم را جلب میکرد سیستم تعلیق عالی مگان بود که بسیار ارام و به دور از استرس عمل میکرد و که بسیار رانندگی با این فرانسوی را لذت بخش میکرد نکته دیگر شباهت بسیار زیاد عملکرد گربکس مگان با تندر بود و تعویض شدن دنده ها در دور موتور کمتر نسبت به جک البته نمیتوان از فضای&nbsp;<br />\r\nگسترده داخلی ان که به نظر کمی بیشتر از جک نیز به نظر میرسد گزشت که برای یک مسافرت 5 نفره عالی به نظز میرسید از نکات دیگر میتوان به قدیمی بودن داشبورد نیز اشاره کرد اما در کل مشکل دیگری و یا ضعف بزرگی دیده نشد که این دلیل استقبال ازاین خودرو فرانسوی در بازار حکایت دارد پس از بازگشت دوباره مورد استقبال میزبان قرار گرفتیم&nbsp;<br />\r\nو با گزراندن شب صبح قرار شد همراه میزبان سرکشی به شالیزار داشته باشیم که با موافقت همراهان روبرو شد و با توسان و سوزوکی به سمت شالیزار حرکت کردیم (به دلیل ناهموار بودن مسیر شالیزار )و با همراهی دوستان به طزف شالیزار به راه افتادیم ....</p>\r\n\r\n<p>&nbsp;</p>\r\n\r\n<p><span style=\"color: #993300;\"><strong>قسمت پنجم</strong></span><br />\r\n<br />\r\nو با همراهي دوستان به طرف شاليزار به راه افتاديم ....<br />\r\nو من براي انکه نوبت قبل عملکرد سوزوکي را تست کرده بودم در توسان قرار گرفتم<br />\r\nاولين نکته اي که در بدو ورود به توسان به چشم ميخورد مجموعه داشبورد و کنسول به نسبت قديمي ان بود و به نظر از نظر کيفي هم سطح سوزوکي نبود و سوزوکي بهتر با کيفيت تر به چشم ميخورد بعد از حرکت<br />\r\nنظرم نسبت به توسان تغيير کرد و از نظر نرمي و روان بودن گريبکس و شروع نرم با کمترين ضربه و تعويض هاي نرم گريبکس و سيستم تعليق به مراتب کم صداتر و نرمتر از سوزوکي نظر مثبتي نسبت به توسان پيدا کردم بعد از انکه از جاده نيمه اسفالت روستاي خارج و به سمت جاده<br />\r\nشاليزار راهي شديم اين حسن سيستم تعليق نرمتر بيشتر خود را نشان ميداد و فقط مشکلي که داشت ايجاد حالت گهواره اي در عبور از جاده ناهموار مسير داشت که عملکرد سيستم تعليق ان از سوي شبيه خودروهاي سواري بود و از اين لحاظ روي جاده هاي افرود روي سوزوکي بيشتر ميشد حساب کرد تا توسان ولي توسان<br />\r\nبراي کساني که يک رانندگي نرم شبه سواري با طراحي شاسي بلند را مي پسندند گزينه مناسبي است پس از گذر از جاده ناهموار به شاليزار رسيديم که به واقع زميني تخت و عالي بود البته هنوز اقدام به کشت نکرده بودند و به قول خود زمين را در اب خوابانده بودند که<br />\r\nبه زودي نشا کاري را شروع کنند چيزي که در روستا هاي شمال نمايان بود وجود تيلر هاي کوچکي بود که حکم اچار فرانسه را براي روستائيان دارد از کمک در زمين به عنوانهاي مختلف (شخم - زمين کوبي - نشا کاري - وانت و...)گرفته تا به عنوان خودرو جابجايي خانواده<br />\r\nمورد استفاده قرار ميگرفت براي همين وسوسه تست ان به سر همه همراهان زده بود و با قرض گرفتن تيلر قرمز رنگ يکي از شالي کاران تيلر سواري را نيز تجربه کرديم بعد از انکه تک تک دوستان مدتي زا به تفريح تيلر سواري که موجبات خنده ديگران را فراهم ميکرد پرداختند نوبت به من رسيد<br />\r\nکه اين اچار فرانسه روستا هاي شمال را تست کنم اولين چيز که نمود داشت دسته شبيه موتور سيکلت بود و بر خلاف موتور سيکلت که با حرکت دوشاخ فرمان هدايت ميشود تيلر با گرفتن دستگيره هاي که شبيه دستگيره ترمز و کلاچ موتور است هدايت ميشود و قلق خاصي دارد (براي پيچيدن به راست دستگيره راست و چپ دستگيره چپ و براي دور زدن بايد با يک دست دور بزنيد )و سواري خشک ولي با نشاطي دارد<br />\r\nبعد از تفريح با تيلر و تشکر از صاحب ان به سمت شاليزار و ديدن ان رفتيم نکته جالب در شمال انست که زماني که اب را در زمين ميخوابانند اقدام به ريختن بچه ماهي در زمين زير اب ميکنند که باعث استفاده بهتر از زمين واب ميشود که مزاياي زيادي براي روستائيان دارد و در کنار کاشت برنج<br />\r\nپرورش ماهي هم دارند در يک جمع بندي از زندگي روستائيان شما ل خود کفايي به طور کامل را ميشد ديد و دليل اصلي مهمان دار بودنشان زيرا از برنج تا گوشت و مرغ و ميوه و هرانچه که مايحتاج لازم است را خودشان تهيه ميکنند و چيزي به عنوان خريد معنا ندارد<br />\r\nو اين هدف مندي و مشغول بودن هميشگي و دور از روزمرگي را به انها هديه ميدهد و واقعا انسانهاي سخت کوش و مقاوم و با همت هستند و من دست تمام اين دوستان را به پاس بلند همتيشان ميبوسم<br />\r\nبعد از گشت گذار در شاليزار و اشنايي با کارهاي روستائيان و به ويژه لذت تيلر سواري به سمت منزل بازگشتيم و اين بار با سوزوکي همراه شدم و دقيق همانطور که فکر ميکردم بود خشکتر بودن سيستم تعليق ايجاد حالت قرصي در حرکت و کمتر بودن حالت گهواره اي و انتقال بيشتر ضربات به سرنشينان ديده ميشد در<br />\r\nيک مقايسه ميتوان توسان را يک کراس اور شهري با ميل بيشتر به سواري و سوزوکي را يک کراس اور با طعم افرود دانست بعد از اين بازديد مفرح به منزل ميزبان بازگشتيم و بعد از صرف نهار<br />\r\nکمي گفت و شنود بخاطر اينکه همراهانمان از صبح در منزل بودند و براي تغيير مزاج انها با پيشنهاد برادر ميزبان به رفتن به بازار محلي که در بابل بر پا ميشد موافقت و اماده حرکت شديم در زمان حرکت ابرها اسمان را فرا گرفته بودند و نوید بارش میدادند و با امید به امکه تا بارش اغاز شود ما به بازار سرکشی کرد ه ایم به راه افتادیم بعد از رسیدن به بابل و حرکت به به سمت بازار به بازار محلی رسیدیم و بعد از پارک خودرو ها به طرف بازار به راه افتادیم به و من همچنان نگران بارش باران بودم<br />\r\nپس از ورود به بازار محلي که به صورت دست فروشي و بود و از شير مرغ تا جان ادميزاد را براي عرضه اورده بودند و مضوع جالب ارائه غذا هاي محلي در بازار بود ماهي دودي - ماهي نمکي -تخم ااب پز اردک -انواع ترشي جات و مربا هاي محلي و...که يکي از غذا هاي جالب عرضه شده که حالت فست فود را داشت و اسم محلي ان را فراموش کرده ام<br />\r\nغذايي بود که از پاک کردن کامل روده گوسفند و تکه تکه کردن ان به وسيله قيچي و سرخ کردن ان و عرضه ان با نان محلي بود که گرچه به نظر جالب نميرسد ولي در تستي که داشتم بسيار لذيذ و و خوش طعم بود و به امتحان کردنش مي ارزيد<br />\r\nبعد از کمي گشت گذار و خريد صنايع دستي و تجربه طعمهاي جديد به يک پارک براي گزران شب مراجعه و پس از صرف شام و بازي بچه ها و با خداحافظي از برادر ميزبان و قول به ايشان که در سفري ديگر خدمتشان ميرسيم و شروع نم نم باران به سمت روستاي کمانگر حرکت کرديم<br />\r\nو در مسير بازگشت همراهان سوناتا با ما همراه شدند و انها نيز کيفيت و طراحي فضاي داخلي را مطلوب ديدند در مسير بازگشت با بارندگي روبرو شديم گرچه مسير کوتاهي بود و حسن خوب حرکت به موقع ما قبل بارندگي بود اما شدت باران زياد شد و جاده کاملا لغزنده شده بود<br />\r\nکه در خروجي شهر به دليل انحراف ناگهاني يک دستگاه پرايد و چرخش ان به دور خود با صحنه اي به واقع خطرناک روبرو شديم و با توجه به اينکه با ترمز ناگهاني با امکان برخورد خودرو هاي پشتي مواجه بودم ابتدا با ديدن خالي بودن مسير کنار خودرو را<br />\r\nاز مسير پرايد دور و سپس اقدام به ترمز گيري کردم که هيچ نشاني از تغيير مسير و يا کشيده شدن و حس از دست رفتن تعادل ديده نشد و خودرو با اطمينان کامل توقف کرد و اين نشان از ايمني فعال خوب جک دارد با توقف من ديگر خودرو هاي همراه نيز به دليل جلو دار بودن من و رعايت فاصله مناسب واکنش صحيح نشان داده و و با رحم خداوند حادثه اي روي نداد<br />\r\nو بقيه خودروها نيز مطلع و پرايد را به حالت اوليه و به کنار جاده راهنمايش کرديم و با باز شدن مسير ترافيک دوباره روان شد با مراجعه به خودرو پرايد که مسافر بودند و از مشهد امده بودند ابتدا براي ارامش سرنشينان<br />\r\nبعد از پرسيدن احوال سرنشينان و اطمينان از سلامت سرنشينان از راننده موضوع انحراف را جويا شدم که عنوان کرد که فقط براي انکه بر روي (لاشه گربه اي )که در وسط جاده افتاده بود نروم کمي تغيير مسير دادم که ناگهان با انحراف خودرو و گردش ان به دور خود مواجه شدم<br />\r\nکه به ايشان عنوان کردم همين تغيير مسير ناگهاني باعث از دست رفتن تعادل بخاطر لغزندگي جاده شده پس از کمي صحبت و پيشنهاد اينکه ايا ميخواهند با ما همراه و به منزل ميزبانمان بيايند تا کمي هم خستگي را رفع و هم تجديد قوا کنند .که ايشان نپذيرفتند و با تشکر به راه ادامه دادند<br />\r\nموضوعي که در اين حادثه مشهود بود اين بود که بيشتر از امکانات ايمني خودرو تجربه و محارت راننده در سلامت رانندگي مهم است بعد از بخير گزشتن حادثه به راه ادامه و به منزل ميزبان مراجعت کرديم که اين موضوع حادثه نقل مجلس براي صحبت شد<br />\r\nدر طول شب بارش همچنان ادامه داشت و من نگران و ناراحت مسافرانی که برای گزران چادر را انتخاب کرده بودند فردا صبح نیز همچنان بارش ادامه داشت و مانع خروج از منزل و این فرصت خوبی بود که خودرو ها را برای چک اپ برده و اماده بازگشت شویم با هماهنگی با دوستان و میزبان به دلیل انکه هر خودرو باید به نقطه ای از شهر مراجعه میکرد<br />\r\nاجبارا چند تن دوستان و فرزندان میزبان با هر کدام از ما همراه و راهنمای ما برای رفتن به نمایندگی ها و تعمیرگاه های مجاز شدند نکته مثبت وجود 3 نمایندگی کرمان موتور در شهر بابل بود و با اطلاع از اینکه 2 نمایندگی کشیک ایام عید هستند به سمت نمایندگی به راه افتادیم<br />\r\nاین موضوع چکاپ برای من اهمیت دوچندان داشت زیرا بدون وارسی خودرو ریسک سفر را پذیرفته بودم گرچه جک خودرویی مطمئن نشان داد اما نباید ریسک کرد بعد از رفتن به نمایندگی اول عنوان شد که این نمایندگی فقط خدمات لیفان و محصولات این برند را دارد و برای جک به نمایندگی دوم مراجعه کنید<br />\r\nولاجرم به سمت نمایندگی دوم راه افتادیم که خوشبختانه خدمات جک را ارائه میداد پس ار پر کردن فرم پذیرش و تحویل خودرو به دلیل انکه محوطه تعمیر گاه نزدیک بود و خلوت بودن نمایندگی با خودرو همراه شدیم و با صحبت با زبان محلی همرا هم با تعمیرکار بیشتر مورد استقبال قرار گرفتیم و تعمیرکار بیشتر تحویل گرفت<br />\r\nبعد از قرار دادن دیاگ و چکاپ شمع ها - فیلتر هوا- روغن - اتصالات برقی .خودرو بر روی جک هیدرولیک هدایت تا زیر بند و وضعیت چرخها به طور کامل وارسی شود بعد از وارسی زیر خودرو و چرخها من نیز از فرصت استفاده و مشکل سنسور نشانگر فشار باد لاستیک ها را مطرح کردم که عنوان شد که قطعه موجود نیست<br />\r\nکه این موضوع از کمبود قطعه این خودرو در نمایندگی ها حکایت دارد که یک مورد منفی برای جک است پس از کمی صحبت اوضاع خودرو های جک را در مازندران جویا شدم تعمیر کار عنوان نمود که کلاس های تخصصی برای تعمیرکاران نمایندگی ها برگزار کرده و اموزش کامل را داده اند ولی کمبود قطعات وجود دارد<br />\r\nمورد دیگر که این دوست عزیز عنوان کرد ان بود که تا کنون نزدیک 1000 دستگاه جک در سطح استان توضیع شده که بیشتر 1500 بوده اند و مدل اتومات کمتر از 200دستگاه بوده و با توجه به کم کار بودن جک ها تا کنون به غیر از سرویس های دوره ای خودرویی برای مشکل خاصی مراجعه نکرده<br />\r\nو جک کیفیت مطلوبی دارد و تا کنون مراجعه برای رفع مشکل حاد وجود نداشته که این موضوع جای خوشحالی دارد پس ار چکاپ برای پرداخت هزینه مراجعه که با موضوعی جالب روبرو شدم به دلیل انکه مسافر بودم چکاپ به صورت رایگان و (عیدی )محاسبه شد و مبلغی دریافت نکردند (البته قطعه ای نیز تعویض نشد و فقط وارسی و دیاگ صورت گرفته بود ) موقع خروج فرمی تحویل دادند تا نظر خود را در مورد عملکرد نمایندگی کشیک نوروزی اعلام کنم که من نیز در توضیحات مشکل کمبود قطعات را ثبت اما رضایت خود را از بازدید تخصصی اعلام کردم<br />\r\nحین حظور در نمایندگی باران نیز قطع شده بود که هوای لطیف و عالی به شهر هدیه داده بود وپس از خروج از نمایندگی به سوی پمپ بنزین حرکت تا باک را پر و اماده حرکت شویم با ورود به جایگاه خودرو را به طور کامل پر کردم<br />\r\nو در زمان حرکت به دلیل انکه بالای 40 لیتر بنزین زده بودم یک کارواش مجانی هدیه نوروزی پمپ بنزین هدیه گرفتم و با صحبت همراه با زبان محلی با کارگر کارواش خودرو به طور کامل و دقیق شستشو شد و راضی از شروع یک روز خوب همراه با عیدی های غافلگیر کننده به سمت روستا بازگشتیم<br />\r\nکه با بازگشت متوجه ان شدیم که هنوز دوستان دیگر مراجعه نکرده اند نزدیک ظهر بود که دوستان بازگشتند و دلیل تعلل را جویا شدم که از دلیل دیر کرد را شلوغی نمایندگی ها مطرح و شانس چکاپ را فقط گویش محلی و اصرار همراه عنوان نمودند بعد از کمی گفت گو قرار شد برای اخرین بار بعد از صرف نهار گشتی در اطراف زده و فردا صبح زود به سمت شهرکرد حرکت کنیم<br />\r\nبعد از صرف نهار برای گشت گذار به راه افتادیم که ایندفعه من با سوناتا همراه شدم و چون تجربه قبلی با سوناتا داشتم (خودرو قبل از جک )در طول مسیر مشغول صحبت با دوست عزیز در مورد اینکه ایا از انتخاب خود رضایت دارم یا خیر شدیم که عنوان کردم<br />\r\nبه غیر مشکلات کمبود قطعات مشکل خاصی ندارد و از نظر فنی قابل قبول و قابل اعتماد است که دوست عزیز نیز با توجه به عملکرد ان و مشاهده واکنشهای ان در طی مسیر این موضع را تائید کرد بعد از کمی گشت و گزار در با راهنمایی راه بلد مان به سمت یک جنگل حرکت کردیم و با رسیدن به جنگل واقعا بافضای روح بخش روبرو شدیم زمینی چمن پوش<br />\r\nو درختان سر به فلک کشیده و بوی نم معطر چوب روح انسان را تازه میکرد و دل کندن از این شهر و فضای بی نظیر را سخت میکرد بعد از صرف عصرانه و تفریح و بازیهای سرشار از خنده همراهان که برای من تماشای این صحنه واقعا لذت بخش بود بعد از انکه حسابی در جنگل گشت وگزار کردیم وخستگی های یک سال خود را در جنگل گزاشتیم با نزدیک شدن تاریکی<br />\r\nقصد بازگشت کردیم وقتی قصد حرکت داشتیم به دلیل انکه شانه جاده شیب زیادی داشت و گل الود بودن خودروها قادر به ورود به جاده نبودند و توسان و سوزوکی با استفاده از حالت چهار چرخ سنگین توانستند خود را به جاده برسانند گرچه ارتفاع زیادی نبود ولی به همین دلیل گل الودی باعث هرزگردی چرخها و اجازه ورود به جاده را نمیداد در این حین<br />\r\nفقط سوناتا توانست خود را به جاده برساند(به واسطه وزن سنگین تر و قدرت بیشتر ) و تندر - مگان - جک گیر کردند بیشتر به همان دلیل هرزگردی چرخها و اخر باز مجبور به استفاده از بکسل شدیم و هر 3 خودرو را به سلامت از این وضعیت خلاص کردیم (و لطف کارواش و تمیزی خودرو از بین رفت )در زمان تلاش برای خروج از این وضعیت نکته جالب ان بود که همراهان از هر فرصتی برای شوخی و خنده استفاده میکردند که این<br />\r\nموضوع باعث میشد که فشار عصبی بخاطر ایجاد مشکل به وجود نیاید و با خنده از مشکلات گذر کنیم و این حسن داشتن همسفران خوش خلق است<br />\r\nپس از بازگشت و تعریف و بگو بخند صبح زود با تشکر از مهمان نوازی بی نظیر میزبان و خانواده محترمشان خداحافظی کرده و با خاطراتی خوش از سزرمین طراوت به سمت شهرکرد عازم شدیم و باز همان مسیر هراز را برای بازگشت انتخاب کردیم<br />\r\nو چون در مسیر بازگشت موضوع قابل توجهی روی نداد و مشکلی ایجاد نشد دیگر نقل ان جایز نیست<br />\r\nپس از رسیدن به شهرکرد و خداحافظی از همراهان جک را خودرویی قابل اعتماد میدیدم و از انتخاب خود با وجود پاره ای از مشکلات که دوستان در جریان ان هستند کاملا رضایت داشتم<br />\r\n<br />\r\nامیدوارم که نقل این سفرنامه مفید واقع و توانسته باشم سهمی کوچک در اطلاع رسانی و شناخت بیشتر دوستان از این خودرو جدیدالورود داشته باشم.<br />\r\nپایان</p>\r\n','سفر با جک, محصولات جک, جک جی, جک 5, جک اتوماتیک, jac, کرمان موتور, مقایسه سوزوکي, ويتارا, هيوندای, توسان, رنو, مگان, تندر 90, جک اتومات, سوناتا, مقایسه سوزوکی ویتارا, مقایسه ویتارا'),(40,3,'تجربه سفر با جک جی 5 اتوماتیک قسمت چهارم و پنجم','تجربه سفر با جک جی 5 اتوماتیک قسمت چهارم و پنجم','تجربه سفر با جک جی 5 اتوماتیک قسمت چهارم و پنجم','<p><span style=\"color: #993300;\"><strong>قسمت چهارم</strong></span><br><br>بعد از استقبال گرم ميزبان وارد خانه زيباي روستايي با سقف سفالي و محوطه زيباي داخل منزل شديم و.....<br>پس از ورود به منزل و قرار گرفتن در جو حاکم که مملو از جنب و جوش و شادي براي تهيه و تدارکات جشن در پيش رو بود کلاميزان کمي خستگي که احساس ميکرديم نيز از بين رفت با پذيرايي بي نظير و مهمان نوازي وِِيژه منطقه شمال <br><br></p>','<p>(که با يک قوري بزرگ که بيشتر به پارچ چيني شباهت داشت پذيرايي شديم و طعم و عطر چاي که خيلي عالي بود )<br />\r\nبعد از کمي گفتگو و حال و احوال و تعريف مسير طي شده با پيشنهاد پسر کوچک ميزبان مبني بر اينکه معبر کوچه کم است و به دليل روستايي بودن و استفاده زياد تيلر به عنوان خودرو و وانت احتمال برخورد و يا سايش با خودرو ها ي ما و جود دارد و صلاح ان است که خودرو ها به داخل منتقل شوند و&nbsp;<br />\r\nبا توجه به اينکه فضاي حياط خانه بسيار بزرگ بود (فضايي حدود 600متر ) و جاي کافي براي همه خودرو ها و حتي خودرو هاي مهمانان ديگر که قبل از ما رسيده بودند وجود دارد با اين پيشنهاد موافقت کرديم و مشغول انتقال خودرو ها به محوطه بزرگ حياط خانه شديم<br />\r\nکه فضايي به واقع زيبا داشت در گوشه از حياط با پنس محوطه اي براي نگه داري ماکيان مختلفي که پرورش ميدادند قرار داده بودند که تعداد قابل توجهي داشتند و تنوع کاملي به قول يکي از همراهانم باغ پرندگاني براي خود دارند&nbsp;<br />\r\nو در سمت ديگر موتور خانه و چاه اب قرار گرفته بود نکته جالب در روستاهاي شمال انست که لوله کشي شهري براي اب وجود ندارد و از اب چاه استفاده ميکنند و عمق چاه هاي اين مناطق رياد نيست به دليل نزديک به دريا و پست بودن منطقه&nbsp;<br />\r\nبعد از وارسي محوطه حياط خودرو ها به داخل هدايت شدند که البته خودر هاي مهمانهاي ديگر که از شهر هاي مشهد -تهران و شهرهاي شمالي مانند گيلان نيز بودند که تعدادي بالغ بر 4 خودرو به غير از خودرو هاي ما در محوطه پارک شده بودند که با قرار گيري خودرو هاي ما براي خود نمايشگاه کاملي از خودرو هاي مختلف با برندهاي&nbsp;<br />\r\nمختلف شد (به علت اينکه ميزبان يکي از بزرگترين زمين داران و کشاورزان منطقه بود و شاليزار وسيعي در اختيار داشت و لاجرم با استانهاي ديگر مثل شهر ما از طريق فروش برنج اشنا شده بود و دوستاني پيدا کرده بود و بخاطر طبع بزرگوار ايشان از بيشتر نقاط کشور مهمان دعوت کرده بود)و به دليل وجود چند ساختمان مستقل&nbsp;<br />\r\nتوانايي پذيرايي از همه ميهمانان را داشتند و اين جمع شلوغ لذتي وصف نا شدني داشت&nbsp;<br />\r\nبعد از پارک خودرو ها و با حضور مهمانان ديگر و اشنايي با انها مشغول صحبت با دوستان جديد شديم که برخود جالب انکه به نظر ميرسيد بخاطر چهره تازه و کمتر ديده شدن جک در جاده ها و خيابانهاي سطح شهر ها بيشتر جلب توجه ميکرد<br />\r\nو باعث ايجاد سوال مهمانان و دوستان جديد در مورد جک شد در همين حين يکي از همرا هانم (صاحب تندر 90)که بين گروه جوانترين بودند به قولي شروع به شوخي کردن با مهمانان کرد و از انها حدود قيمت جک را پرسيد و متفق القول قيمتي حدود 80 الي 100 را بيان نمودند که براي دوست عزيزي که سوناتا داشت باعث شگفتي زيادي شد و&nbsp;<br />\r\nايشان نيز خودرو خود را (سوناتا 2009 )را نشان و نظز انها را در مورد قيمت جويا شد که باز محدوده 90 تا 100 را گفتند که دقيقا صحيح بود و نشان از شناخت مهمانان از قيمت خودرو هاي که حضور قبلي در بازار داشتند را نشان ميداد وقتي دليل عنوان کردن قيمت 80 و بالاتر براي جک را جويا شديم&nbsp;<br />\r\nطراحي جديد و زيبا و فضاي داخلي جذاب و پوشش چرم و طرح فیبر کربن و... را عنوان کردند و که من نيز قيمت صحيح و مشخصات فني و نوع برند را براي انها توضيح دادم که خيلي براي مهمانها جالب بود و قرار شد در اولين فرصت يکي از مهمانان که مالک کمري جي ال ايکس 2007 بود انرا تست کند و من نيز استقبال کردم&nbsp;<br />\r\nبعد از اين بحثها با دعوت صاحب خانه براي پذيرايي به داخل مراجعه کرديم و...<br />\r\nبعد از گزراندن مراسم حنا بندان به سبک شمالي که توضيح ان اينجا جايز نيست شب را گزرانديم و صبح روز بعد(در روستاهاي اين بخش کل مجلس در ظهر ميباشد و مراسم تا ظهر است )براي مراسم عروسي اماده شديم و بعد از گراندن مراسم عروسي و همراهی و ارزوی خوشبختی و سعدت برای عروس و داماد و اتمام ان فرصتي ايجاد شد که<br />\r\nسري به شهر بابل بزنيم و در حين مهيا شدن براي رفتن به شهر مهمان عزيزي که قول تست را به او داده بودم پيشنها د کرد که با ما همراه و اگر بشود راننده جک باشد و من راننده کمري که من نيز استقبال کردم و اين تجربه اي جديد براي من نيز محصوب ميشد چون تاکنون تجربه رانندگي با کمري را نداشتم&nbsp;<br />\r\nپس از اماده شدن همراهان و تحويل خودرو ها به يکديگر و خروج از محوطه حياط و وارد شدن به جاده روستاي و طي ان و رسيدن به جاده اصلي مشغول کنکاش در کمري و مقايسه ان با جک شدم نکته اي که در همان ابتداي حرکت با کمري توجهم را جلب کرد ضربه به نسبت زياد در شرع حرکت بود<br />\r\n(که شايد اين کمري اينگونه بود و اين موضع عام نباشد)<br />\r\nمورد ديگر نداشتن امکان تيپ ترونيک بر روي کمري بود که مانند گريبکس هاي قديمي مانند ماکسيما شامل دنده هاي تعين کننده بود و اين در دنياي امروزي خودرو ديگر منسوخ شده&nbsp;<br />\r\nبا گذر از جاده روستاي و پستي و بلندي هاي خاص ان متوجه عملکرد مطلوب و سيستم تعليق کمري شدم که براحتي ضربه ها و مشکلات جاده را در خود جذب ميکرد و محيطي ارام را به کمري هديه داده بود بعد از ورود به جاده و شروع حرکت سريع متوجه واکنش کند پدال گاز به فشار شدم که کمي خودرو را تنبل نمود ميداد اما با کمي دور گرفتن و&nbsp;<br />\r\nتعويض دنده به 2 حرکتي خوب و مطمئن را نويد ميداد که کم تواني شروع حرکت را جبران ميکرد . کيفيت متريال داخلي طي اين چند سال استفاده (خودرو مذکور 145000 کيلومتر کار کرد داشت )خوب بود و کمتر نشاني از فرسايش در ان ديده ميشد که نشانگر واقعي کيفيت بود گرچه سادگي هاي زيادي داشت&nbsp;<br />\r\nمانند روکش پارچه اي و يا و جود 2 ايربگ اما کيفيت مطلوب بود و عملکرد فرمان و ترمز با توجه به سايز بزرگ ان عالي بود وقتي وارد شهر شديم مشکل کمري نمود پيدا کرد و سايز بسيار بزرگ ان با ديدي که نياز به تجربه داشت و واکنش ضعيف گاز و حرکت کند دنده 1 رانندگي با کمري را در شهر مشکل و شايد ار نگاه من ازار دهنده نمايش ميدا پس از ورود به شهر بابل خودرو ها را در مکاني مناسب پارک وبا&nbsp;<br />\r\nهمراهان براي سياحت و خريد به داخل شهر عازم شديم ودر اين حين سويچ خودرو ها را به يکديگر تحويل و نظر يکديگر را جويا شديم نکته جالب اين تست ان بود که دوست عزيز شيفته ابعاد و جلوه داخلي و عملکرد مجموعه فني جک شده بود و عنوان کرد که به هيچ عنوان فکر نميکرده که خودرويي چيني اينگونه باشد و رانندگي با ان را خيلي شبيه تويوتا کرولا&nbsp;<br />\r\nپسرش دانست و فقط عنوان کرد که کمي به نظر خشک ميرسد اما ازار دهنده نيست و دائما ان را از هر نظر با کرولا 2010 پسرش مقايسه ميکرد و کاملا از جک راضي بود به ويزه انکه به قول خودش تا کنون در کمري به غير از سالهاي اوليه نديده بودم که ره گزران با ديده تعجب به خودرو نگاه کنند که براي خودش حس جالبي است&nbsp;<br />\r\nو عنوان کرد که حتما يکي از خريدارانش خواهم بود پس از گشت زني و خريد و ديدن شهر زيباي بابل به سمت منزل ميزبان به راه افتاديم و پس از قرار گرفتن در جک اين موضوع براي من نمود کرد که به زودي خودرو هاي چيني خود را به سطح بزرگان اين صنعت خواهنند رساند و ايکاش اين راه صنعت چين را ما ايراني ها با سابقه به مراتب بيشتر از خودروسازان چيني ما طي ميکرديم به نظر شخص من&nbsp;<br />\r\nچين راه صنعت کره را ميرود و کره نيز در ابتدا با کپي کاري از محصولات ژاپني شروع و به اين جايگاه رسيد که شاخ بشاخ بزرگان اين صنعت ميکند و اينده چين نيز اينگونه خواهد بود&nbsp;<br />\r\nپس از بازگشت و صرف شام و بگو بخند و گزراندن لحظاتي خوش در جمع دوستان و گزراندن شب صبح زود براي رفتن به شهر بابلسر که شهري ساحلي است و براي ديدن دريا با همراهان به سمت بابلسر حرکت کرديم و از ميزبان اجازه گرفتيم که انروز را تا فردا موقتا از حضورشان خداحافظي و بعد از گشت و گذار شهر هاي اطراف دوباره خدمتشان برسيم&nbsp;<br />\r\nکه با شرط ميزبان مبني بر اينکه يکي از پسرانش را با ما همراه ميکند تا اولا بلد راه مان باشد و مترجم ما (چون گويش منطقه محلي بود و تشخيص ان براي ما سخت )و هم حتما بخاطر باز گرداندن ايشان دوباره به منزل ميزبان مراجعت کنيم که ما نيز پزيرفتيم&nbsp;<br />\r\nو پسر ميزبان چون با من اشنايي ديرينه اي داشتند و بين بقيه من دوست قديمي تري محصوب ميشدم همراه شد و ما به سمت بابلسر حرکت کرديم که تقريبا فاصله اي 50 کيلومتري با بابل داشت در زمان حرکت پسر ميزبان از فضاي داخلي جک بسيار خوشش امده بود و همچنين از کيفيت متريال داخلي و دائما ان را با پارس خود مقايسه و از جک تمجيد ميکرد&nbsp;<br />\r\nو به نظر او فاصله کيفي و کمي جک با پارس بسيار زياد است و اصلا قابل قياس نيست و به قول اين عزيز در جک حس لوکس بودن و خاص بودن مخصوصا بخاطر نگاه متعجب و کنجکاو ديگر خودروها و ره گزران به انسان دست ميدهد و حس خودروي لوکس به انسان منتقل ميشود که از طرفي با اين موضوع جذب نگاه ديگران موافق و از سوي ديگر به نظرم دوست عزيز&nbsp;<br />\r\nخيلي جو گير فضا و عملکرد جک شده بود و مکررا اعلام ميکرد که حتما پارس را فرخته و يک جک اتومات و یا1500 دستي تهيه ميکنم و اين موضوع نشانگر دل زدگي مردم ار خودروهاي داخلي است و ميل به تنوع طلبي که در بازار محصور ايران به دام افتاده و راه فراري ندارد بعد از مدتي به شهر بابلسر رسيديم و با راهنمايي راه بلد مان ابتدا به سمت دريا روانه شديم و با&nbsp;<br />\r\nراهنماي ميزبان به سمت يکي از ورودي ها به درياي خزر روانه شديم زيرا نوار ساحلي اجازه ورود خودرو نداشت و با راهنماي ميزبان ما به منطقه اي رفتيم که ميشد با خودرو ها وارد ساحل شد&nbsp;<br />\r\nپس از وارد شدن به ساحل دريا به دليل وزش باد دريا مواج بود که زيباي خاص داشت و قدرت خود و کوچکي ما را در برابر قدرت خداوند نمايان ميکرد&nbsp;<br />\r\nدر مدتي که کنار ساحل بچه ها و همراهان مشغول بازي و تفريح بودند من نيز مشغول پاک کردن خودرو و تميز کاري داخلي خودرو بودم که متوجه شدم که همراه سوروکي سوار با خودرو خود به ساحل زده و مشغول حرکات نمايشي است&nbsp;<br />\r\nکه باعث تحريک توسان شد و هرد مشغول شيطنت و زيباي اين صحنه صداي خنده و ديدن لذت خانواده بود که براي من از هرچيز ديگر لذت بخش تر بود&nbsp;<br />\r\nبعد از مدتي سوناتا نيز به جمع سوزوکي و توسان پيوست و با پارک کردن خودرو درون اب مشغول گرفتن انواع مدل ژست و عکس گرفتن شدن و کم کم تندر و مگان نيز به انها پيوستند و به اصرار با اينکه مخالف بودم و اينکار را خطرناک ميدانستم جک را نيز همراه کردند<br />\r\nو همه مشغول لذت بردن و تفريح و شوخي و خنده شدند بعد از اينکه حسابي خود را خسته کردند اقدام به عقب گرد از داخل اب کردند که سوزوکي و توسان و مگان خارج شدند ولي جک و تندر 90 و سوناتا گرفتار شن ساحل شدند و گير کردند&nbsp;<br />\r\nکه با استفاده از بکسل کردن و کمک سوروکي و توسان انها را از شن ساحل خارج کرديم و نکته اي که اينجا مشهود بود و دليل اصلي گير کردن جک در شن ساحل وجود نداشتن حالت اسنو و يا حالتي که گشتاور کمتري به چرخهاي جلو وارد شود که باعث شد با ايجاد&nbsp;<br />\r\nحالت هرزگردي بيشتر به داخل شنهاي ساحل کشيده شود اما به هر حال از اين وضعيت به سلامت هر 3 خودرو خارج شدند و شد خاطره اي براي گفتن و خنديدن&nbsp;<br />\r\nبعد گزران مدتي و حسابي اتش سوزاندن دوستان درکنار ساحل بخاطر وزش باد و سرد شدن مجبور به ترک ساحل شديم&nbsp;<br />\r\nو به سمت مرکز شهر بابلسر حرکت کرديم و با راهنماي ميزبان به طرف رودخانه که از وسط شهر گذر ميکرد حرکت کرديم و با گذر از يک پل زيبا به طرف مجموعه تفريحي و قايق سواري بابلسر براي تفريح خانواده و دوستان عازم شديم که در حين پارک خودرو ها&nbsp;<br />\r\nبا خودروي اشنا مواجه شدم(يک جک 1500 دستي (سانروف دار )که پلاک تهران بود 33)و به عمد خودرو را کنار جک 1500 پارک کردم و در طي اماده شدن دوستان براي ورود به مجموعه تفريحي موفق به ديدن صاحب خودرو نشدم لاجرم با دوستان همراه و&nbsp;<br />\r\nبا اجره چند قايق پدالي مشغول لذت بردن و تفريح و استفاده از فضاي رودخانه شديم که به واقع ارام بخش و باعث بازيابي توان انسان ميشد بعد گذشت مدتي و اتمام مدت قايق سواري به خودرو مراجعه کرديم که خوشبختانه اينبار موفق به ديدار صاحب خودرو جک جي 5 1500<br />\r\nشدم و گويا ايندفعه ايشان منتظر امدن من بودند و طي اشنايي و صحبتي که کرديم اين دوست عزيز عنوان مينمود که از تهران تا اينجا مشکلي نداشته و با توجه به عملکرد مطلوب و نرم فرمان و کلاچ رانندگي لذت بخشي را داشته و در طول تمام مسير مشکلي از بابت&nbsp;<br />\r\nکمبود قدرت و گشتاور احساس نکرده و حتي در يک صحنه خطرناک عملکرد مطلوب و عالي ترمزها زندگي او خانواده اش را نجات داده بوده و باز عنوان کرد که با محاسباتي که انجام داده مصرف ان در سيکل ترکيبي چيزي حدود 6.5 الي 7 بوده و ار اين موضوع بسيار خشنود و از انتخاب خود کاملا راضي بود و من نيز&nbsp;<br />\r\nاطلاعات سفر و مزايا و معايب را با او در ميان گزاشتم و با اجازه من کمي داخل خودرو را وارسي و من نيز چنين کردم که به نظر من رنگ کرم داخل خيلي شيک و حالت لوکس دارد و فضای داخلی را به مراتب بزرگتر نشان میدهد و واقعا زيبا است و بعد از وارسي به رد و بدل کردن اطلاعات پرداختيم و قبل از خدا حافظي ادرس سايت و اينکه بعد از سفر حتما متن اين سفر را براي دوستان عزيزم در دسايت قرار خواهم داد . او را نیز دعوت به مشارکت و بازديد از سايت کردم که ايشان عنوان کرد که اتفاقا با استناد به اين سايت و تجربه هاي دوستان اقدام به&nbsp;<br />\r\nخريد جک کرده و وقتي نام نشانم را پرسيد کاملا شناخت و خيلي خوشحال شد و قول داد که او نيز به زودي عضو سايت شده و تجربه خود را با جک 1500 در اختيار دوستان قرار دهد و بعد از اين گپ دوستانه بخاطر معطل نشدن همراهانمان<br />\r\nاز يکديگر خداحافظي و وعده ديدار در سايت شد بعد از این دیدار خوشایند دوباره به راه افتاديم و به سمت&nbsp;<br />\r\nخارج شهر بابلسر و دوباره به سمت نوار ساحلی حرکت کردیم و بخاطر هماهنگی قبلی یکی از همراهان (دوست عزیز سوناتا سوار )به طرف شهر خصوصی خزر شهر به راه افتادیم که فاصله کمی با بابلسر داشت بعد از رسیدن به ورودی شهر خصوصی (که فقط با ارائه کارت مخصوص و تعیین تعداد مشخص شده اجازه ورود داده میشد ) پس از ورود به&nbsp;<br />\r\nمحوطه شهر ساحلی با فضای به واقع تمام رویایی روبرو شدیم که زیبایی مثال زدنی و فضاسازی به تمام معنا متفاوت تا انچه تا کنون دیده بودم داشت بعد از حرکت به سمت ویلای هماهنگ شده و پارک خودرو ها و مستقر شدن در ویلای ساحلی که فضای روبروی ان (حیاط)رو به دیا بود به معنای واقعی غرق لذت شدیم بعد از صرف نهار و کمی استراحت&nbsp;<br />\r\nبه گشت زنی همراه دوستان در محوطه ریبای شهر شدیم و نکته جالب ان بود به دلیل خصوصی بودن منطقه بیشتر مالکان و مهمانان افراد متمولی بودند که محیط شهر مملو از خودرو های روز بود و تنوع به واقع جالب از برند های مختلف وجود داشت&nbsp;<br />\r\nکه هنگامی که برای تهیه وسیله ای به حودرو مراجعه کردم صاحب ویلای کناری که مالک یک دستگاه هوندا اکورد جدید بود با کمی تامل و دل دل کردن اخر طاقت نیاورد و بعد از سلام و احوال پرسی و کمی سر صحبت را باز کردن گفت که هرچه دقت کرده نتوانسته جک را بشناسد و پیش خود میگفته که ظاهر که اروپایی و یا کره ای است اما چرا من تاکنون با&nbsp;<br />\r\nاین مدل روبرو نشدم که با خنده من روبرو شد و من نیز محدوده قیمت از نگاه ایشان را جویا شدم که ایشان نیز محدوده 90 را اعلام کردند که با توضیحات من و دعوت از ایشان به بازدید از جک به واقع بسیار از جک خوششان امده بود و از من اجازه گرفت تا در محوطه با ان دوری بزند که من نیز پذیرفتم بعد از طی مسیری کوتاه با سرعت بسیار کم در حد کشت زنی&nbsp;<br />\r\nتفریحی (بخاطر محدودیت حرکتی در محوطه ) این دوست عزیز عنوان کرد که هنوز نمیتواند باور کند که این یک خودرو چینی است (و این موضوع بیشتر بخاطر ذهنیت بد مردم از خودروهای چینی است )و در کل جک را بسیار متناسب و خوب میدید که برای من این بسیار خشنود کننده بود که نظز شخصی را که&nbsp;<br />\r\nیکی از با کیفیت ترین خودروها با برند جهانی و مخصوصا ژاپنی را دارد از عملکرد و فضای جک راضی است&nbsp;<br />\r\nبعد از گشت رنی کوتاه و دیدار کوتاه من از هوندا اکورد (که به معنایی واقعی با کیفیت بود )از یکدیگر خداحافظی و به داخل ویلا باز گشتم که با حرفی جالب از سوی همراهان روبرو شدم و ان اینکه باز دوباره جناب داشتی جک را معرفی میکردی و خودرو دیگران را تست میکردی پیشنهاد میکنم که برای اینکه جناب خسته نشید یک بیلبورد با جزئیات کامل جک<br />\r\nبر روی خودرو نصب و حرکت کنید که دیگر لازم به این همه توضیح نباشد بخدا ما همه متخصص جک شدیم که همه باهم شروع به خندیدن کردیم (البته این دوست عزیز حق داشت از ابتدای سفر بارها این موضع تکرار شده بود که بیشتر بخاطر ناشناخته بودن و کمتر دیده شدن جک در معابر بود )<br />\r\nبعد از تفریح و سپری کردن شب در ویلا و اقامت در ویلا تا بعد از ظهر روز بعد به طرف روستای کمانگر به راه افتدیم و اینبار من خودرو را به همراهم سپرده و با مگان همسفر شدم&nbsp;<br />\r\nالبته قبلا تجربه مگان را داشتم دز طی مسیر باز گشت نکته ای توجهم را جلب میکرد سیستم تعلیق عالی مگان بود که بسیار ارام و به دور از استرس عمل میکرد و که بسیار رانندگی با این فرانسوی را لذت بخش میکرد نکته دیگر شباهت بسیار زیاد عملکرد گربکس مگان با تندر بود و تعویض شدن دنده ها در دور موتور کمتر نسبت به جک البته نمیتوان از فضای&nbsp;<br />\r\nگسترده داخلی ان که به نظر کمی بیشتر از جک نیز به نظر میرسد گزشت که برای یک مسافرت 5 نفره عالی به نظز میرسید از نکات دیگر میتوان به قدیمی بودن داشبورد نیز اشاره کرد اما در کل مشکل دیگری و یا ضعف بزرگی دیده نشد که این دلیل استقبال ازاین خودرو فرانسوی در بازار حکایت دارد پس از بازگشت دوباره مورد استقبال میزبان قرار گرفتیم&nbsp;<br />\r\nو با گزراندن شب صبح قرار شد همراه میزبان سرکشی به شالیزار داشته باشیم که با موافقت همراهان روبرو شد و با توسان و سوزوکی به سمت شالیزار حرکت کردیم (به دلیل ناهموار بودن مسیر شالیزار )و با همراهی دوستان به طزف شالیزار به راه افتادیم ....</p>\r\n\r\n<p>&nbsp;</p>\r\n\r\n<p><span style=\"color: #993300;\"><strong>قسمت پنجم</strong></span><br />\r\n<br />\r\nو با همراهي دوستان به طرف شاليزار به راه افتاديم ....<br />\r\nو من براي انکه نوبت قبل عملکرد سوزوکي را تست کرده بودم در توسان قرار گرفتم<br />\r\nاولين نکته اي که در بدو ورود به توسان به چشم ميخورد مجموعه داشبورد و کنسول به نسبت قديمي ان بود و به نظر از نظر کيفي هم سطح سوزوکي نبود و سوزوکي بهتر با کيفيت تر به چشم ميخورد بعد از حرکت<br />\r\nنظرم نسبت به توسان تغيير کرد و از نظر نرمي و روان بودن گريبکس و شروع نرم با کمترين ضربه و تعويض هاي نرم گريبکس و سيستم تعليق به مراتب کم صداتر و نرمتر از سوزوکي نظر مثبتي نسبت به توسان پيدا کردم بعد از انکه از جاده نيمه اسفالت روستاي خارج و به سمت جاده<br />\r\nشاليزار راهي شديم اين حسن سيستم تعليق نرمتر بيشتر خود را نشان ميداد و فقط مشکلي که داشت ايجاد حالت گهواره اي در عبور از جاده ناهموار مسير داشت که عملکرد سيستم تعليق ان از سوي شبيه خودروهاي سواري بود و از اين لحاظ روي جاده هاي افرود روي سوزوکي بيشتر ميشد حساب کرد تا توسان ولي توسان<br />\r\nبراي کساني که يک رانندگي نرم شبه سواري با طراحي شاسي بلند را مي پسندند گزينه مناسبي است پس از گذر از جاده ناهموار به شاليزار رسيديم که به واقع زميني تخت و عالي بود البته هنوز اقدام به کشت نکرده بودند و به قول خود زمين را در اب خوابانده بودند که<br />\r\nبه زودي نشا کاري را شروع کنند چيزي که در روستا هاي شمال نمايان بود وجود تيلر هاي کوچکي بود که حکم اچار فرانسه را براي روستائيان دارد از کمک در زمين به عنوانهاي مختلف (شخم - زمين کوبي - نشا کاري - وانت و...)گرفته تا به عنوان خودرو جابجايي خانواده<br />\r\nمورد استفاده قرار ميگرفت براي همين وسوسه تست ان به سر همه همراهان زده بود و با قرض گرفتن تيلر قرمز رنگ يکي از شالي کاران تيلر سواري را نيز تجربه کرديم بعد از انکه تک تک دوستان مدتي زا به تفريح تيلر سواري که موجبات خنده ديگران را فراهم ميکرد پرداختند نوبت به من رسيد<br />\r\nکه اين اچار فرانسه روستا هاي شمال را تست کنم اولين چيز که نمود داشت دسته شبيه موتور سيکلت بود و بر خلاف موتور سيکلت که با حرکت دوشاخ فرمان هدايت ميشود تيلر با گرفتن دستگيره هاي که شبيه دستگيره ترمز و کلاچ موتور است هدايت ميشود و قلق خاصي دارد (براي پيچيدن به راست دستگيره راست و چپ دستگيره چپ و براي دور زدن بايد با يک دست دور بزنيد )و سواري خشک ولي با نشاطي دارد<br />\r\nبعد از تفريح با تيلر و تشکر از صاحب ان به سمت شاليزار و ديدن ان رفتيم نکته جالب در شمال انست که زماني که اب را در زمين ميخوابانند اقدام به ريختن بچه ماهي در زمين زير اب ميکنند که باعث استفاده بهتر از زمين واب ميشود که مزاياي زيادي براي روستائيان دارد و در کنار کاشت برنج<br />\r\nپرورش ماهي هم دارند در يک جمع بندي از زندگي روستائيان شما ل خود کفايي به طور کامل را ميشد ديد و دليل اصلي مهمان دار بودنشان زيرا از برنج تا گوشت و مرغ و ميوه و هرانچه که مايحتاج لازم است را خودشان تهيه ميکنند و چيزي به عنوان خريد معنا ندارد<br />\r\nو اين هدف مندي و مشغول بودن هميشگي و دور از روزمرگي را به انها هديه ميدهد و واقعا انسانهاي سخت کوش و مقاوم و با همت هستند و من دست تمام اين دوستان را به پاس بلند همتيشان ميبوسم<br />\r\nبعد از گشت گذار در شاليزار و اشنايي با کارهاي روستائيان و به ويژه لذت تيلر سواري به سمت منزل بازگشتيم و اين بار با سوزوکي همراه شدم و دقيق همانطور که فکر ميکردم بود خشکتر بودن سيستم تعليق ايجاد حالت قرصي در حرکت و کمتر بودن حالت گهواره اي و انتقال بيشتر ضربات به سرنشينان ديده ميشد در<br />\r\nيک مقايسه ميتوان توسان را يک کراس اور شهري با ميل بيشتر به سواري و سوزوکي را يک کراس اور با طعم افرود دانست بعد از اين بازديد مفرح به منزل ميزبان بازگشتيم و بعد از صرف نهار<br />\r\nکمي گفت و شنود بخاطر اينکه همراهانمان از صبح در منزل بودند و براي تغيير مزاج انها با پيشنهاد برادر ميزبان به رفتن به بازار محلي که در بابل بر پا ميشد موافقت و اماده حرکت شديم در زمان حرکت ابرها اسمان را فرا گرفته بودند و نوید بارش میدادند و با امید به امکه تا بارش اغاز شود ما به بازار سرکشی کرد ه ایم به راه افتادیم بعد از رسیدن به بابل و حرکت به به سمت بازار به بازار محلی رسیدیم و بعد از پارک خودرو ها به طرف بازار به راه افتادیم به و من همچنان نگران بارش باران بودم<br />\r\nپس از ورود به بازار محلي که به صورت دست فروشي و بود و از شير مرغ تا جان ادميزاد را براي عرضه اورده بودند و مضوع جالب ارائه غذا هاي محلي در بازار بود ماهي دودي - ماهي نمکي -تخم ااب پز اردک -انواع ترشي جات و مربا هاي محلي و...که يکي از غذا هاي جالب عرضه شده که حالت فست فود را داشت و اسم محلي ان را فراموش کرده ام<br />\r\nغذايي بود که از پاک کردن کامل روده گوسفند و تکه تکه کردن ان به وسيله قيچي و سرخ کردن ان و عرضه ان با نان محلي بود که گرچه به نظر جالب نميرسد ولي در تستي که داشتم بسيار لذيذ و و خوش طعم بود و به امتحان کردنش مي ارزيد<br />\r\nبعد از کمي گشت گذار و خريد صنايع دستي و تجربه طعمهاي جديد به يک پارک براي گزران شب مراجعه و پس از صرف شام و بازي بچه ها و با خداحافظي از برادر ميزبان و قول به ايشان که در سفري ديگر خدمتشان ميرسيم و شروع نم نم باران به سمت روستاي کمانگر حرکت کرديم<br />\r\nو در مسير بازگشت همراهان سوناتا با ما همراه شدند و انها نيز کيفيت و طراحي فضاي داخلي را مطلوب ديدند در مسير بازگشت با بارندگي روبرو شديم گرچه مسير کوتاهي بود و حسن خوب حرکت به موقع ما قبل بارندگي بود اما شدت باران زياد شد و جاده کاملا لغزنده شده بود<br />\r\nکه در خروجي شهر به دليل انحراف ناگهاني يک دستگاه پرايد و چرخش ان به دور خود با صحنه اي به واقع خطرناک روبرو شديم و با توجه به اينکه با ترمز ناگهاني با امکان برخورد خودرو هاي پشتي مواجه بودم ابتدا با ديدن خالي بودن مسير کنار خودرو را<br />\r\nاز مسير پرايد دور و سپس اقدام به ترمز گيري کردم که هيچ نشاني از تغيير مسير و يا کشيده شدن و حس از دست رفتن تعادل ديده نشد و خودرو با اطمينان کامل توقف کرد و اين نشان از ايمني فعال خوب جک دارد با توقف من ديگر خودرو هاي همراه نيز به دليل جلو دار بودن من و رعايت فاصله مناسب واکنش صحيح نشان داده و و با رحم خداوند حادثه اي روي نداد<br />\r\nو بقيه خودروها نيز مطلع و پرايد را به حالت اوليه و به کنار جاده راهنمايش کرديم و با باز شدن مسير ترافيک دوباره روان شد با مراجعه به خودرو پرايد که مسافر بودند و از مشهد امده بودند ابتدا براي ارامش سرنشينان<br />\r\nبعد از پرسيدن احوال سرنشينان و اطمينان از سلامت سرنشينان از راننده موضوع انحراف را جويا شدم که عنوان کرد که فقط براي انکه بر روي (لاشه گربه اي )که در وسط جاده افتاده بود نروم کمي تغيير مسير دادم که ناگهان با انحراف خودرو و گردش ان به دور خود مواجه شدم<br />\r\nکه به ايشان عنوان کردم همين تغيير مسير ناگهاني باعث از دست رفتن تعادل بخاطر لغزندگي جاده شده پس از کمي صحبت و پيشنهاد اينکه ايا ميخواهند با ما همراه و به منزل ميزبانمان بيايند تا کمي هم خستگي را رفع و هم تجديد قوا کنند .که ايشان نپذيرفتند و با تشکر به راه ادامه دادند<br />\r\nموضوعي که در اين حادثه مشهود بود اين بود که بيشتر از امکانات ايمني خودرو تجربه و محارت راننده در سلامت رانندگي مهم است بعد از بخير گزشتن حادثه به راه ادامه و به منزل ميزبان مراجعت کرديم که اين موضوع حادثه نقل مجلس براي صحبت شد<br />\r\nدر طول شب بارش همچنان ادامه داشت و من نگران و ناراحت مسافرانی که برای گزران چادر را انتخاب کرده بودند فردا صبح نیز همچنان بارش ادامه داشت و مانع خروج از منزل و این فرصت خوبی بود که خودرو ها را برای چک اپ برده و اماده بازگشت شویم با هماهنگی با دوستان و میزبان به دلیل انکه هر خودرو باید به نقطه ای از شهر مراجعه میکرد<br />\r\nاجبارا چند تن دوستان و فرزندان میزبان با هر کدام از ما همراه و راهنمای ما برای رفتن به نمایندگی ها و تعمیرگاه های مجاز شدند نکته مثبت وجود 3 نمایندگی کرمان موتور در شهر بابل بود و با اطلاع از اینکه 2 نمایندگی کشیک ایام عید هستند به سمت نمایندگی به راه افتادیم<br />\r\nاین موضوع چکاپ برای من اهمیت دوچندان داشت زیرا بدون وارسی خودرو ریسک سفر را پذیرفته بودم گرچه جک خودرویی مطمئن نشان داد اما نباید ریسک کرد بعد از رفتن به نمایندگی اول عنوان شد که این نمایندگی فقط خدمات لیفان و محصولات این برند را دارد و برای جک به نمایندگی دوم مراجعه کنید<br />\r\nولاجرم به سمت نمایندگی دوم راه افتادیم که خوشبختانه خدمات جک را ارائه میداد پس ار پر کردن فرم پذیرش و تحویل خودرو به دلیل انکه محوطه تعمیر گاه نزدیک بود و خلوت بودن نمایندگی با خودرو همراه شدیم و با صحبت با زبان محلی همرا هم با تعمیرکار بیشتر مورد استقبال قرار گرفتیم و تعمیرکار بیشتر تحویل گرفت<br />\r\nبعد از قرار دادن دیاگ و چکاپ شمع ها - فیلتر هوا- روغن - اتصالات برقی .خودرو بر روی جک هیدرولیک هدایت تا زیر بند و وضعیت چرخها به طور کامل وارسی شود بعد از وارسی زیر خودرو و چرخها من نیز از فرصت استفاده و مشکل سنسور نشانگر فشار باد لاستیک ها را مطرح کردم که عنوان شد که قطعه موجود نیست<br />\r\nکه این موضوع از کمبود قطعه این خودرو در نمایندگی ها حکایت دارد که یک مورد منفی برای جک است پس از کمی صحبت اوضاع خودرو های جک را در مازندران جویا شدم تعمیر کار عنوان نمود که کلاس های تخصصی برای تعمیرکاران نمایندگی ها برگزار کرده و اموزش کامل را داده اند ولی کمبود قطعات وجود دارد<br />\r\nمورد دیگر که این دوست عزیز عنوان کرد ان بود که تا کنون نزدیک 1000 دستگاه جک در سطح استان توضیع شده که بیشتر 1500 بوده اند و مدل اتومات کمتر از 200دستگاه بوده و با توجه به کم کار بودن جک ها تا کنون به غیر از سرویس های دوره ای خودرویی برای مشکل خاصی مراجعه نکرده<br />\r\nو جک کیفیت مطلوبی دارد و تا کنون مراجعه برای رفع مشکل حاد وجود نداشته که این موضوع جای خوشحالی دارد پس ار چکاپ برای پرداخت هزینه مراجعه که با موضوعی جالب روبرو شدم به دلیل انکه مسافر بودم چکاپ به صورت رایگان و (عیدی )محاسبه شد و مبلغی دریافت نکردند (البته قطعه ای نیز تعویض نشد و فقط وارسی و دیاگ صورت گرفته بود ) موقع خروج فرمی تحویل دادند تا نظر خود را در مورد عملکرد نمایندگی کشیک نوروزی اعلام کنم که من نیز در توضیحات مشکل کمبود قطعات را ثبت اما رضایت خود را از بازدید تخصصی اعلام کردم<br />\r\nحین حظور در نمایندگی باران نیز قطع شده بود که هوای لطیف و عالی به شهر هدیه داده بود وپس از خروج از نمایندگی به سوی پمپ بنزین حرکت تا باک را پر و اماده حرکت شویم با ورود به جایگاه خودرو را به طور کامل پر کردم<br />\r\nو در زمان حرکت به دلیل انکه بالای 40 لیتر بنزین زده بودم یک کارواش مجانی هدیه نوروزی پمپ بنزین هدیه گرفتم و با صحبت همراه با زبان محلی با کارگر کارواش خودرو به طور کامل و دقیق شستشو شد و راضی از شروع یک روز خوب همراه با عیدی های غافلگیر کننده به سمت روستا بازگشتیم<br />\r\nکه با بازگشت متوجه ان شدیم که هنوز دوستان دیگر مراجعه نکرده اند نزدیک ظهر بود که دوستان بازگشتند و دلیل تعلل را جویا شدم که از دلیل دیر کرد را شلوغی نمایندگی ها مطرح و شانس چکاپ را فقط گویش محلی و اصرار همراه عنوان نمودند بعد از کمی گفت گو قرار شد برای اخرین بار بعد از صرف نهار گشتی در اطراف زده و فردا صبح زود به سمت شهرکرد حرکت کنیم<br />\r\nبعد از صرف نهار برای گشت گذار به راه افتادیم که ایندفعه من با سوناتا همراه شدم و چون تجربه قبلی با سوناتا داشتم (خودرو قبل از جک )در طول مسیر مشغول صحبت با دوست عزیز در مورد اینکه ایا از انتخاب خود رضایت دارم یا خیر شدیم که عنوان کردم<br />\r\nبه غیر مشکلات کمبود قطعات مشکل خاصی ندارد و از نظر فنی قابل قبول و قابل اعتماد است که دوست عزیز نیز با توجه به عملکرد ان و مشاهده واکنشهای ان در طی مسیر این موضع را تائید کرد بعد از کمی گشت و گزار در با راهنمایی راه بلد مان به سمت یک جنگل حرکت کردیم و با رسیدن به جنگل واقعا بافضای روح بخش روبرو شدیم زمینی چمن پوش<br />\r\nو درختان سر به فلک کشیده و بوی نم معطر چوب روح انسان را تازه میکرد و دل کندن از این شهر و فضای بی نظیر را سخت میکرد بعد از صرف عصرانه و تفریح و بازیهای سرشار از خنده همراهان که برای من تماشای این صحنه واقعا لذت بخش بود بعد از انکه حسابی در جنگل گشت وگزار کردیم وخستگی های یک سال خود را در جنگل گزاشتیم با نزدیک شدن تاریکی<br />\r\nقصد بازگشت کردیم وقتی قصد حرکت داشتیم به دلیل انکه شانه جاده شیب زیادی داشت و گل الود بودن خودروها قادر به ورود به جاده نبودند و توسان و سوزوکی با استفاده از حالت چهار چرخ سنگین توانستند خود را به جاده برسانند گرچه ارتفاع زیادی نبود ولی به همین دلیل گل الودی باعث هرزگردی چرخها و اجازه ورود به جاده را نمیداد در این حین<br />\r\nفقط سوناتا توانست خود را به جاده برساند(به واسطه وزن سنگین تر و قدرت بیشتر ) و تندر - مگان - جک گیر کردند بیشتر به همان دلیل هرزگردی چرخها و اخر باز مجبور به استفاده از بکسل شدیم و هر 3 خودرو را به سلامت از این وضعیت خلاص کردیم (و لطف کارواش و تمیزی خودرو از بین رفت )در زمان تلاش برای خروج از این وضعیت نکته جالب ان بود که همراهان از هر فرصتی برای شوخی و خنده استفاده میکردند که این<br />\r\nموضوع باعث میشد که فشار عصبی بخاطر ایجاد مشکل به وجود نیاید و با خنده از مشکلات گذر کنیم و این حسن داشتن همسفران خوش خلق است<br />\r\nپس از بازگشت و تعریف و بگو بخند صبح زود با تشکر از مهمان نوازی بی نظیر میزبان و خانواده محترمشان خداحافظی کرده و با خاطراتی خوش از سزرمین طراوت به سمت شهرکرد عازم شدیم و باز همان مسیر هراز را برای بازگشت انتخاب کردیم<br />\r\nو چون در مسیر بازگشت موضوع قابل توجهی روی نداد و مشکلی ایجاد نشد دیگر نقل ان جایز نیست<br />\r\nپس از رسیدن به شهرکرد و خداحافظی از همراهان جک را خودرویی قابل اعتماد میدیدم و از انتخاب خود با وجود پاره ای از مشکلات که دوستان در جریان ان هستند کاملا رضایت داشتم<br />\r\n<br />\r\nامیدوارم که نقل این سفرنامه مفید واقع و توانسته باشم سهمی کوچک در اطلاع رسانی و شناخت بیشتر دوستان از این خودرو جدیدالورود داشته باشم.<br />\r\nپایان</p>\r\n','سفر با جک, محصولات جک, جک جی, جک 5, جک اتوماتیک, jac, کرمان موتور, مقایسه سوزوکي, ويتارا, هيوندای, توسان, رنو, مگان, تندر 90, جک اتومات, سوناتا, مقایسه سوزوکی ویتارا, مقایسه ویتارا'),(42,1,'آدرس جدید مرکز امور مشتریان کرمان موتور','آدرس جدید مرکز امور مشتریان کرمان موتور','آدرس جدید مرکز امور مشتریان کرمان موتور','<p><img style=\"float: right;\" title=\"آدرس جدید امور مشتریان کرمان موتور\" src=\"http://www.kermanmotor1732.com/uploads/posts/1408813304_shownewsimage.jpg\" alt=\"آدرس جدید امور مشتریان کرمان موتور\"><span style=\"line-height: normal; text-align: justify; word-spacing: 0px;\">قابل توجه مشتریان محترم محصولات کرمان به اطلاع می رساند به جهت گسترش فعالیت شرکت کرمان موتور و در اختیار گذاشتن تسهیلات بیشتر جهت رفاه حال شما، این شرکت محل استقرار دفاتر امور مشتریان خود را به آدرس&nbsp;<strong>کیلومتر ۱۱ جاده مخصوص کرج، خیابان شهید عاشری، رو به روی&nbsp;ساختمان اسکاد، پلاک ۵</strong>&nbsp;منتقل نموده است.</span></p>','<p><img alt=\"آدرس جدید امور مشتریان کرمان موتور\" src=\"http://www.kermanmotor1732.com/uploads/posts/1408813304_shownewsimage.jpg\" style=\"float: right;\" title=\"آدرس جدید امور مشتریان کرمان موتور\" /><span style=\"line-height: normal; text-align: justify; word-spacing: 0px;\">قابل توجه مشتریان محترم محصولات کرمان به اطلاع می رساند به جهت گسترش فعالیت شرکت کرمان موتور و در اختیار گذاشتن تسهیلات بیشتر جهت رفاه حال شما، این شرکت محل استقرار دفاتر امور مشتریان خود را به آدرس&nbsp;<strong>کیلومتر ۱۱ جاده مخصوص کرج، خیابان شهید عاشری، رو به روی&nbsp;ساختمان اسکاد، پلاک ۵</strong>&nbsp;منتقل نموده است.</span></p>\r\n','لیفان x60, مرکز فروش کرمان موتور, امور مشتریان کرمان موتور, مشتریان کرمان موتور, کرمان خودرو, کرمان موتور, kerman motor'),(42,3,'آدرس جدید مرکز امور مشتریان کرمان موتور','آدرس جدید مرکز امور مشتریان کرمان موتور','آدرس جدید مرکز امور مشتریان کرمان موتور','<p><img style=\"float: right;\" title=\"آدرس جدید امور مشتریان کرمان موتور\" src=\"http://www.kermanmotor1732.com/uploads/posts/1408813304_shownewsimage.jpg\" alt=\"آدرس جدید امور مشتریان کرمان موتور\"><span style=\"line-height: normal; text-align: justify; word-spacing: 0px;\">قابل توجه مشتریان محترم محصولات کرمان به اطلاع می رساند به جهت گسترش فعالیت شرکت کرمان موتور و در اختیار گذاشتن تسهیلات بیشتر جهت رفاه حال شما، این شرکت محل استقرار دفاتر امور مشتریان خود را به آدرس&nbsp;<strong>کیلومتر ۱۱ جاده مخصوص کرج، خیابان شهید عاشری، رو به روی&nbsp;ساختمان اسکاد، پلاک ۵</strong>&nbsp;منتقل نموده است.</span></p>','<p><img alt=\"آدرس جدید امور مشتریان کرمان موتور\" src=\"http://www.kermanmotor1732.com/uploads/posts/1408813304_shownewsimage.jpg\" style=\"float: right;\" title=\"آدرس جدید امور مشتریان کرمان موتور\" /><span style=\"line-height: normal; text-align: justify; word-spacing: 0px;\">قابل توجه مشتریان محترم محصولات کرمان به اطلاع می رساند به جهت گسترش فعالیت شرکت کرمان موتور و در اختیار گذاشتن تسهیلات بیشتر جهت رفاه حال شما، این شرکت محل استقرار دفاتر امور مشتریان خود را به آدرس&nbsp;<strong>کیلومتر ۱۱ جاده مخصوص کرج، خیابان شهید عاشری، رو به روی&nbsp;ساختمان اسکاد، پلاک ۵</strong>&nbsp;منتقل نموده است.</span></p>\r\n','لیفان x60, مرکز فروش کرمان موتور, امور مشتریان کرمان موتور, مشتریان کرمان موتور, کرمان خودرو, کرمان موتور, kerman motor'),(44,1,'جک در نمایشگاه خودرو مشهد','جک در نمایشگاه خودرو مشهد','جک در نمایشگاه خودرو مشهد','<p style=\"text-align: center;\">سلام<br /><strong>اینم چند عکس از نمایشگاه خودرو مشهد پنج شنبه 13/6/93</strong></p>\r\n<p style=\"text-align: center;\">&nbsp;</p>\r\n<p style=\"text-align: center;\"><br />[thumb]http://www.kermanmotor1732.com/uploads/posts/1409864104_wp_001759.jpg[/thumb]<br /><br /></p>','<p style=\"text-align: center;\"><span style=\"word-spacing: 1.10000002384186px;\">[thumb]http://www.kermanmotor1732.com/uploads/posts/1409864124_wp_001760.jpg[/thumb]</span><br style=\"word-spacing: 1.10000002384186px;\" />\r\n<span style=\"word-spacing: 1.10000002384186px;\">[thumb]http://www.kermanmotor1732.com/uploads/posts/1409864212_wp_001778.jpg[/thumb]</span><br style=\"word-spacing: 1.10000002384186px;\" />\r\n<span style=\"word-spacing: 1.10000002384186px;\">[thumb]http://www.kermanmotor1732.com/uploads/posts/1409864498_wp_001761.jpg[/thumb]</span></p>\r\n','محصولات جک, کرمان موتور, نمایشگاه مشهد, جک جی 5, جک اس5, جک اس 5, خودرو jac, جک j5, تصویر جک - لیفان'),(44,3,'جک در نمایشگاه خودرو مشهد','جک در نمایشگاه خودرو مشهد','جک در نمایشگاه خودرو مشهد','<p style=\"text-align: center;\">سلام<br /><strong>اینم چند عکس از نمایشگاه خودرو مشهد پنج شنبه 13/6/93</strong></p>\r\n<p style=\"text-align: center;\">&nbsp;</p>\r\n<p style=\"text-align: center;\"><br />[thumb]http://www.kermanmotor1732.com/uploads/posts/1409864104_wp_001759.jpg[/thumb]<br /><br /></p>','<p style=\"text-align: center;\"><span style=\"word-spacing: 1.10000002384186px;\">[thumb]http://www.kermanmotor1732.com/uploads/posts/1409864124_wp_001760.jpg[/thumb]</span><br style=\"word-spacing: 1.10000002384186px;\" />\r\n<span style=\"word-spacing: 1.10000002384186px;\">[thumb]http://www.kermanmotor1732.com/uploads/posts/1409864212_wp_001778.jpg[/thumb]</span><br style=\"word-spacing: 1.10000002384186px;\" />\r\n<span style=\"word-spacing: 1.10000002384186px;\">[thumb]http://www.kermanmotor1732.com/uploads/posts/1409864498_wp_001761.jpg[/thumb]</span></p>\r\n','محصولات جک, کرمان موتور, نمایشگاه مشهد, جک جی 5, جک اس5, جک اس 5, خودرو jac, جک j5, تصویر جک - لیفان'),(45,1,'نمایشگاه خودرو مشهد 2','نمایشگاه خودرو مشهد 2','نمایشگاه خودرو مشهد 2','<p>ادامه عکسها...</p><p style=\"text-align: center;\">[thumb]http://www.kermanmotor1732.com/uploads/posts/1409865439_wp_001771.jpg[/thumb]</p><p style=\"text-align: center;\">&nbsp;</p>','<p style=\"text-align: center;\">[thumb]http://www.kermanmotor1732.com/uploads/posts/1409865329_wp_001776.jpg[/thumb]</p>\r\n\r\n<p style=\"text-align: center;\">[thumb]http://www.kermanmotor1732.com/uploads/posts/1409865381_wp_001774.jpg[/thumb]</p>\r\n','کرمان موتور, نمایشگاه مشهد, محصولات جک, جک جی 5, جک اس5, جک اس 5, خودرو jac, جک j5, تصویر جک - لیفان'),(45,3,'نمایشگاه خودرو مشهد 2','نمایشگاه خودرو مشهد 2','نمایشگاه خودرو مشهد 2','<p>ادامه عکسها...</p><p style=\"text-align: center;\">[thumb]http://www.kermanmotor1732.com/uploads/posts/1409865439_wp_001771.jpg[/thumb]</p><p style=\"text-align: center;\">&nbsp;</p>','<p style=\"text-align: center;\">[thumb]http://www.kermanmotor1732.com/uploads/posts/1409865329_wp_001776.jpg[/thumb]</p>\r\n\r\n<p style=\"text-align: center;\">[thumb]http://www.kermanmotor1732.com/uploads/posts/1409865381_wp_001774.jpg[/thumb]</p>\r\n','کرمان موتور, نمایشگاه مشهد, محصولات جک, جک جی 5, جک اس5, جک اس 5, خودرو jac, جک j5, تصویر جک - لیفان'),(48,1,'نمایشگاه خودرو مشهد 3','نمایشگاه خودرو مشهد 3','نمایشگاه خودرو مشهد 3','<p>ادامه...</p><p style=\"text-align: center;\">[thumb]http://www.kermanmotor1732.com/uploads/posts/1410115557_wp_001762.jpg[/thumb]<br><br></p>','<p style=\"text-align: center;\"><span style=\"word-spacing: 1.10000002384186px;\">[thumb]http://www.kermanmotor1732.com/uploads/posts/1410115602_wp_001764.jpg[/thumb]</span><br style=\"word-spacing: 1.10000002384186px;\" />\r\n<span style=\"word-spacing: 1.10000002384186px;\">[thumb]http://www.kermanmotor1732.com/uploads/posts/1410115677_wp_001770.jpg[/thumb]</span></p>\r\n','کرمان موتور, محصولات جک, جک جی, جک جی 5, جک جی اتوماتیک'),(48,3,'نمایشگاه خودرو مشهد 3','نمایشگاه خودرو مشهد 3','نمایشگاه خودرو مشهد 3','<p>ادامه...</p><p style=\"text-align: center;\">[thumb]http://www.kermanmotor1732.com/uploads/posts/1410115557_wp_001762.jpg[/thumb]<br><br></p>','<p style=\"text-align: center;\"><span style=\"word-spacing: 1.10000002384186px;\">[thumb]http://www.kermanmotor1732.com/uploads/posts/1410115602_wp_001764.jpg[/thumb]</span><br style=\"word-spacing: 1.10000002384186px;\" />\r\n<span style=\"word-spacing: 1.10000002384186px;\">[thumb]http://www.kermanmotor1732.com/uploads/posts/1410115677_wp_001770.jpg[/thumb]</span></p>\r\n','کرمان موتور, محصولات جک, جک جی, جک جی 5, جک جی اتوماتیک'),(51,1,'مقایسه جی 5 اتوماتیک و کیا سراتو 1600 اتوماتیک','مقایسه جی 5 اتوماتیک و کیا سراتو 1600 اتوماتیک','مقایسه جی 5 اتوماتیک و کیا سراتو 1600 اتوماتیک','<p><span style=\"color: #800000;\"><strong>با سلام خدمت دوستان</strong></span></p><p><br>خب من هم تحویل شهریور بودم که بالاخره دیروز ماشینو از کرمان موتور تحویل گرفتم. کیلومتر 16 جاده مخصوص کرج که برخورد کرمان موتوری ها بسیار خوب بود و خیلی راحت و بدون مشکل ماشین رو تحویل دادند. اول از همه بگم که همونجا دادم سینی زیر موتور رو برای ماشین گذاشتند و 170 هزار تومن ناقابل هزینش شد. ماشین رنگش خاکستری خورده ولی بیشتر به مشکی متالیک میزنه تا خاکستری!!خب اولین بار که سوار ماشین شدم زیبایی داشبورد و طراحی اون چشممو گرفت و چون قبلا سراتو 2012 - 1600 سی سی اتوماتیک داشتم الان میتونم مقایسه خوبی از این دو ماشین داشته باشم. دیروز از کیلیومتر 16 جاده مخصوص کرج تا نزدیکای درکه با ماشین اومدم که به نظرم ماشین به نسبت قیمتش واقعا عالی هست و هیچ مشکلی نداشت.</p><p>&nbsp;</p><p>[thumb=right|کیا سراتو 1600]http://www.kermanmotor1732.com/uploads/posts/1411067543_10.jpg[/thumb]</p><p>[thumb=left|j5 اتوماتیک]http://www.kermanmotor1732.com/uploads/posts/1411067504_7.jpg[/thumb]</p>','<p>-کیفیت داشبورد و ادوات داخلی ماشین و مونتاژ اون در مقایسه با سراتو کمی تا مقداری پایین تر بود مثلا اگه به سراتو نمره 10 از 10 بدیم به جک ج فایو باید 6.5 داد و به ریو 5.5<br />\r\n-سیستم تعلیق و نرمی فرمون و کلا نرمی ماشین در مقایسه با سراتو که ماشین بسیار خشکی هست واقعا و کاملا مشخص بود. جک ماشین بسیار نرم و راحتی هست و فرمونش شاید دو برابر از سراتو نرمتره<br />\r\n-از نظر جاداری و فضای سرنشینان باز هم به نظرم جک جادار تر از سراتو اومد. البته صندوق سراتو به نظرم کمی بزرگتر بود.<br />\r\n-صندلی های سراتو تا حدودی راحت تر از جک بود و به قول معروف راننده رو کاملا در بر می گرفت.<br />\r\n-از نظر شتاب و کشش ماشین به نظرم هر دو ماشین تقریبا با هم عملکرد برابری دارند البته جک کمی پرقدرت تر به نظر می امد. با وجود اینکه سراتو 1600 سی سی و 124 اسب بخار توان دارد ولی به لطف گیرباکس شش دنده و هوشمندش تونسته 20 اسب و 200 سی سی حجم موتور کمتر رو تا حدودی جبران کنه.(گیربکس 4 دنده جک به نظرم مشکل حادی نداشت و این مشکلی که دوستان درباره شروع مجدد تو سربالایی مشکل دارند به نظرم باید کمی بیشتر پدال گاز رو فشار بدند تا ماشین با قدرت بالا بیاد. من نمیگم گیربکس این ماشین خیلی هوشمند هست ولی بنظرم اصلا مشکلی در دنده عوض کردن نداشت و درست مثل سراتو میل به عوض کردن دنده بعلت کمتر کردن مصرف سوخت داشته و وقتی پا رو از رو پدال گاز بر میداشتم ماشین سریع میرفت رو دنده چهار درست مثل سراتو که رو دنده 6 میرفت.)<br />\r\n-صدای موتور ماشین بسیار دل نشین و قدرتمند و بم بود که خیلی خوش صدا تر از سراتو بود.<br />\r\n-کولر ماشین رو هم در کل مسیر تست کردم و به نظرم مشکلی نداشت! درست مثل ریو و سراتو بود.<br />\r\n-صدای موتور خیلی داخل نمیامد و از نظر عایق کاری عملکرد خوبی داشت. کمی بهتر از سراتو!!&nbsp;<br />\r\n-سیستم صوتی ماشین کیفیت پایین تری از سراتو داشت ولی در کل خوب بود و من کاملا راضی هستم.<br />\r\n-مصرف سوخت ماشین رو هنوز محاسبه نکردم و بعدا نتیجه رو در مقایسه با سراتو اعلام میکنم. الان بگم که سراتو 1600 سی سی اتومات بنده مصرف شهریش 9.5 الی 10 و جاده 7.5 الی 8 بود بعد از 12000 کارکرد. اون اوایل مصرف شهری سراتو به صدی 13 هم میرسید به علت صفر بودن..<br />\r\n-ترمز های ماشین عملکرد قابل قبولی داشت ولی ضعیف تر از سراتو بود. در کل ترمز های ماشین متوسط رو به بالا بود. حالا شاید رفته رفته عملکردشان بعد از آب بندی بهتر بشه!<br />\r\n-کیفیت رنگ ماشین در مقابل سراتو حرفی برای گفتن نداشت!!<br />\r\n-کیفیت مونتاژ کرمان موتور هم به نظرم بهتر از سایپا و ایران خودرو اومد .<br />\r\n-آینه های بغل بسیار عالی و بزرگ و مطمعن بودند ولی آینه عقب خیر. کلا دید ماشین از عقب خوب نبود ولی با این حال از سراتو دید عقب بهتری داشت.<br />\r\n- فرمون ماشین به نظرم خیلی سمت چپ بود و این یکی از ایرادهای این ماشین میتونه باشه.<br />\r\n-یکی دیگه از ایراداتی که توی ذوق میزد نداشتن چراغ روی گلیدهای شیشه بالابر بود که با توجه به تریم مشکی بودن ماشین توی شب تو پارکینگ باید با لمس و حدس و حس ششم و ... کلید ها رو پیدا میکردم.</p>\r\n\r\n<p>&nbsp;</p>\r\n\r\n<p><span style=\"color: #ff0000;\">این مطلب اقتباس از سایت تیونینگ تاک می باشد. که توسط کاربر عزیز جناب آقای بهزاد خسرویان در سایت ثبت گردیده است.</span></p>\r\n','مقایسه, جی 5, اتوماتیک, کیا, سراتو 1600, اتوماتیک, جی5, j5, Automatic, Cerato, Kia,'),(51,3,'مقایسه جی 5 اتوماتیک و کیا سراتو 1600 اتوماتیک','مقایسه جی 5 اتوماتیک و کیا سراتو 1600 اتوماتیک','مقایسه جی 5 اتوماتیک و کیا سراتو 1600 اتوماتیک','<p><span style=\"color: #800000;\"><strong>با سلام خدمت دوستان</strong></span></p><p><br>خب من هم تحویل شهریور بودم که بالاخره دیروز ماشینو از کرمان موتور تحویل گرفتم. کیلومتر 16 جاده مخصوص کرج که برخورد کرمان موتوری ها بسیار خوب بود و خیلی راحت و بدون مشکل ماشین رو تحویل دادند. اول از همه بگم که همونجا دادم سینی زیر موتور رو برای ماشین گذاشتند و 170 هزار تومن ناقابل هزینش شد. ماشین رنگش خاکستری خورده ولی بیشتر به مشکی متالیک میزنه تا خاکستری!!خب اولین بار که سوار ماشین شدم زیبایی داشبورد و طراحی اون چشممو گرفت و چون قبلا سراتو 2012 - 1600 سی سی اتوماتیک داشتم الان میتونم مقایسه خوبی از این دو ماشین داشته باشم. دیروز از کیلیومتر 16 جاده مخصوص کرج تا نزدیکای درکه با ماشین اومدم که به نظرم ماشین به نسبت قیمتش واقعا عالی هست و هیچ مشکلی نداشت.</p><p>&nbsp;</p><p>[thumb=right|کیا سراتو 1600]http://www.kermanmotor1732.com/uploads/posts/1411067543_10.jpg[/thumb]</p><p>[thumb=left|j5 اتوماتیک]http://www.kermanmotor1732.com/uploads/posts/1411067504_7.jpg[/thumb]</p>','<p>-کیفیت داشبورد و ادوات داخلی ماشین و مونتاژ اون در مقایسه با سراتو کمی تا مقداری پایین تر بود مثلا اگه به سراتو نمره 10 از 10 بدیم به جک ج فایو باید 6.5 داد و به ریو 5.5<br />\r\n-سیستم تعلیق و نرمی فرمون و کلا نرمی ماشین در مقایسه با سراتو که ماشین بسیار خشکی هست واقعا و کاملا مشخص بود. جک ماشین بسیار نرم و راحتی هست و فرمونش شاید دو برابر از سراتو نرمتره<br />\r\n-از نظر جاداری و فضای سرنشینان باز هم به نظرم جک جادار تر از سراتو اومد. البته صندوق سراتو به نظرم کمی بزرگتر بود.<br />\r\n-صندلی های سراتو تا حدودی راحت تر از جک بود و به قول معروف راننده رو کاملا در بر می گرفت.<br />\r\n-از نظر شتاب و کشش ماشین به نظرم هر دو ماشین تقریبا با هم عملکرد برابری دارند البته جک کمی پرقدرت تر به نظر می امد. با وجود اینکه سراتو 1600 سی سی و 124 اسب بخار توان دارد ولی به لطف گیرباکس شش دنده و هوشمندش تونسته 20 اسب و 200 سی سی حجم موتور کمتر رو تا حدودی جبران کنه.(گیربکس 4 دنده جک به نظرم مشکل حادی نداشت و این مشکلی که دوستان درباره شروع مجدد تو سربالایی مشکل دارند به نظرم باید کمی بیشتر پدال گاز رو فشار بدند تا ماشین با قدرت بالا بیاد. من نمیگم گیربکس این ماشین خیلی هوشمند هست ولی بنظرم اصلا مشکلی در دنده عوض کردن نداشت و درست مثل سراتو میل به عوض کردن دنده بعلت کمتر کردن مصرف سوخت داشته و وقتی پا رو از رو پدال گاز بر میداشتم ماشین سریع میرفت رو دنده چهار درست مثل سراتو که رو دنده 6 میرفت.)<br />\r\n-صدای موتور ماشین بسیار دل نشین و قدرتمند و بم بود که خیلی خوش صدا تر از سراتو بود.<br />\r\n-کولر ماشین رو هم در کل مسیر تست کردم و به نظرم مشکلی نداشت! درست مثل ریو و سراتو بود.<br />\r\n-صدای موتور خیلی داخل نمیامد و از نظر عایق کاری عملکرد خوبی داشت. کمی بهتر از سراتو!!&nbsp;<br />\r\n-سیستم صوتی ماشین کیفیت پایین تری از سراتو داشت ولی در کل خوب بود و من کاملا راضی هستم.<br />\r\n-مصرف سوخت ماشین رو هنوز محاسبه نکردم و بعدا نتیجه رو در مقایسه با سراتو اعلام میکنم. الان بگم که سراتو 1600 سی سی اتومات بنده مصرف شهریش 9.5 الی 10 و جاده 7.5 الی 8 بود بعد از 12000 کارکرد. اون اوایل مصرف شهری سراتو به صدی 13 هم میرسید به علت صفر بودن..<br />\r\n-ترمز های ماشین عملکرد قابل قبولی داشت ولی ضعیف تر از سراتو بود. در کل ترمز های ماشین متوسط رو به بالا بود. حالا شاید رفته رفته عملکردشان بعد از آب بندی بهتر بشه!<br />\r\n-کیفیت رنگ ماشین در مقابل سراتو حرفی برای گفتن نداشت!!<br />\r\n-کیفیت مونتاژ کرمان موتور هم به نظرم بهتر از سایپا و ایران خودرو اومد .<br />\r\n-آینه های بغل بسیار عالی و بزرگ و مطمعن بودند ولی آینه عقب خیر. کلا دید ماشین از عقب خوب نبود ولی با این حال از سراتو دید عقب بهتری داشت.<br />\r\n- فرمون ماشین به نظرم خیلی سمت چپ بود و این یکی از ایرادهای این ماشین میتونه باشه.<br />\r\n-یکی دیگه از ایراداتی که توی ذوق میزد نداشتن چراغ روی گلیدهای شیشه بالابر بود که با توجه به تریم مشکی بودن ماشین توی شب تو پارکینگ باید با لمس و حدس و حس ششم و ... کلید ها رو پیدا میکردم.</p>\r\n\r\n<p>&nbsp;</p>\r\n\r\n<p><span style=\"color: #ff0000;\">این مطلب اقتباس از سایت تیونینگ تاک می باشد. که توسط کاربر عزیز جناب آقای بهزاد خسرویان در سایت ثبت گردیده است.</span></p>\r\n','مقایسه, جی 5, اتوماتیک, کیا, سراتو 1600, اتوماتیک, جی5, j5, Automatic, Cerato, Kia,'),(52,1,'مصرف سوخت اتومبیل را چگونه کاهش دهیم؟','مصرف سوخت اتومبیل را چگونه کاهش دهیم؟','مصرف سوخت اتومبیل را چگونه کاهش دهیم؟','<p style=\"text-align: center;\"><em>​</em>[thumb]http://www.kermanmotor1732.com/uploads/posts/1411994850_jac-j5.jpg[/thumb]</p><p>&nbsp;</p><p>&nbsp;</p><p>در این مقاله سعی شده است راهکارهای فنی و مثبت در جهت کاهش مصرف سوخت اتومبیل را مورد بررسی قرار دهیم. شما را به خواندن این مقاله دعوت می نمائیم.</p><p>&nbsp;</p>','<p><strong>کاهش وزن خودرو</strong></p>\r\n\r\n<p>&nbsp;</p>\r\n\r\n<p>اولین و شاید مهم&zwnj;ترین عاملی که بسیاری به آن توجه نمی&zwnj;کنند، وزن خودروست. تمامی وسایل اضافی در خودرو را خارج کرده و وزن آن را به حداقل برسانید. تنها کافی است وسایلی همچون لاستیک اضافه، ابزار تعویض لاستیک، تعدادی ابزار فنی معمولی و یک ذخیره آب کوچک در اختیار داشته باشید تا در مواقع ضروری مشکل خودروی خود را برطرف کنید.</p>\r\n\r\n<p>&nbsp;</p>\r\n\r\n<p><strong>تنظیم فرمان</strong></p>\r\n\r\n<p>&nbsp;</p>\r\n\r\n<p>مسئله دیگری که می&zwnj;توان با مراجعه به متخصص&zwnj;های فنی خودرو آن را برطرف کرد، زاویه چرخ&zwnj;هاست. نکته قابل توجه این است که زاویه قرارگیری چرخ&zwnj;ها در هر کدام از اتومبیل&zwnj;های دیفرانسیل عقب یا جلو با یکدیگر متفاوت است. شما می&zwnj;توانید با مراجعه به مراکز مربوط، نسبت به تنظیم فرمان و زاویه چرخ&zwnj;ها اقدام کنید. اگر زاویه چرخ&zwnj;ها به&zwnj;درستی قرار نگرفته باشد، نه&zwnj;تنها لاستیک بعد از مدتی ساییده می&zwnj;شود بلکه موتور بیش از حد کار کرده و سوخت بیشتری مصرف می&zwnj;کند.</p>\r\n\r\n<p>&nbsp;</p>\r\n\r\n<p><strong>سیستم صوتی دردسرساز</strong></p>\r\n\r\n<p>&nbsp;</p>\r\n\r\n<p>در نهایت باید به این نکته اشاره کرد که استفاده از سیستم&zwnj;های صوتی پرمصرف و بالا بودن بیش از حد صدا نیز با مصرف سوخت ارتباط دارند. به طور کلی هر چیزی که در اتومبیل بالاتر از حد تعریف شده برق مصرف کند، از دینام کار بیشتری گرفته و در نهایت موتور اتومبیل را مجبور به تولید نیروی بیشتر می&zwnj;کند.</p>\r\n\r\n<p>&nbsp;</p>\r\n\r\n<p><strong>بنزین با کیفیت</strong></p>\r\n\r\n<p>&nbsp;</p>\r\n\r\n<p>بنزین به خودی خود یکی از مهم&zwnj;ترین نکات موجود در زمینه کاهش مصرف سوخت است. همان&zwnj;طور که می&zwnj;دانید بنزین سوپر که در تمامی جایگاه&zwnj;ها عرضه می&zwnj;شود، دارای اکتان بالاتری است. نه&zwnj;تنها این نوع از بنزین کیفیت بهتری داشته و ضرر کمتری به موتور می&zwnj;رساند بلکه عملکرد را نسبت به بنزین&zwnj;های معمولی با اکتان پایین بهبود داده و در نتیجه مصرف سوخت را کاهش می&zwnj;دهد. جدای از این موضوع، بسیاری در رابطه با استفاده از مکمل&zwnj;های بنزین تردید دارند.</p>\r\n\r\n<p>در ابتدا بد نیست بدانید مکمل&zwnj;های موجود در نوع شوینده و افزایش&zwnj;دهنده اکتان قرار می&zwnj;گیرند. هر چند مکمل&zwnj;های شوینده در زمان استفاده عملکرد موتور را بهبود می&zwnj;بخشند اما در طولانی&zwnj;مدت باعث ایجاد پوسیدگی و از بین رفتن بخش&zwnj;های مختلف آن می&zwnj;شوند. در مقابل مکمل&zwnj;هایی قرار دارند که اکتان بنزین را افزایش می&zwnj;دهند. افزایش اکتان رابطه مستقیمی با کاهش مصرف سوخت دارد اما با توجه به قیمت نجومی مکمل&zwnj;های استاندارد و معتبر عملا این روش توجیه اقتصادی ندارد.</p>\r\n\r\n<p>&nbsp;</p>\r\n\r\n<p><strong>درست رانندگی کنید</strong></p>\r\n\r\n<p>&nbsp;</p>\r\n\r\n<p>بخشی از مبحث کاهش مصرف سوخت به نحوه رانندگی ارتباط پیدا می&zwnj;کند. رانندگی با سرعت بالا تنها عامل شناخته شدن برای افزایش مصرف سوخت نیست. نکته دیگری که باید به آن توجه کرد، تعویض دنده در دور موتور مناسب است. به طور کلی خودرو&zwnj;های تولید داخل با توجه به ضعف موتور و رعایت نشدن تعداد زیادی از استانداردهای جهانی نیاز به رفتاری متفاوت از سوی راننده دارند. پیشنهاد می&zwnj;شود، راننده در اکثر مواقع زمانی که به دور موتور 3 هزار رسید، اقدام به تعویض دنده کند. جدای از این موضوع همواره باید نگهداری و سرویس موتور را نیز در ذهن داشت. تنظیم موتور، شست&zwnj;وشوی انژکتور، تعویض روغن، استفاده از روغن باکیفیت، تعویض به&zwnj;موقع فیلتر هوا و در نهایت تعویض فیلتر بنزین موارد موثر در کاهش مصرف بنزین هستند.</p>\r\n\r\n<p>&nbsp;</p>\r\n\r\n<p><strong>مخزن ذخیره&zwnj;سازی</strong></p>\r\n\r\n<p>&nbsp;</p>\r\n\r\n<p>به هیچ عنوان باک اتومبیل خود را کامل پر نکنید! همواره سعی کنید بخشی حتی کوچک از آن را خالی نگه دارید. این موضوع نه&zwnj;تنها به کاهش وزن ارتباط دارد بلکه از بخار شدن بنزین نیز جلوگیری می&zwnj;کند. زمانی که مقدار زیادی بنزین در باک اتومبیل ذخیره شده و در مدت زمانی خاص مورد استفاده قرار نگیرد به مرور زمان بخار شده و عملا هزینه&zwnj;ای اضافه را برای شما به وجود می&zwnj;آورد. برای جلوگیری از این موضوع حتی پیشنهاد می&zwnj;شود که از سلامت در باک نیز اطمینان پیدا کنید.</p>\r\n\r\n<p>&nbsp;</p>\r\n\r\n<p><strong>امتیاز مثبت انژکتور</strong></p>\r\n\r\n<p>&nbsp;</p>\r\n\r\n<p>جدای از مصرف سوخت کمتر خودرو&zwnj;های انژکتوری به خاطر حذف کاربراتور، نکته دیگری نیز وجود دارد که این نوع از اتومبیل&zwnj;ها را تبدیل به نمونه اقتصادی می&zwnj;کند. آزمایش&zwnj;های مختلف نشان می&zwnj;دهد، زمانی که اتومبیل در سرازیری قرار دارد، اگر به جای قرار دادن در حالت خلاص، آن را در دنده گذاشته و پدال گاز را فشار ندهیم، مصرف سوخت اتومبیل به صفر می&zwnj;رسد. نکته قابل اشاره این است که اگر راننده، اتومبیل انژکتوری را در زمان رسیدن به سرازیری خلاص کند، موتور اتومبیل به صورت خودکار برای روشن ماندن، کار کرده و بنزین مصرف می&zwnj;شود. در نهایت باید به این مسئله دقت کرد که حالت اشاره شده تنها مختص خودرو&zwnj;های انژکتوری است.</p>\r\n\r\n<p>&nbsp;</p>\r\n\r\n<p><strong>نبود جریان هوا</strong></p>\r\n\r\n<p>&nbsp;</p>\r\n\r\n<p>مسئله دیگری که در مصرف سوخت تاثیر مستقیم دارد، ایرودینامیک اتومبیل است. برای استفاده&zwnj;های معمولی یا بهتر است بگوییم شهری بهترین کار پرهیز از ایجاد تغییرات کاذب است. می&zwnj;توان به حذف باربند اشاره کرد، تحقیقات مختلف ثابت کرده، باربند حتی در صورت خالی بودن ایرودینامیک اتومبیل را به&zwnj;شدت تخریب کرده و در نتیجه مصرف سوخت اتومبیل را افزایش می&zwnj;دهد. حتی باز بودن پنجره&zwnj;ها و ورود باد در زمان حرکت به داخل اتومبیل و جریان پیدا نکردن آن در کناره&zwnj;ها یکی دیگر از عوامل مهم در مصرف سوخت است.</p>\r\n\r\n<p>&nbsp;</p>\r\n\r\n<p><strong>لاستیک بدون طرح</strong></p>\r\n\r\n<p>&nbsp;</p>\r\n\r\n<p>لاستیک&zwnj;ها بخش دیگری از فرآیند کاهش مصرف سوخت هستند. استفاده از لاستیک&zwnj;های رادیال به جای لاستیک&zwnj;هایی با عاج طرح&zwnj;دار در کاهش مصرف سوخت تاثیرگذار است. به طور کلی هر چه میزان اصطکاک اتومبیل با زمین کاهش پیدا کند، موتور نیاز به قدرت کمتری برای حرکت اتومبیل دارد و نهایتا بنزین کمتری مصرف می&zwnj;شود. همین نکته در رابطه با استفاده از لاستیک&zwnj;های پهن&zwnj;تر از نمونه&zwnj;های معمولی و مورد استفاده در کارخانه صدق می&zwnj;کند. افزایش پهنای لاستیک مساوی است با افزایش مصرف سوخت.</p>\r\n\r\n<p>&nbsp;</p>\r\n','اتومبیل جک, تهویه هوا, کرمان موتور, تنظیم فرمان, رانندگی با لیفان'),(52,3,'مصرف سوخت اتومبیل را چگونه کاهش دهیم؟','مصرف سوخت اتومبیل را چگونه کاهش دهیم؟','مصرف سوخت اتومبیل را چگونه کاهش دهیم؟','<p style=\"text-align: center;\"><em>​</em>[thumb]http://www.kermanmotor1732.com/uploads/posts/1411994850_jac-j5.jpg[/thumb]</p><p>&nbsp;</p><p>&nbsp;</p><p>در این مقاله سعی شده است راهکارهای فنی و مثبت در جهت کاهش مصرف سوخت اتومبیل را مورد بررسی قرار دهیم. شما را به خواندن این مقاله دعوت می نمائیم.</p><p>&nbsp;</p>','<p><strong>کاهش وزن خودرو</strong></p>\r\n\r\n<p>&nbsp;</p>\r\n\r\n<p>اولین و شاید مهم&zwnj;ترین عاملی که بسیاری به آن توجه نمی&zwnj;کنند، وزن خودروست. تمامی وسایل اضافی در خودرو را خارج کرده و وزن آن را به حداقل برسانید. تنها کافی است وسایلی همچون لاستیک اضافه، ابزار تعویض لاستیک، تعدادی ابزار فنی معمولی و یک ذخیره آب کوچک در اختیار داشته باشید تا در مواقع ضروری مشکل خودروی خود را برطرف کنید.</p>\r\n\r\n<p>&nbsp;</p>\r\n\r\n<p><strong>تنظیم فرمان</strong></p>\r\n\r\n<p>&nbsp;</p>\r\n\r\n<p>مسئله دیگری که می&zwnj;توان با مراجعه به متخصص&zwnj;های فنی خودرو آن را برطرف کرد، زاویه چرخ&zwnj;هاست. نکته قابل توجه این است که زاویه قرارگیری چرخ&zwnj;ها در هر کدام از اتومبیل&zwnj;های دیفرانسیل عقب یا جلو با یکدیگر متفاوت است. شما می&zwnj;توانید با مراجعه به مراکز مربوط، نسبت به تنظیم فرمان و زاویه چرخ&zwnj;ها اقدام کنید. اگر زاویه چرخ&zwnj;ها به&zwnj;درستی قرار نگرفته باشد، نه&zwnj;تنها لاستیک بعد از مدتی ساییده می&zwnj;شود بلکه موتور بیش از حد کار کرده و سوخت بیشتری مصرف می&zwnj;کند.</p>\r\n\r\n<p>&nbsp;</p>\r\n\r\n<p><strong>سیستم صوتی دردسرساز</strong></p>\r\n\r\n<p>&nbsp;</p>\r\n\r\n<p>در نهایت باید به این نکته اشاره کرد که استفاده از سیستم&zwnj;های صوتی پرمصرف و بالا بودن بیش از حد صدا نیز با مصرف سوخت ارتباط دارند. به طور کلی هر چیزی که در اتومبیل بالاتر از حد تعریف شده برق مصرف کند، از دینام کار بیشتری گرفته و در نهایت موتور اتومبیل را مجبور به تولید نیروی بیشتر می&zwnj;کند.</p>\r\n\r\n<p>&nbsp;</p>\r\n\r\n<p><strong>بنزین با کیفیت</strong></p>\r\n\r\n<p>&nbsp;</p>\r\n\r\n<p>بنزین به خودی خود یکی از مهم&zwnj;ترین نکات موجود در زمینه کاهش مصرف سوخت است. همان&zwnj;طور که می&zwnj;دانید بنزین سوپر که در تمامی جایگاه&zwnj;ها عرضه می&zwnj;شود، دارای اکتان بالاتری است. نه&zwnj;تنها این نوع از بنزین کیفیت بهتری داشته و ضرر کمتری به موتور می&zwnj;رساند بلکه عملکرد را نسبت به بنزین&zwnj;های معمولی با اکتان پایین بهبود داده و در نتیجه مصرف سوخت را کاهش می&zwnj;دهد. جدای از این موضوع، بسیاری در رابطه با استفاده از مکمل&zwnj;های بنزین تردید دارند.</p>\r\n\r\n<p>در ابتدا بد نیست بدانید مکمل&zwnj;های موجود در نوع شوینده و افزایش&zwnj;دهنده اکتان قرار می&zwnj;گیرند. هر چند مکمل&zwnj;های شوینده در زمان استفاده عملکرد موتور را بهبود می&zwnj;بخشند اما در طولانی&zwnj;مدت باعث ایجاد پوسیدگی و از بین رفتن بخش&zwnj;های مختلف آن می&zwnj;شوند. در مقابل مکمل&zwnj;هایی قرار دارند که اکتان بنزین را افزایش می&zwnj;دهند. افزایش اکتان رابطه مستقیمی با کاهش مصرف سوخت دارد اما با توجه به قیمت نجومی مکمل&zwnj;های استاندارد و معتبر عملا این روش توجیه اقتصادی ندارد.</p>\r\n\r\n<p>&nbsp;</p>\r\n\r\n<p><strong>درست رانندگی کنید</strong></p>\r\n\r\n<p>&nbsp;</p>\r\n\r\n<p>بخشی از مبحث کاهش مصرف سوخت به نحوه رانندگی ارتباط پیدا می&zwnj;کند. رانندگی با سرعت بالا تنها عامل شناخته شدن برای افزایش مصرف سوخت نیست. نکته دیگری که باید به آن توجه کرد، تعویض دنده در دور موتور مناسب است. به طور کلی خودرو&zwnj;های تولید داخل با توجه به ضعف موتور و رعایت نشدن تعداد زیادی از استانداردهای جهانی نیاز به رفتاری متفاوت از سوی راننده دارند. پیشنهاد می&zwnj;شود، راننده در اکثر مواقع زمانی که به دور موتور 3 هزار رسید، اقدام به تعویض دنده کند. جدای از این موضوع همواره باید نگهداری و سرویس موتور را نیز در ذهن داشت. تنظیم موتور، شست&zwnj;وشوی انژکتور، تعویض روغن، استفاده از روغن باکیفیت، تعویض به&zwnj;موقع فیلتر هوا و در نهایت تعویض فیلتر بنزین موارد موثر در کاهش مصرف بنزین هستند.</p>\r\n\r\n<p>&nbsp;</p>\r\n\r\n<p><strong>مخزن ذخیره&zwnj;سازی</strong></p>\r\n\r\n<p>&nbsp;</p>\r\n\r\n<p>به هیچ عنوان باک اتومبیل خود را کامل پر نکنید! همواره سعی کنید بخشی حتی کوچک از آن را خالی نگه دارید. این موضوع نه&zwnj;تنها به کاهش وزن ارتباط دارد بلکه از بخار شدن بنزین نیز جلوگیری می&zwnj;کند. زمانی که مقدار زیادی بنزین در باک اتومبیل ذخیره شده و در مدت زمانی خاص مورد استفاده قرار نگیرد به مرور زمان بخار شده و عملا هزینه&zwnj;ای اضافه را برای شما به وجود می&zwnj;آورد. برای جلوگیری از این موضوع حتی پیشنهاد می&zwnj;شود که از سلامت در باک نیز اطمینان پیدا کنید.</p>\r\n\r\n<p>&nbsp;</p>\r\n\r\n<p><strong>امتیاز مثبت انژکتور</strong></p>\r\n\r\n<p>&nbsp;</p>\r\n\r\n<p>جدای از مصرف سوخت کمتر خودرو&zwnj;های انژکتوری به خاطر حذف کاربراتور، نکته دیگری نیز وجود دارد که این نوع از اتومبیل&zwnj;ها را تبدیل به نمونه اقتصادی می&zwnj;کند. آزمایش&zwnj;های مختلف نشان می&zwnj;دهد، زمانی که اتومبیل در سرازیری قرار دارد، اگر به جای قرار دادن در حالت خلاص، آن را در دنده گذاشته و پدال گاز را فشار ندهیم، مصرف سوخت اتومبیل به صفر می&zwnj;رسد. نکته قابل اشاره این است که اگر راننده، اتومبیل انژکتوری را در زمان رسیدن به سرازیری خلاص کند، موتور اتومبیل به صورت خودکار برای روشن ماندن، کار کرده و بنزین مصرف می&zwnj;شود. در نهایت باید به این مسئله دقت کرد که حالت اشاره شده تنها مختص خودرو&zwnj;های انژکتوری است.</p>\r\n\r\n<p>&nbsp;</p>\r\n\r\n<p><strong>نبود جریان هوا</strong></p>\r\n\r\n<p>&nbsp;</p>\r\n\r\n<p>مسئله دیگری که در مصرف سوخت تاثیر مستقیم دارد، ایرودینامیک اتومبیل است. برای استفاده&zwnj;های معمولی یا بهتر است بگوییم شهری بهترین کار پرهیز از ایجاد تغییرات کاذب است. می&zwnj;توان به حذف باربند اشاره کرد، تحقیقات مختلف ثابت کرده، باربند حتی در صورت خالی بودن ایرودینامیک اتومبیل را به&zwnj;شدت تخریب کرده و در نتیجه مصرف سوخت اتومبیل را افزایش می&zwnj;دهد. حتی باز بودن پنجره&zwnj;ها و ورود باد در زمان حرکت به داخل اتومبیل و جریان پیدا نکردن آن در کناره&zwnj;ها یکی دیگر از عوامل مهم در مصرف سوخت است.</p>\r\n\r\n<p>&nbsp;</p>\r\n\r\n<p><strong>لاستیک بدون طرح</strong></p>\r\n\r\n<p>&nbsp;</p>\r\n\r\n<p>لاستیک&zwnj;ها بخش دیگری از فرآیند کاهش مصرف سوخت هستند. استفاده از لاستیک&zwnj;های رادیال به جای لاستیک&zwnj;هایی با عاج طرح&zwnj;دار در کاهش مصرف سوخت تاثیرگذار است. به طور کلی هر چه میزان اصطکاک اتومبیل با زمین کاهش پیدا کند، موتور نیاز به قدرت کمتری برای حرکت اتومبیل دارد و نهایتا بنزین کمتری مصرف می&zwnj;شود. همین نکته در رابطه با استفاده از لاستیک&zwnj;های پهن&zwnj;تر از نمونه&zwnj;های معمولی و مورد استفاده در کارخانه صدق می&zwnj;کند. افزایش پهنای لاستیک مساوی است با افزایش مصرف سوخت.</p>\r\n\r\n<p>&nbsp;</p>\r\n','اتومبیل جک, تهویه هوا, کرمان موتور, تنظیم فرمان, رانندگی با لیفان'),(53,1,'تغییرات فنی در سایت نمایندگی 1732 کرمان موتور (به روز شده)','تغییرات فنی در سایت نمایندگی 1732 کرمان موتور (به روز شده)','تغییرات فنی در سایت نمایندگی 1732 کرمان موتور (به روز شده)','<p>سلام بر بازدیدکنندگان گرامی</p><p>&nbsp;</p><p>&nbsp;</p><p>با توجه به تغییرات فنی و ظاهری سایت نمایندگی 1732 کرمان موتور از تامل شما بازدیدکنندگان گرامی برای تنظیمات و رفع ایرادات احتمالی پیشاپیش سپاسگذاریم. امید است بتوانیم خدمات حرفه ای تر نسبت به گذشته به هموطنان عزیز ارائه نمائیم.</p><p>&nbsp;</p><p>به اطلاع دوستان عزیز می رسانم تمام نظرات تا ساعت 12 شب 93/7/14 در سایت موجود می باشد.</p><p>&nbsp;</p><p><span style=\"color: #800080;\"><strong>با توجه نسخه 38 گوگل کروم و ایرادات فراوان آن از همه بازدیدکنندگان درخواست میکنیم با حتی الامکان با مرورگر فایرفاکس یا گوگل کروم 37 به قبل به مشاهده سایت نمایندگی 1732 بپردازند.</strong></span></p><p>&nbsp;</p><p><span style=\"color: #800080;\"><strong>همچنین از آپدیت گوگل کروم پرهیز نمائید تا امکان مشاهده صحیح سایت های فارسی برای شما میسر باشد.</strong></span></p><p>&nbsp;</p><p>&nbsp;</p>','<p>سلام بر بازدیدکنندگان گرامی</p>\r\n\r\n<p>&nbsp;</p>\r\n\r\n<p>&nbsp;</p>\r\n\r\n<p>با توجه به تغییرات فنی و ظاهری سایت نمایندگی 1732 کرمان موتور از تامل شما بازدیدکنندگان گرامی برای تنظیمات و رفع ایرادات احتمالی پیشاپیش سپاسگذاریم. امید است بتوانیم خدمات حرفه ای تر نسبت به گذشته به هموطنان عزیز ارائه نمائیم.</p>\r\n\r\n<p>&nbsp;</p>\r\n\r\n<p>به اطلاع دوستان عزیز می رسانم تمام نظرات تا ساعت 12 شب 93/7/14 در سایت موجود می باشد.</p>\r\n\r\n<p>&nbsp;</p>\r\n\r\n<p><span style=\"color: #800080;\"><strong>با توجه نسخه 38 گوگل کروم و ایرادات فراوان آن از همه بازدیدکنندگان درخواست میکنیم با حتی الامکان با مرورگر فایرفاکس یا گوگل کروم 37 به قبل به مشاهده سایت نمایندگی 1732 بپردازند.</strong></span></p>\r\n\r\n<p>&nbsp;</p>\r\n\r\n<p><span style=\"color: #800080;\"><strong>همچنین از آپدیت گوگل کروم پرهیز نمائید تا امکان مشاهده صحیح سایت های فارسی برای شما میسر باشد.</strong></span></p>\r\n\r\n<p>&nbsp;</p>\r\n\r\n<p>&nbsp;</p>\r\n',''),(53,3,'تغییرات فنی در سایت نمایندگی 1732 کرمان موتور (به روز شده)','تغییرات فنی در سایت نمایندگی 1732 کرمان موتور (به روز شده)','تغییرات فنی در سایت نمایندگی 1732 کرمان موتور (به روز شده)','<p>سلام بر بازدیدکنندگان گرامی</p><p>&nbsp;</p><p>&nbsp;</p><p>با توجه به تغییرات فنی و ظاهری سایت نمایندگی 1732 کرمان موتور از تامل شما بازدیدکنندگان گرامی برای تنظیمات و رفع ایرادات احتمالی پیشاپیش سپاسگذاریم. امید است بتوانیم خدمات حرفه ای تر نسبت به گذشته به هموطنان عزیز ارائه نمائیم.</p><p>&nbsp;</p><p>به اطلاع دوستان عزیز می رسانم تمام نظرات تا ساعت 12 شب 93/7/14 در سایت موجود می باشد.</p><p>&nbsp;</p><p><span style=\"color: #800080;\"><strong>با توجه نسخه 38 گوگل کروم و ایرادات فراوان آن از همه بازدیدکنندگان درخواست میکنیم با حتی الامکان با مرورگر فایرفاکس یا گوگل کروم 37 به قبل به مشاهده سایت نمایندگی 1732 بپردازند.</strong></span></p><p>&nbsp;</p><p><span style=\"color: #800080;\"><strong>همچنین از آپدیت گوگل کروم پرهیز نمائید تا امکان مشاهده صحیح سایت های فارسی برای شما میسر باشد.</strong></span></p><p>&nbsp;</p><p>&nbsp;</p>','<p>سلام بر بازدیدکنندگان گرامی</p>\r\n\r\n<p>&nbsp;</p>\r\n\r\n<p>&nbsp;</p>\r\n\r\n<p>با توجه به تغییرات فنی و ظاهری سایت نمایندگی 1732 کرمان موتور از تامل شما بازدیدکنندگان گرامی برای تنظیمات و رفع ایرادات احتمالی پیشاپیش سپاسگذاریم. امید است بتوانیم خدمات حرفه ای تر نسبت به گذشته به هموطنان عزیز ارائه نمائیم.</p>\r\n\r\n<p>&nbsp;</p>\r\n\r\n<p>به اطلاع دوستان عزیز می رسانم تمام نظرات تا ساعت 12 شب 93/7/14 در سایت موجود می باشد.</p>\r\n\r\n<p>&nbsp;</p>\r\n\r\n<p><span style=\"color: #800080;\"><strong>با توجه نسخه 38 گوگل کروم و ایرادات فراوان آن از همه بازدیدکنندگان درخواست میکنیم با حتی الامکان با مرورگر فایرفاکس یا گوگل کروم 37 به قبل به مشاهده سایت نمایندگی 1732 بپردازند.</strong></span></p>\r\n\r\n<p>&nbsp;</p>\r\n\r\n<p><span style=\"color: #800080;\"><strong>همچنین از آپدیت گوگل کروم پرهیز نمائید تا امکان مشاهده صحیح سایت های فارسی برای شما میسر باشد.</strong></span></p>\r\n\r\n<p>&nbsp;</p>\r\n\r\n<p>&nbsp;</p>\r\n',''),(54,1,'افتتاح بخش مقایسه اطلاعات فنی خودروها (به روز شده)','افتتاح بخش مقایسه اطلاعات فنی خودروها (به روز شده)','افتتاح بخش مقایسه اطلاعات فنی خودروها (به روز شده)','<p><strong>سلام بر بازدیدکنندگان گرامی</strong></p><p>&nbsp;</p><p>پیرو تغییرات صورت گرفته در سایت نمایندگی 1732 کرمان موتور بخش مقایسه اطلاعات فنی خودروها بصورت اقتباسی در سایت نمایندگی مجاز فروش 1732 کرمان موتور قابل مشاهده و دسترسی می باشد.&nbsp;</p><p>&nbsp;</p><p>&nbsp;</p><p>[quote]<br>&nbsp;<br><span style=\"color: #800080; font-size: 12pt;\"><strong>دوستان عزیز:</strong></span><br><span style=\"color: #800080; font-size: 12pt;\"> قیمت های مندرج در صفحه مقایسه با توجه به نوسانات قیمت های بازار خودروهای داخلی و وارداتی فاقد هرگونه اعتبار می باشد. </span><br><span style=\"color: #800080; font-size: 12pt;\"> جهت اطلاع از آخرین قیمت ها حتما و لزوما با نمایندگی تماس حاصل نمائید.</span><br>[/quote]</p><p style=\"text-align: left;\">با تشکر از صبر و شکیبایی شما دوستان عزیز</p>','<p><strong>سلام بر بازدیدکنندگان گرامی</strong></p>\r\n\r\n<p>&nbsp;</p>\r\n\r\n<p>پیرو تغییرات صورت گرفته در سایت نمایندگی 1732 کرمان موتور بخش مقایسه اطلاعات فنی خودروها بصورت اقتباسی در سایت نمایندگی مجاز فروش 1732 کرمان موتور قابل مشاهده و دسترسی می باشد.&nbsp;</p>\r\n\r\n<p>&nbsp;</p>\r\n\r\n<p>&nbsp;</p>\r\n\r\n<p>[quote]<br />\r\n&nbsp;<br />\r\n<span style=\"color: #800080; font-size: 12pt;\"><strong>دوستان عزیز:</strong></span><br />\r\n<span style=\"color: #800080; font-size: 12pt;\">قیمت های مندرج در صفحه مقایسه با توجه به نوسانات قیمت های بازار خودروهای داخلی و وارداتی فاقد هرگونه اعتبار می باشد. </span><br />\r\n<span style=\"color: #800080; font-size: 12pt;\">جهت اطلاع از آخرین قیمت ها حتما و لزوما با نمایندگی تماس حاصل نمائید.</span><br />\r\n[/quote]</p>\r\n\r\n<p style=\"text-align: left;\">با تشکر از صبر و شکیبایی شما دوستان عزیز</p>\r\n','مقایسه محصولات, اطلاعات فنی جک, کرمان موتور, محصولات جک, لیفان, جک اتوماتیک, اطلاعات فنی لیفان, jac, لیفان ایکس60, جک j5, جی5, جی3'),(54,3,'افتتاح بخش مقایسه اطلاعات فنی خودروها (به روز شده)','افتتاح بخش مقایسه اطلاعات فنی خودروها (به روز شده)','افتتاح بخش مقایسه اطلاعات فنی خودروها (به روز شده)','<p><strong>سلام بر بازدیدکنندگان گرامی</strong></p><p>&nbsp;</p><p>پیرو تغییرات صورت گرفته در سایت نمایندگی 1732 کرمان موتور بخش مقایسه اطلاعات فنی خودروها بصورت اقتباسی در سایت نمایندگی مجاز فروش 1732 کرمان موتور قابل مشاهده و دسترسی می باشد.&nbsp;</p><p>&nbsp;</p><p>&nbsp;</p><p>[quote]<br>&nbsp;<br><span style=\"color: #800080; font-size: 12pt;\"><strong>دوستان عزیز:</strong></span><br><span style=\"color: #800080; font-size: 12pt;\"> قیمت های مندرج در صفحه مقایسه با توجه به نوسانات قیمت های بازار خودروهای داخلی و وارداتی فاقد هرگونه اعتبار می باشد. </span><br><span style=\"color: #800080; font-size: 12pt;\"> جهت اطلاع از آخرین قیمت ها حتما و لزوما با نمایندگی تماس حاصل نمائید.</span><br>[/quote]</p><p style=\"text-align: left;\">با تشکر از صبر و شکیبایی شما دوستان عزیز</p>','<p><strong>سلام بر بازدیدکنندگان گرامی</strong></p>\r\n\r\n<p>&nbsp;</p>\r\n\r\n<p>پیرو تغییرات صورت گرفته در سایت نمایندگی 1732 کرمان موتور بخش مقایسه اطلاعات فنی خودروها بصورت اقتباسی در سایت نمایندگی مجاز فروش 1732 کرمان موتور قابل مشاهده و دسترسی می باشد.&nbsp;</p>\r\n\r\n<p>&nbsp;</p>\r\n\r\n<p>&nbsp;</p>\r\n\r\n<p>[quote]<br />\r\n&nbsp;<br />\r\n<span style=\"color: #800080; font-size: 12pt;\"><strong>دوستان عزیز:</strong></span><br />\r\n<span style=\"color: #800080; font-size: 12pt;\">قیمت های مندرج در صفحه مقایسه با توجه به نوسانات قیمت های بازار خودروهای داخلی و وارداتی فاقد هرگونه اعتبار می باشد. </span><br />\r\n<span style=\"color: #800080; font-size: 12pt;\">جهت اطلاع از آخرین قیمت ها حتما و لزوما با نمایندگی تماس حاصل نمائید.</span><br />\r\n[/quote]</p>\r\n\r\n<p style=\"text-align: left;\">با تشکر از صبر و شکیبایی شما دوستان عزیز</p>\r\n','مقایسه محصولات, اطلاعات فنی جک, کرمان موتور, محصولات جک, لیفان, جک اتوماتیک, اطلاعات فنی لیفان, jac, لیفان ایکس60, جک j5, جی5, جی3'),(55,1,'معرفی کلاس خودرو ها - بخش اول','معرفی کلاس خودرو ها - بخش اول','معرفی کلاس خودرو ها - بخش اول','<p><strong><u>​</u>خودروهای سایز مینی</strong></p><p>&nbsp;</p><p>این خودروها اکثرا دارای ظاهری بسیار کوچک بوده و دارای 4 ویژگی منحصر به فرد هستند .&nbsp;<br> <br> 1. دارای بدنه بسیار کوچک و طراحی کوچم هستند .&nbsp;<br> <br> 2. معمولا دارای 3 درب هاچ بک هستند ، البته در برخی موارد 5 درب هاچ بک نیز مشاهده شده است که در این رده قرار خواهد گرفت .&nbsp;<br> <br> 3. دارای موتورهایی با حجم بسیار کم بوده و اکثرا حجم موتور آنها به زیر 1000cc یا 1.0Lit می رسد .&nbsp;<br> <br> 4. طول این خودروها معمولا کمتر از 3600میلی متر می باشد .&nbsp;</p><p><br> چنین خودروهایی که دارای ویژگی های فوق باشند را ، خودروهای A Segment یا کلاس A می نامند .&nbsp;</p>','<p><img alt=\"خودرو های مینی\" src=\"http://www.kermanmotor1732.com/uploads/posts/1412948302_656ae__1342900313_1-2.jpg\" title=\"خودرو های مینی\" /></p>\r\n\r\n<p>&nbsp;</p>\r\n\r\n<p><strong>خودروهای سایز کوچک</strong></p>\r\n\r\n<p>&nbsp;</p>\r\n\r\n<p>این خودروها عموما با نام خودروهای کوچک نیز شناخته می شوند . این کلاس عموما بعد از کلاس A مشاهده می شود و تفاوتهای بسیاری در این زمینه با کلاس قبلی خود دارد که شامل :&nbsp;<br />\r\n<br />\r\n1. دارای بدنه بزرگتر از لحاظ طول و عرض نسبت خودروهای مینی یا همان A Class .&nbsp;<br />\r\n<br />\r\n2. حجم موتور اکثرا بیش از 1000cc و کمتر از 1500cc هست ( البته در برخی موارد موتورهای توربو ، و موتورهایی تا حجم 2000cc نیز در این گروه هستند ) .&nbsp;<br />\r\n<br />\r\n3. دارای بدنه هاچ بک و دارای 3 درب و یا 5 درب .&nbsp;<br />\r\n<br />\r\n4. طول این خودروها عموما به 4000میلی متر نمی رسد .&nbsp;<br />\r\n<br />\r\n5. دارای عملکردی بهتر از کلاس مینی ولی دارای مصرف سوخت بالاتر نسبت به کلاس مینی .&nbsp;<br />\r\n<br />\r\n6. دارای تجهیزات ، امکانات رفاهی و امکانات ایمنی بهتر و بیشتر از خودروهای مینی .&nbsp;</p>\r\n\r\n<p>&nbsp;</p>\r\n\r\n<p style=\"text-align: center;\">[thumb]http://www.kermanmotor1732.com/uploads/posts/1412949040_0afc86addb0b8c296eacea439be3b111.jpg[/thumb]</p>\r\n\r\n<p>&nbsp;</p>\r\n\r\n<p style=\"text-align: center;\">[medium]http://www.kermanmotor1732.com/uploads/posts/1412949076_981ca__1342776170_4-2.jpg[/medium]</p>\r\n\r\n<p>&nbsp;</p>\r\n\r\n<p>این را نباید فراموش کرد که بیشتر منظور از بیان سخنان گفته شده ، بیشتر تصویری کلی از این کلاس بوده و در برخی موارد 1 یا 2 مورد از موارد بالا نفقص شده ، ولی همچنان خودروی مذکور در کلاس B قرار می گیرد .&nbsp;<br />\r\n<br />\r\nخودروهایی که دارای ویژگی های گفته شده باشند را B Segment یا خودروی کلاس B نام گذاری می نمایند .&nbsp;</p>\r\n\r\n<p>&nbsp;</p>\r\n','کرمان موتور'),(55,3,'معرفی کلاس خودرو ها - بخش اول','معرفی کلاس خودرو ها - بخش اول','معرفی کلاس خودرو ها - بخش اول','<p><strong><u>​</u>خودروهای سایز مینی</strong></p><p>&nbsp;</p><p>این خودروها اکثرا دارای ظاهری بسیار کوچک بوده و دارای 4 ویژگی منحصر به فرد هستند .&nbsp;<br> <br> 1. دارای بدنه بسیار کوچک و طراحی کوچم هستند .&nbsp;<br> <br> 2. معمولا دارای 3 درب هاچ بک هستند ، البته در برخی موارد 5 درب هاچ بک نیز مشاهده شده است که در این رده قرار خواهد گرفت .&nbsp;<br> <br> 3. دارای موتورهایی با حجم بسیار کم بوده و اکثرا حجم موتور آنها به زیر 1000cc یا 1.0Lit می رسد .&nbsp;<br> <br> 4. طول این خودروها معمولا کمتر از 3600میلی متر می باشد .&nbsp;</p><p><br> چنین خودروهایی که دارای ویژگی های فوق باشند را ، خودروهای A Segment یا کلاس A می نامند .&nbsp;</p>','<p><img alt=\"خودرو های مینی\" src=\"http://www.kermanmotor1732.com/uploads/posts/1412948302_656ae__1342900313_1-2.jpg\" title=\"خودرو های مینی\" /></p>\r\n\r\n<p>&nbsp;</p>\r\n\r\n<p><strong>خودروهای سایز کوچک</strong></p>\r\n\r\n<p>&nbsp;</p>\r\n\r\n<p>این خودروها عموما با نام خودروهای کوچک نیز شناخته می شوند . این کلاس عموما بعد از کلاس A مشاهده می شود و تفاوتهای بسیاری در این زمینه با کلاس قبلی خود دارد که شامل :&nbsp;<br />\r\n<br />\r\n1. دارای بدنه بزرگتر از لحاظ طول و عرض نسبت خودروهای مینی یا همان A Class .&nbsp;<br />\r\n<br />\r\n2. حجم موتور اکثرا بیش از 1000cc و کمتر از 1500cc هست ( البته در برخی موارد موتورهای توربو ، و موتورهایی تا حجم 2000cc نیز در این گروه هستند ) .&nbsp;<br />\r\n<br />\r\n3. دارای بدنه هاچ بک و دارای 3 درب و یا 5 درب .&nbsp;<br />\r\n<br />\r\n4. طول این خودروها عموما به 4000میلی متر نمی رسد .&nbsp;<br />\r\n<br />\r\n5. دارای عملکردی بهتر از کلاس مینی ولی دارای مصرف سوخت بالاتر نسبت به کلاس مینی .&nbsp;<br />\r\n<br />\r\n6. دارای تجهیزات ، امکانات رفاهی و امکانات ایمنی بهتر و بیشتر از خودروهای مینی .&nbsp;</p>\r\n\r\n<p>&nbsp;</p>\r\n\r\n<p style=\"text-align: center;\">[thumb]http://www.kermanmotor1732.com/uploads/posts/1412949040_0afc86addb0b8c296eacea439be3b111.jpg[/thumb]</p>\r\n\r\n<p>&nbsp;</p>\r\n\r\n<p style=\"text-align: center;\">[medium]http://www.kermanmotor1732.com/uploads/posts/1412949076_981ca__1342776170_4-2.jpg[/medium]</p>\r\n\r\n<p>&nbsp;</p>\r\n\r\n<p>این را نباید فراموش کرد که بیشتر منظور از بیان سخنان گفته شده ، بیشتر تصویری کلی از این کلاس بوده و در برخی موارد 1 یا 2 مورد از موارد بالا نفقص شده ، ولی همچنان خودروی مذکور در کلاس B قرار می گیرد .&nbsp;<br />\r\n<br />\r\nخودروهایی که دارای ویژگی های گفته شده باشند را B Segment یا خودروی کلاس B نام گذاری می نمایند .&nbsp;</p>\r\n\r\n<p>&nbsp;</p>\r\n','کرمان موتور'),(58,1,'چگونه باتری به باتری کنیم؟','چگونه باتری به باتری کنیم؟','چگونه باتری به باتری کنیم؟','<p><span lang=\"AR-SA\">فصل سرما و زمستان در حال رسیدن است و مشکلات خاصی از خودرو&zwnj;ها در این فصل نمایان می&zwnj;شود. یکی از این مشکلات، ضعف باتری&zwnj;ها در سرمای هوا و عدم توانایی باتری در روشن&zwnj;کردن خودرو است</span><span dir=\"LTR\">.</span></p>\r\n<p style=\"text-align: center;\"><img title=\"\" src=\"http://www.kermanmotor1732.com/uploads/posts/1414264330_battery1732.jpg\" alt=\"\" /></p>','<p>خودرو&zwnj;های امروزی معمولا دارای فن&zwnj;های برقی هستند که در فصل تابستان مدت زمان زیادی را در گرمای هوا و زیر شدت بار کولر خودرو روشن بوده&zwnj;اند. همین عامل باعث می&zwnj;شود تا در تابستان فشار زیادی به باتری خودرو&zwnj;ها وارد شود. در زمستان هوای سرد باعث سفت شدن روانکار&zwnj;ها و روغن&zwnj;ها در خودرو می&zwnj;شود و همین سبب می&zwnj;شود تا استارت برای چرخش موتور نیروی بیشتری نیاز داشته باشد و در نتیجه برق بیشتری از باتری گرفته می&zwnj;شود. حال اگر باتری در اواخر عمر خود باشد و در تابستان نیز فشار زیادی تحمل کرده باشد، در زمستان ضعف خود را نشان می&zwnj;دهد و در روشن کردن خودرو عاجز می&zwnj;شود. یکی از راه&zwnj;ها در اینگونه مواقع هول دادن خودرو است که با توجه به داشتن تسمه تایم در خودرو&zwnj;های امروزی، این کار توصیه نمی&zwnj;شود؛ چرا که ممکن است تسمه تایم در اثر لگد&zwnj;های ناگهانی ناشی از رها کردن کلاچ برای روشن&zwnj;شدن خودرو، تاب مقاومت نداشته باشد و پاره شود و یا اصلا از تنظیم خارج شود. راه دیگری که وجود دارد استفاده از کابل اتصال باتری به باتری است تا با استفاده از یک خودرو دیگر، اتومبیل مانده در راه را روشن کنیم. برای این کار باید به چند نکته مهم دقت کنیم که معمولا توسط کمتر کسی رعایت می&zwnj;شود؛ اول اینکه قبل از استارت زدن به موتور خودرو خاموش بهتر است تا باتری آن توسط خودرو دیگر که حتما روشن باشد، چند دقیقه با کمک کابل اتصال شارژ شود تا از ایجاد بار ناگهانی روی دینام خودرو روشن و آسیب رسیدن به آن جلوگیری شود. برای این کار در حدود 15 تا 20 دقیقه وقت کافی است و دقت شود که قطب&zwnj;های باتری&zwnj;ها به درستی به هم متصل شوند. سپس بعد از استارت زدن خودرو خراب، به محض روشن شدن آن سریعا کابل&zwnj;ها جدا شوند؛ چرا که در صورتی که کابل&zwnj;ها متصل باشند ممکن است به خاطر تفاوت در میزان شارژ دینام&zwnj;ها، تداخل آمپر به وجود آید و باعث خرابی قسمت&zwnj;های برقی خودرو&zwnj;ها شود. بعد از روشن شدن خودرو از گاز دادن&zwnj;های بی&zwnj;مورد به نیت سریع&zwnj;تر شارژ شدن باتری جدا خودداری شود. در این حالت باز هم به خاطر خالی بودن باتری، باعث ایجاد فشار زیادی &zwnj; روی دینام می&zwnj;شود و می&zwnj;تواند سبب سوختن آفتامات، دیود&zwnj;ها و یا بالشتک آن شود<span dir=\"LTR\">.</span><br />\r\n<span lang=\"AR-SA\">پس بهتر است تا کمی با سرعت کم رانندگی کنیم تا باتری شارژ شده و از صدمات بعد از آن جلوگیری کنیم</span><span dir=\"LTR\">.</span></p>\r\n','باتری به باتری'),(58,3,'چگونه باتری به باتری کنیم؟','چگونه باتری به باتری کنیم؟','چگونه باتری به باتری کنیم؟','<p><span lang=\"AR-SA\">فصل سرما و زمستان در حال رسیدن است و مشکلات خاصی از خودرو&zwnj;ها در این فصل نمایان می&zwnj;شود. یکی از این مشکلات، ضعف باتری&zwnj;ها در سرمای هوا و عدم توانایی باتری در روشن&zwnj;کردن خودرو است</span><span dir=\"LTR\">.</span></p>\r\n<p style=\"text-align: center;\"><img title=\"\" src=\"http://www.kermanmotor1732.com/uploads/posts/1414264330_battery1732.jpg\" alt=\"\" /></p>','<p>خودرو&zwnj;های امروزی معمولا دارای فن&zwnj;های برقی هستند که در فصل تابستان مدت زمان زیادی را در گرمای هوا و زیر شدت بار کولر خودرو روشن بوده&zwnj;اند. همین عامل باعث می&zwnj;شود تا در تابستان فشار زیادی به باتری خودرو&zwnj;ها وارد شود. در زمستان هوای سرد باعث سفت شدن روانکار&zwnj;ها و روغن&zwnj;ها در خودرو می&zwnj;شود و همین سبب می&zwnj;شود تا استارت برای چرخش موتور نیروی بیشتری نیاز داشته باشد و در نتیجه برق بیشتری از باتری گرفته می&zwnj;شود. حال اگر باتری در اواخر عمر خود باشد و در تابستان نیز فشار زیادی تحمل کرده باشد، در زمستان ضعف خود را نشان می&zwnj;دهد و در روشن کردن خودرو عاجز می&zwnj;شود. یکی از راه&zwnj;ها در اینگونه مواقع هول دادن خودرو است که با توجه به داشتن تسمه تایم در خودرو&zwnj;های امروزی، این کار توصیه نمی&zwnj;شود؛ چرا که ممکن است تسمه تایم در اثر لگد&zwnj;های ناگهانی ناشی از رها کردن کلاچ برای روشن&zwnj;شدن خودرو، تاب مقاومت نداشته باشد و پاره شود و یا اصلا از تنظیم خارج شود. راه دیگری که وجود دارد استفاده از کابل اتصال باتری به باتری است تا با استفاده از یک خودرو دیگر، اتومبیل مانده در راه را روشن کنیم. برای این کار باید به چند نکته مهم دقت کنیم که معمولا توسط کمتر کسی رعایت می&zwnj;شود؛ اول اینکه قبل از استارت زدن به موتور خودرو خاموش بهتر است تا باتری آن توسط خودرو دیگر که حتما روشن باشد، چند دقیقه با کمک کابل اتصال شارژ شود تا از ایجاد بار ناگهانی روی دینام خودرو روشن و آسیب رسیدن به آن جلوگیری شود. برای این کار در حدود 15 تا 20 دقیقه وقت کافی است و دقت شود که قطب&zwnj;های باتری&zwnj;ها به درستی به هم متصل شوند. سپس بعد از استارت زدن خودرو خراب، به محض روشن شدن آن سریعا کابل&zwnj;ها جدا شوند؛ چرا که در صورتی که کابل&zwnj;ها متصل باشند ممکن است به خاطر تفاوت در میزان شارژ دینام&zwnj;ها، تداخل آمپر به وجود آید و باعث خرابی قسمت&zwnj;های برقی خودرو&zwnj;ها شود. بعد از روشن شدن خودرو از گاز دادن&zwnj;های بی&zwnj;مورد به نیت سریع&zwnj;تر شارژ شدن باتری جدا خودداری شود. در این حالت باز هم به خاطر خالی بودن باتری، باعث ایجاد فشار زیادی &zwnj; روی دینام می&zwnj;شود و می&zwnj;تواند سبب سوختن آفتامات، دیود&zwnj;ها و یا بالشتک آن شود<span dir=\"LTR\">.</span><br />\r\n<span lang=\"AR-SA\">پس بهتر است تا کمی با سرعت کم رانندگی کنیم تا باتری شارژ شده و از صدمات بعد از آن جلوگیری کنیم</span><span dir=\"LTR\">.</span></p>\r\n','باتری به باتری'),(59,1,'بررسی نحوه عملکرد کیسه‌هوا در خودرو','بررسی نحوه عملکرد کیسه‌هوا در خودرو','بررسی نحوه عملکرد کیسه‌هوا در خودرو','<p>البته این میزان ممکن است در برخی خودرو‌ها متفاوت باشد و همچنین با پیشرفت علم طراحی خودرو و سیستم‌های جاذب انرژی در بدنه و شاسی خودرو‌ها، ممکن است حسگر‌ها در سرعت بالاتری دستور فعالیت را صادر کنند. همچنین سنسور‌های دیگری به نام سنسور‌های غلتشی وظیفه دارند تا در صورت چپ شدن خودرو، اقدام به ارسال دستور کنند. ضمن اینکه سنسور‌ها در زمان خاموش بودن خودرو، فعالیتی ندارند. بخش فعال‌کننده و بادکننده کیسه،<br> inflation system نام دارد که با ترکیب دو گاز مختلف با هم، باعث می‌شود تا گاز نیتروژن تولید شده و به داخل کیسه دمیده شود و در نتیجه این فعل و انفعال، کیسه هوا به سرعت باد می‌شود. بعد از فعال شدن ایربگ، نیتروژن از سوراخ‌های ریز کیسه خارج می‌شود و پودر تالک یا نشاسته ذرت که درون کیسه وجود دارد، فضای اتاق را کمی پر می‌کند. این پودر به منظور جلوگیری از چسبیدن لایه‌های کیسه روی هم و همچنین تازه ماندن و نرم بودن کیسه درون آن قرار می‌گیرد.</p><p>&nbsp;</p>','<p><strong>یک نکته در مورد ایربگ&zwnj;ها</strong><br />\r\nبسیار از برخورد&zwnj;ها از ناحیه عقب یا جلو صورت می&zwnj;گیرد و این در حالی است که برخورد&zwnj;های جانبی به&zwnj;مراتب آسیب&zwnj;های بیشتری به سرنشینان وارد می&zwnj;کند. به همین خاطر در خودرو&zwnj;ها علاوه بر ایربگ&zwnj;های روبه&zwnj;روی سر افراد، معمولا ایربگ&zwnj;های زانو برای سرنشینان جلو و همچنین ایربگ&zwnj;های جانبی یا پرده&zwnj;ای نیز قرار داده می&zwnj;شود. این ایربگ&zwnj;ها معمولا در ستون&zwnj;ها و یا پهلوی صندلی&zwnj;ها قرار دارد که مثل همیشه با علامت ایربگ، نشان SRS و یا دوخت خاصی نشان داده می&zwnj;شود. برخورد از پهلو به خاطر احتمال برخورد سر با ستون&zwnj;های جانبی و همچنین ضعیف&zwnj;تر بودن خودرو در این قسمت&zwnj;ها نسبت به جلو و عقب اتاق، خطرناک&zwnj;تر و کشنده&zwnj;تر است و به همین خاطر امروزه یکی از مهم&zwnj;ترین فاکتور&zwnj;ها در تست&zwnj;های ایمنی خودرو&zwnj;ها، تست برخورد از پهلوست. ایربگ&zwnj;های جانبی یا پرده&zwnj;ای نیز به همین خاطر در خودرو&zwnj;ها تعبیه می&zwnj;شوند. نکته مهم دیگر مربوط به نحوه برخورد با ایربگ&zwnj;هاست. اگر سر انسان در فاصله مناسبی از ایربگ&zwnj;ها نباشد، می&zwnj;تواند هم در کارکرد آن اثر منفی بگذارد و هم باعث آسیب&zwnj;دیدن سرنشین شود. به همین خاطر است که همیشه گفته می&zwnj;شود روی صندلی&zwnj;ها به شکل درست و استاندارد قرار بگیریم. همچنین با توجه به شدت عمل کیسه&zwnj;های هوا، معمولا نشستن افراد زیر 12 سال روی صندلی&zwnj;های جلو ممنوع است؛ چراکه شدت عمل کیسه هوا می&zwnj;تواند به بافت&zwnj;ها و استخوان&zwnj;های نازک و ضعیف&zwnj;تر کودکان آسیب جدی وارد کند و حتی باعث مرگ آنها شود. امروزه برای جلوگیری از این اتفاق ناخوشایند، ایربگ&zwnj;های پیشرفته&zwnj;تر به نحوی ساخته می&zwnj;شوند که با توجه به وزن فرد قرار گرفته روی صندلی شدت عمل نشان می&zwnj;دهند. البته گفته می&zwnj;شود که دکمه خاموش کردن ایربگ برای سرنشین نیز به همین منظور تعبیه می&zwnj;شود که تفکری نسبتا نادرست است و این دکمه به منظور جلوگیری از فعال&zwnj;شدن ایربگ در زمانی که شخصی روی صندلی قرار ندارد، بوده تا از هزینه&zwnj;های شارژ مجدد ایربگ که معمولا زیاد است، کاسته شود.</p>\r\n','بررسی جک, کرمان موتور'),(59,3,'بررسی نحوه عملکرد کیسه‌هوا در خودرو','بررسی نحوه عملکرد کیسه‌هوا در خودرو','بررسی نحوه عملکرد کیسه‌هوا در خودرو','<p>البته این میزان ممکن است در برخی خودرو‌ها متفاوت باشد و همچنین با پیشرفت علم طراحی خودرو و سیستم‌های جاذب انرژی در بدنه و شاسی خودرو‌ها، ممکن است حسگر‌ها در سرعت بالاتری دستور فعالیت را صادر کنند. همچنین سنسور‌های دیگری به نام سنسور‌های غلتشی وظیفه دارند تا در صورت چپ شدن خودرو، اقدام به ارسال دستور کنند. ضمن اینکه سنسور‌ها در زمان خاموش بودن خودرو، فعالیتی ندارند. بخش فعال‌کننده و بادکننده کیسه،<br> inflation system نام دارد که با ترکیب دو گاز مختلف با هم، باعث می‌شود تا گاز نیتروژن تولید شده و به داخل کیسه دمیده شود و در نتیجه این فعل و انفعال، کیسه هوا به سرعت باد می‌شود. بعد از فعال شدن ایربگ، نیتروژن از سوراخ‌های ریز کیسه خارج می‌شود و پودر تالک یا نشاسته ذرت که درون کیسه وجود دارد، فضای اتاق را کمی پر می‌کند. این پودر به منظور جلوگیری از چسبیدن لایه‌های کیسه روی هم و همچنین تازه ماندن و نرم بودن کیسه درون آن قرار می‌گیرد.</p><p>&nbsp;</p>','<p><strong>یک نکته در مورد ایربگ&zwnj;ها</strong><br />\r\nبسیار از برخورد&zwnj;ها از ناحیه عقب یا جلو صورت می&zwnj;گیرد و این در حالی است که برخورد&zwnj;های جانبی به&zwnj;مراتب آسیب&zwnj;های بیشتری به سرنشینان وارد می&zwnj;کند. به همین خاطر در خودرو&zwnj;ها علاوه بر ایربگ&zwnj;های روبه&zwnj;روی سر افراد، معمولا ایربگ&zwnj;های زانو برای سرنشینان جلو و همچنین ایربگ&zwnj;های جانبی یا پرده&zwnj;ای نیز قرار داده می&zwnj;شود. این ایربگ&zwnj;ها معمولا در ستون&zwnj;ها و یا پهلوی صندلی&zwnj;ها قرار دارد که مثل همیشه با علامت ایربگ، نشان SRS و یا دوخت خاصی نشان داده می&zwnj;شود. برخورد از پهلو به خاطر احتمال برخورد سر با ستون&zwnj;های جانبی و همچنین ضعیف&zwnj;تر بودن خودرو در این قسمت&zwnj;ها نسبت به جلو و عقب اتاق، خطرناک&zwnj;تر و کشنده&zwnj;تر است و به همین خاطر امروزه یکی از مهم&zwnj;ترین فاکتور&zwnj;ها در تست&zwnj;های ایمنی خودرو&zwnj;ها، تست برخورد از پهلوست. ایربگ&zwnj;های جانبی یا پرده&zwnj;ای نیز به همین خاطر در خودرو&zwnj;ها تعبیه می&zwnj;شوند. نکته مهم دیگر مربوط به نحوه برخورد با ایربگ&zwnj;هاست. اگر سر انسان در فاصله مناسبی از ایربگ&zwnj;ها نباشد، می&zwnj;تواند هم در کارکرد آن اثر منفی بگذارد و هم باعث آسیب&zwnj;دیدن سرنشین شود. به همین خاطر است که همیشه گفته می&zwnj;شود روی صندلی&zwnj;ها به شکل درست و استاندارد قرار بگیریم. همچنین با توجه به شدت عمل کیسه&zwnj;های هوا، معمولا نشستن افراد زیر 12 سال روی صندلی&zwnj;های جلو ممنوع است؛ چراکه شدت عمل کیسه هوا می&zwnj;تواند به بافت&zwnj;ها و استخوان&zwnj;های نازک و ضعیف&zwnj;تر کودکان آسیب جدی وارد کند و حتی باعث مرگ آنها شود. امروزه برای جلوگیری از این اتفاق ناخوشایند، ایربگ&zwnj;های پیشرفته&zwnj;تر به نحوی ساخته می&zwnj;شوند که با توجه به وزن فرد قرار گرفته روی صندلی شدت عمل نشان می&zwnj;دهند. البته گفته می&zwnj;شود که دکمه خاموش کردن ایربگ برای سرنشین نیز به همین منظور تعبیه می&zwnj;شود که تفکری نسبتا نادرست است و این دکمه به منظور جلوگیری از فعال&zwnj;شدن ایربگ در زمانی که شخصی روی صندلی قرار ندارد، بوده تا از هزینه&zwnj;های شارژ مجدد ایربگ که معمولا زیاد است، کاسته شود.</p>\r\n','بررسی جک, کرمان موتور'),(60,1,'نکاتی که باید هنگام خرید خودرو باید بدانیم - 1','نکاتی که باید هنگام خرید خودرو باید بدانیم - 1','نکاتی که باید هنگام خرید خودرو باید بدانیم - 1','<p>اکثر دوستانی که برای اولین یا دومین بار میخواهند خودرو بخرند نگرانی خاصی دارند و نمیدونند باید چه کارهایی انجام دهند در دو بخش خرید&nbsp;خودرو صفر و خودرو دست دوم طی چند پست خدمتتان ارائه می کنیم:</p>\r\n<p><br /><strong>1- خودرو صفر (بخش اول)</strong> <br />برخلاف آنچه که همه فکر میکنند خریدن خودرو صفر دغدغه چندانی ندارد و خیلی نگرانی کمتری از خرید دست دوم دارد</p>\r\n<p><br /><strong>ولی نکات ریز و مهمی هست که باید دقت شود:</strong><br />فکر کنم همتون شنیدید که میگن خریدن ماشین صفر ایرانی شانسیه و مثل خریدن هندونه است ولی یه روش خوب علمی برای پیدا کردن خودرو نسبتا با کیفیت وجود داره: اگه خودرو صفرتون رو قراره از بین چند خودرو صفر انتخاب کنید به تاریخ دقیق تولیدش توجه کنید(خودروهای ایرانی سال شمسی و خودروهای خارجی سال میلادی) از روی تقویم روز شنبه تا جمعه بودن اون رو پیدا کنید برای خودروهای ایرانی معمولا خودروهای تولید پنجشنبه تا شنبه بی کیفیت ترند و برای خودروهای خارجی تولیدات شنبه تا دوشنبه این موضوع صدق میکند علتش هم واضح است تعطیلات پایان هفته تاثیر مستقیمی بر تمرکز کاری کارگران یک کارخانه دارند (دقیقا نتیجه تحقیقات&nbsp;کنترل کیفیت کارخانه هوندا ژاپن) و معمولا کارگران یک روز قبل و بعد از تعطیلات تحت تاثیر وقایع روز تعطیلی هستند.</p>','<p>&nbsp;</p>\r\n\r\n<p>با توجه به اینکه کلاهبرداری در بازار خودرو تقریبا به امری عادی بدل شده، این موضوع گریبان گیر خودروهای صفر هم شده برای تشخیص اینکه خودروی انتخابیتان، صفر واقعی است یا چندهزار کارکرده تمیز کیلومتر صفر شده ، چند راه وجود دارد (خودرو ایرانی یا خارجی)&nbsp;اولین راه کنترل رنگ منبع عقب اگزوز که معمولا اگر خودرو بیش از هزار کیلومتر کار کرده باشد تغییر رنگ می یابد و به قهوه ای یا قرمزی می زند ( اگر برایتان مشکل است ابتدا منبع اگزوز یک خودرو از همان مدل که مطمئنید صفر است را ببینید و رنگ آنرا به خاطر بسپارید، سپس با نمونه ای که میخواهید بخرید مقایسه کنید)&nbsp;دومین راه این است که ابتدا چند ثانیه روی صندلی شاگرد نشسته سپس روی صندلی راننده بنشینید&nbsp;اگر صندلی راننده نرمتر از شاگرد بود خودرو کارکرده و اگر نرمی یکسان بود خودرو صفر واقعی می باشد.<br />\r\nسومین روش که مختص خودروهای دارای زه لاستیکی سپر جلو است (مانند 405،206،پراید ، پارس و ...) این است که یک تکه چسب نواری روی قسمت قوس دار این زه (دقیقا در کنجهای سپر) بچسبانید و با انگشت آنرا محکم کنید ، حالا دوباره چسب را بکنید اگر راحت کنده شد خودرو کار کرده&nbsp;و اگر سخت کنده شد خودرو صفر میباشد، علت این است که هنگام حرکت خودرو این گوشه های سپر بیشترین فشار هوا و ساییدگی با هوا را دارند.</p>\r\n\r\n<p>&nbsp;</p>\r\n\r\n<p><strong>2-خودرو صفر (بخش دوم)</strong><br />\r\nقیل از هر چیز یک نکته دیگر در مورد تشخیص صفر بودن خودرو به پست اول اضافه میکنم ، تعداد خطوطی که معمولا در قوس زیر دستگیره درب&nbsp;راننده در اثر برخورد ناخن می افتد هم روش خوبی برای تشخیص یک خودروی صفر واقعی میباشد.</p>\r\n\r\n<p>اما در این بخش به مسائل دیگری مانند آپشنها،تیپ بندیها، لوازمی که باید هنگام خرید خودرو تحویل گرفت و اقداماتی که پس از خرید خودرو صفر انجام داد میپردازم:</p>\r\n\r\n<p>&nbsp;</p>\r\n\r\n<p><strong>آپشنها:</strong><br />\r\nبر خلاف گذشته ها در چند سال اخیر تیپ بندی و آپشنهای ارائه شونده توسط تولید کنندگان به یکی از دغدغه های بزرگ خریداران خودرو تبدیل گردیده&nbsp;و متاسفانه تولید کنندگان و نمایندگان خودروهای وارداتی اطلاعات جامع و کاملی در این زمینه ارائه نمیدهند علتش هم ساده است برای اینکه معمولا به ندرت تولید کننده ای در یک زمان امکان ارائه تمام تیپها و آپشنها را دارد و این موضوع در تولیدات داخلی بیشتر بسته به موجودی لوازم در انبار و محدودیتهای خطوط تولید بوده&nbsp;و برای واردکنندگان بودجه و محدودیتهای گمرکی می باشد. برای انتخاب بهترین آپشنها یا تیپها چند روش ساده علمی و تجربی وجود دارد:<br />\r\nدر انتخاب آپشنها سعی کنید اولویت را به آپشنهایی دهید که توسط افراد متفرقه کمتر ارائه میگردد یا در صورت ارائه بسیار پر هزینه می باشد و عمدتا به مشخصات فنی خودرو برمیگردد مانند ترمز abs ،کیسه هوا، گیربکس اتوماتیک،سیستم تهویه و ... این گزینه ها در صورت ارائه توسط تولید کننده&nbsp;به مراتب ارزانتر از اضافه نمودن توسط خودتان تمام میشود. اما آپشنهایی که در بازار با تنوع بیشتر و قیمتهای کمتری ارائه میشوند مانند:<br />\r\nسیستم صوتی،سانروف، رینگ اسپرت،روکش صندلی و ... معمولا به صرفه خرید از تولید کننده و انتخاب در آپشنها نمیباشد که البته استثناهایی هم وجود دارد.</p>\r\n\r\n<p>&nbsp;</p>\r\n\r\n<p>اما در انتخاب تیپ بندی که معمولا نوع موتور و مشخصات فنی تخصصی متفاوت میباشد یک نکته ظریف وجود دارد (به ویژه برای خودروهای خارجی)&nbsp;اگر خودرویی که برای خرید انتخاب کرده اید در سال آینده قرار است دچار تغییرات عمده (تغییر طرح بدنه یا موتور) و بودجه شما جوابگوست سعی کنید بالاترین تیپ را خریداری کنید چون معمولا بعد از تغییرات عمده بالاترین تیپ مدل قبلی دیگر تولید نمیشود و به ارزش خودرو شما افزوده میگردد&nbsp;این تجربه در ارائه کمری جدید با حذف مدل 6سیلندر گرند، ارائه مدل جدید سوناتا با حذف مدل شش سیلندر و در گذشته(سال 93) با ارائه مدل جدید گالانت&nbsp;و حذف مدل VR4 و در تولیدات داخلی ارائه 206 SD و حذف تیپ 5 مشهود است.</p>\r\n\r\n<p>برای کنترل کامل بودن لوازم تحویل شده خودرو صفر بهترین راه مراجعه به دفترچه راهنمای آن است که معمولا در خودروهای خارجی لیست این لوازم درج میگردد&nbsp;اما اگر شخصی را میشناسید که خودش مستقیما اقدام به وارد نمودن خودرو نمونه شما از خارج کرده هم کنترل لوازم با آن راه خوبی است&nbsp;در تمامی خودروهای داخلی وجود جعبه آچار،آچارچرخ، جک، زاپاس و مثلث خطر اجباری است و باید موجود باشد. در مورد فرش زیر پای خودروهای داخلی هم چون نمونه های&nbsp;ارائه شونده توسط تولید کننده کیفیت بالاتری از نمونه های موجود در بازار دارد و احتمال عوض کردنش وجود دارد با بو نمودن اگر متوجه شدید فرش زیر پا&nbsp;بوی پلاستیک کهنه (مانند کیسه زباله) میدهد اصلی نمی باشد.</p>\r\n\r\n<p>اگر خودروی دارای کلید کد دار را از غیر نمایندگی خریداری میکنید حتما کارت کد و سویچ یدک را از فروشنده تحویل بگیرید و چنانچه فروشنده را نمیشناسید&nbsp;در اولین فرصت برای احتیاط کد آنرا تغییر دهید.<br />\r\nدفترچه گارانتی و کارتهای خدمات جانبی( مانند کارت طلایی) خودرو را تحویل و شماره سریال آنرا چک نمایید.<br />\r\nدورتا دور خودرو و زیر آنرا چک نمایید چون بسیار پیش آمده خودرو صفر هنگام جابجایی از کارخانه تا نمایندگی دچار زدگی بدنه شده است&nbsp;اگر عجله دارید و دوربین با کیفیت در دسترستان هست(حتی دوربین موبایل) در همان محل تحویل از چهار گوشه ماشین به گونه ای عکس بگیرید که در هر عکس دو وجه بغل و جلو یا بغل و عقب بصورت واضح مشخص باشد تا اگر بعدا متوجه ایرادی در بدنه شدید، مدرکی برای اثباتش داشته باشید.<br />\r\nسالم بودن کلیه سیستمهای برقی شامل چراغهای جلو و عقب، چراغ راهنماها،بالابرهای شیشه،کولر و بخاری، آیینه ها،سیستم صوتی، فندکی و ... راکنترل نمایید&nbsp;پس از تحویل خودرو صفر سعی کنید تا 1500 کیلومتر اول با آن مدارا نمایید و از شتابگیریهای سریع و بالابردن دور موتور از 5/3 - 4 خودداری نمایید.<br />\r\nتا قطعات متحرک موتور که نو و با هم در تماس هستند کاملا فرسایش معقول و براده ریزی و همخوانی عالی پیدا نمایند(اصطلاحا خوب آببندی شوند)&nbsp;بهتر است در مدت آببندی ازکتان به همراه بنزین ا استفاده شود، به هیچ عنوان ترموستات و کاتالیزور اگزوز خودرو را حذف نکنید چون آسیب جدی به موتور می رساند.<br />\r\n(برداشتن ترموستات باعث سرد و گرم شدن ناگهانی و ترک سیلندر موتور و برداشتن کاتالیزور افزایش مصرف سوخت و ایجاد صدا و لرزش در موتور را بهمراه خواهد داشت)</p>\r\n\r\n<p>&nbsp;</p>\r\n','کرمان موتور, خودرو صفر, دست دوم, نکات مهم خرید خودرو, خرید خودرو'),(60,3,'نکاتی که باید هنگام خرید خودرو باید بدانیم - 1','نکاتی که باید هنگام خرید خودرو باید بدانیم - 1','نکاتی که باید هنگام خرید خودرو باید بدانیم - 1','<p>اکثر دوستانی که برای اولین یا دومین بار میخواهند خودرو بخرند نگرانی خاصی دارند و نمیدونند باید چه کارهایی انجام دهند در دو بخش خرید&nbsp;خودرو صفر و خودرو دست دوم طی چند پست خدمتتان ارائه می کنیم:</p>\r\n<p><br /><strong>1- خودرو صفر (بخش اول)</strong> <br />برخلاف آنچه که همه فکر میکنند خریدن خودرو صفر دغدغه چندانی ندارد و خیلی نگرانی کمتری از خرید دست دوم دارد</p>\r\n<p><br /><strong>ولی نکات ریز و مهمی هست که باید دقت شود:</strong><br />فکر کنم همتون شنیدید که میگن خریدن ماشین صفر ایرانی شانسیه و مثل خریدن هندونه است ولی یه روش خوب علمی برای پیدا کردن خودرو نسبتا با کیفیت وجود داره: اگه خودرو صفرتون رو قراره از بین چند خودرو صفر انتخاب کنید به تاریخ دقیق تولیدش توجه کنید(خودروهای ایرانی سال شمسی و خودروهای خارجی سال میلادی) از روی تقویم روز شنبه تا جمعه بودن اون رو پیدا کنید برای خودروهای ایرانی معمولا خودروهای تولید پنجشنبه تا شنبه بی کیفیت ترند و برای خودروهای خارجی تولیدات شنبه تا دوشنبه این موضوع صدق میکند علتش هم واضح است تعطیلات پایان هفته تاثیر مستقیمی بر تمرکز کاری کارگران یک کارخانه دارند (دقیقا نتیجه تحقیقات&nbsp;کنترل کیفیت کارخانه هوندا ژاپن) و معمولا کارگران یک روز قبل و بعد از تعطیلات تحت تاثیر وقایع روز تعطیلی هستند.</p>','<p>&nbsp;</p>\r\n\r\n<p>با توجه به اینکه کلاهبرداری در بازار خودرو تقریبا به امری عادی بدل شده، این موضوع گریبان گیر خودروهای صفر هم شده برای تشخیص اینکه خودروی انتخابیتان، صفر واقعی است یا چندهزار کارکرده تمیز کیلومتر صفر شده ، چند راه وجود دارد (خودرو ایرانی یا خارجی)&nbsp;اولین راه کنترل رنگ منبع عقب اگزوز که معمولا اگر خودرو بیش از هزار کیلومتر کار کرده باشد تغییر رنگ می یابد و به قهوه ای یا قرمزی می زند ( اگر برایتان مشکل است ابتدا منبع اگزوز یک خودرو از همان مدل که مطمئنید صفر است را ببینید و رنگ آنرا به خاطر بسپارید، سپس با نمونه ای که میخواهید بخرید مقایسه کنید)&nbsp;دومین راه این است که ابتدا چند ثانیه روی صندلی شاگرد نشسته سپس روی صندلی راننده بنشینید&nbsp;اگر صندلی راننده نرمتر از شاگرد بود خودرو کارکرده و اگر نرمی یکسان بود خودرو صفر واقعی می باشد.<br />\r\nسومین روش که مختص خودروهای دارای زه لاستیکی سپر جلو است (مانند 405،206،پراید ، پارس و ...) این است که یک تکه چسب نواری روی قسمت قوس دار این زه (دقیقا در کنجهای سپر) بچسبانید و با انگشت آنرا محکم کنید ، حالا دوباره چسب را بکنید اگر راحت کنده شد خودرو کار کرده&nbsp;و اگر سخت کنده شد خودرو صفر میباشد، علت این است که هنگام حرکت خودرو این گوشه های سپر بیشترین فشار هوا و ساییدگی با هوا را دارند.</p>\r\n\r\n<p>&nbsp;</p>\r\n\r\n<p><strong>2-خودرو صفر (بخش دوم)</strong><br />\r\nقیل از هر چیز یک نکته دیگر در مورد تشخیص صفر بودن خودرو به پست اول اضافه میکنم ، تعداد خطوطی که معمولا در قوس زیر دستگیره درب&nbsp;راننده در اثر برخورد ناخن می افتد هم روش خوبی برای تشخیص یک خودروی صفر واقعی میباشد.</p>\r\n\r\n<p>اما در این بخش به مسائل دیگری مانند آپشنها،تیپ بندیها، لوازمی که باید هنگام خرید خودرو تحویل گرفت و اقداماتی که پس از خرید خودرو صفر انجام داد میپردازم:</p>\r\n\r\n<p>&nbsp;</p>\r\n\r\n<p><strong>آپشنها:</strong><br />\r\nبر خلاف گذشته ها در چند سال اخیر تیپ بندی و آپشنهای ارائه شونده توسط تولید کنندگان به یکی از دغدغه های بزرگ خریداران خودرو تبدیل گردیده&nbsp;و متاسفانه تولید کنندگان و نمایندگان خودروهای وارداتی اطلاعات جامع و کاملی در این زمینه ارائه نمیدهند علتش هم ساده است برای اینکه معمولا به ندرت تولید کننده ای در یک زمان امکان ارائه تمام تیپها و آپشنها را دارد و این موضوع در تولیدات داخلی بیشتر بسته به موجودی لوازم در انبار و محدودیتهای خطوط تولید بوده&nbsp;و برای واردکنندگان بودجه و محدودیتهای گمرکی می باشد. برای انتخاب بهترین آپشنها یا تیپها چند روش ساده علمی و تجربی وجود دارد:<br />\r\nدر انتخاب آپشنها سعی کنید اولویت را به آپشنهایی دهید که توسط افراد متفرقه کمتر ارائه میگردد یا در صورت ارائه بسیار پر هزینه می باشد و عمدتا به مشخصات فنی خودرو برمیگردد مانند ترمز abs ،کیسه هوا، گیربکس اتوماتیک،سیستم تهویه و ... این گزینه ها در صورت ارائه توسط تولید کننده&nbsp;به مراتب ارزانتر از اضافه نمودن توسط خودتان تمام میشود. اما آپشنهایی که در بازار با تنوع بیشتر و قیمتهای کمتری ارائه میشوند مانند:<br />\r\nسیستم صوتی،سانروف، رینگ اسپرت،روکش صندلی و ... معمولا به صرفه خرید از تولید کننده و انتخاب در آپشنها نمیباشد که البته استثناهایی هم وجود دارد.</p>\r\n\r\n<p>&nbsp;</p>\r\n\r\n<p>اما در انتخاب تیپ بندی که معمولا نوع موتور و مشخصات فنی تخصصی متفاوت میباشد یک نکته ظریف وجود دارد (به ویژه برای خودروهای خارجی)&nbsp;اگر خودرویی که برای خرید انتخاب کرده اید در سال آینده قرار است دچار تغییرات عمده (تغییر طرح بدنه یا موتور) و بودجه شما جوابگوست سعی کنید بالاترین تیپ را خریداری کنید چون معمولا بعد از تغییرات عمده بالاترین تیپ مدل قبلی دیگر تولید نمیشود و به ارزش خودرو شما افزوده میگردد&nbsp;این تجربه در ارائه کمری جدید با حذف مدل 6سیلندر گرند، ارائه مدل جدید سوناتا با حذف مدل شش سیلندر و در گذشته(سال 93) با ارائه مدل جدید گالانت&nbsp;و حذف مدل VR4 و در تولیدات داخلی ارائه 206 SD و حذف تیپ 5 مشهود است.</p>\r\n\r\n<p>برای کنترل کامل بودن لوازم تحویل شده خودرو صفر بهترین راه مراجعه به دفترچه راهنمای آن است که معمولا در خودروهای خارجی لیست این لوازم درج میگردد&nbsp;اما اگر شخصی را میشناسید که خودش مستقیما اقدام به وارد نمودن خودرو نمونه شما از خارج کرده هم کنترل لوازم با آن راه خوبی است&nbsp;در تمامی خودروهای داخلی وجود جعبه آچار،آچارچرخ، جک، زاپاس و مثلث خطر اجباری است و باید موجود باشد. در مورد فرش زیر پای خودروهای داخلی هم چون نمونه های&nbsp;ارائه شونده توسط تولید کننده کیفیت بالاتری از نمونه های موجود در بازار دارد و احتمال عوض کردنش وجود دارد با بو نمودن اگر متوجه شدید فرش زیر پا&nbsp;بوی پلاستیک کهنه (مانند کیسه زباله) میدهد اصلی نمی باشد.</p>\r\n\r\n<p>اگر خودروی دارای کلید کد دار را از غیر نمایندگی خریداری میکنید حتما کارت کد و سویچ یدک را از فروشنده تحویل بگیرید و چنانچه فروشنده را نمیشناسید&nbsp;در اولین فرصت برای احتیاط کد آنرا تغییر دهید.<br />\r\nدفترچه گارانتی و کارتهای خدمات جانبی( مانند کارت طلایی) خودرو را تحویل و شماره سریال آنرا چک نمایید.<br />\r\nدورتا دور خودرو و زیر آنرا چک نمایید چون بسیار پیش آمده خودرو صفر هنگام جابجایی از کارخانه تا نمایندگی دچار زدگی بدنه شده است&nbsp;اگر عجله دارید و دوربین با کیفیت در دسترستان هست(حتی دوربین موبایل) در همان محل تحویل از چهار گوشه ماشین به گونه ای عکس بگیرید که در هر عکس دو وجه بغل و جلو یا بغل و عقب بصورت واضح مشخص باشد تا اگر بعدا متوجه ایرادی در بدنه شدید، مدرکی برای اثباتش داشته باشید.<br />\r\nسالم بودن کلیه سیستمهای برقی شامل چراغهای جلو و عقب، چراغ راهنماها،بالابرهای شیشه،کولر و بخاری، آیینه ها،سیستم صوتی، فندکی و ... راکنترل نمایید&nbsp;پس از تحویل خودرو صفر سعی کنید تا 1500 کیلومتر اول با آن مدارا نمایید و از شتابگیریهای سریع و بالابردن دور موتور از 5/3 - 4 خودداری نمایید.<br />\r\nتا قطعات متحرک موتور که نو و با هم در تماس هستند کاملا فرسایش معقول و براده ریزی و همخوانی عالی پیدا نمایند(اصطلاحا خوب آببندی شوند)&nbsp;بهتر است در مدت آببندی ازکتان به همراه بنزین ا استفاده شود، به هیچ عنوان ترموستات و کاتالیزور اگزوز خودرو را حذف نکنید چون آسیب جدی به موتور می رساند.<br />\r\n(برداشتن ترموستات باعث سرد و گرم شدن ناگهانی و ترک سیلندر موتور و برداشتن کاتالیزور افزایش مصرف سوخت و ایجاد صدا و لرزش در موتور را بهمراه خواهد داشت)</p>\r\n\r\n<p>&nbsp;</p>\r\n','کرمان موتور, خودرو صفر, دست دوم, نکات مهم خرید خودرو, خرید خودرو'),(61,1,'نکات مهم هنگام تحویل گرفتن خودروهای صفر و کارکرده','نکات مهم هنگام تحویل گرفتن خودروهای صفر و کارکرده','نکات مهم هنگام تحویل گرفتن خودروهای صفر و کارکرده','<p><strong><u>​</u>چند نکته مهم هنگام تحویل گرفتن خودروهای صفر و کارکرده</strong></p><p><br>سلام خدمت دوستان و کاربران گرامی</p><p>از اونجایی که خیلی از دوستان این سوال براشون مطرح میشه که هنگام تحویل گرفتن&nbsp;خودروهای صفر و یا کارکرده به چه نکاتی باید توجه کنن من چندین مورد رو ذکر میکنم تا<br>دوستان عزیز موقع تحویل خودرو با خیال راحت ماشینشون رو چک کنن و تحویل بگیرن.<br>بعد از خواندن این مطالب فکر نکنید در عمل کار خسته کننده ای خواهد بود در کل&nbsp;انجام تمام این کارها هنگام تحویل خودرو نهایت 20 دقیقه حتی کمتر طول خواهد کشید.</p><p>&nbsp;</p>','<p>&nbsp;</p>\r\n\r\n<p><strong>هنگام تحویل خودروهای صفر کیلومتر به موارد زیر توجه کنید:</strong></p>\r\n\r\n<p>1.بدنه خودرو رو کامل ببینید که تو بارگیری یا جا به جایی ضربه یا تو رفتگی ایجاد نشده باشه.</p>\r\n\r\n<p>2.ادوات داخل خودرو همچنین نشان دهنده های صفحه کیلومتر.</p>\r\n\r\n<p>3.لوازم اضافی مثل جعبه ابزار-مثلث احتیاط-جک-زاپاس-کلید دوم رو چک کنید.</p>\r\n\r\n<p>4.تمامی چراغ های ماشین رو روشن کنید چک کنید.</p>\r\n\r\n<p>5.موتور خودرو رو بازدید کنید.</p>\r\n\r\n<p>6.کولر خودرو رو هم حتما چک کنید.</p>\r\n\r\n<p>7.چراغ ها رو حتما چک کنید که ترک یا شکستگی نداشته باشه.</p>\r\n\r\n<p>8.هرگونه مدرک ( سند-کارت ماشین-بیمه نامه-کارت سوخت-کارت گارانتی-کارت طلایی-کارت امداد) رو تحویل بگیرید.</p>\r\n\r\n<p>9.مدارک هر خودرو نهایت تا 3 هفته بعد از تحویل خودرو به طور کامل باید به دست صاحب خودرو رسیده باشه.</p>\r\n\r\n<p>10.توجه داشته باشید اگر شما ماشینتون رو از شرکت یا نمایندگی بیرون اوردین و موردی رو مشاهده کردین<br />\r\nکسی پاسخگوی شما نخواهد بود پس نهایت دقت رو داشته باشید.</p>\r\n\r\n<p><br />\r\nدر مورد افرادی که خودروهای خارجی وارداتی خریداری میکنن به غیر از بند 9 موارد بالابقیه موارد رو شامل میشن به علاوه نکات زیر:</p>\r\n\r\n<p>1.برگ ترخیص از گمرگ رو حتما دریافت کنید( تاریخ ورود خودرو به گمرگ کشور رو چک کنید).</p>\r\n\r\n<p>2.توجه داشته باشید خودروی شما به دلیل مسافتی که از کشور سازنده طی میکنه&nbsp;بیشتر نقاط بنده با موم پوشیده شده تا بدنه دچار خط و خش نشه.</p>\r\n\r\n<p>3.لوازم اضافی خودروهای وارداتی توسط افراد برخی شرکت ه و افراد سودجو از روی خودرو برداشته میشه&nbsp;و با قیمت های گزاف به صورت آپشن های اصافی و لوازم جانبی به مشتری فروخته میشه&nbsp;توجه داشته باشین قبل از خرید خودرو از تمام لوازمی که همراهش هست اطمینان پیدا کنید.<br />\r\nمیتونید از سایت هر شرکت اطلاع پیدا کنید.</p>\r\n\r\n<p>4.خرید و فروش انواع خودروهایی که با پلاک گذر موقت تردد دارن ممنوع هست و فقط شخص وارد کننده&nbsp;اجازه رانندگی با ماشین خودش رو داره.&nbsp;اگر هم جایی دیدن تبلیغ کردن توجه نکنید چون در صورت خریدن این نوع خودروها هنگام تمدید و یا تصادف&nbsp;و هرموردی دیگه که پای پلیس راهور وسط بیاد تمام مشکلات بر عهده شما خواهد بود.</p>\r\n\r\n<p>&nbsp;</p>\r\n\r\n<p><strong>هنگام تحویل خودروهای کارکرده ( دست دوم ) به موارد زیر توجه کنید:</strong></p>\r\n\r\n<p>1.بدنه خودرو رو چک کنید و از سالم بودن آن مطمئن بشید.</p>\r\n\r\n<p>2.نقاطی از بدنه که دچار رنگ شدگی و تصادف هستن رو حتما مشخص کنید.</p>\r\n\r\n<p>3.اگر خودرویی تصادفی باشه نقاطی که ضربه به اتاق وارد شده رو بررسی کنید<br />\r\nچون به ازای هر نقطه از ماشین که ضربه خورده باشه مبلغی از خودرو کسر خواهد شد.</p>\r\n\r\n<p>4.از تعویض قطعات بدنه ( مانند گلگیر-رکاب-درب موتور-درب صندوق-دربهای خودرو و .... اطلاع پیدا کنید.</p>\r\n\r\n<p>5.درب موتور رو باز کنید و پشت رادیاتور و سینی فن خودرو رو چک کنید.</p>\r\n\r\n<p>6.از سالم بودن و روان کارکردن موتور اگاه بشید و از آخرین سرویس انجام شده همچنین&nbsp;کلیه قطعاتی که از موتور عوض شده اطلاع پیدا کنید تا در صورت عدم انجام این موارد بدونید<br />\r\nکدوم قطعات رو باید تعویض یا بازدید کنید.</p>\r\n\r\n<p>7.از سالم بودن سیستم برقی اتومبیل مطمئن بشید خصوصا کولر خودرو&nbsp;همجنین چراغ های خودرو رو روشن کرده و همه لامپ ها و نشان گر های صفحه کیلومتر رو بررسی کنید تا دچار مشکل نشودید.</p>\r\n\r\n<p>8.زیر و بند خودرو رو چک کنید.</p>\r\n\r\n<p>9.ادوات داخلی ماشین مانند:<br />\r\nصندلی ها و اهرم های تنظیم ( کلیدهای برقی تنطیم صندلی های خودرو )<br />\r\nشیشه بالابرها<br />\r\nموکت کف ماشین رو بازدید کنید تا اگر پوسیدگی وجود داره مشحص بشه.<br />\r\nرو دری ها<br />\r\nتودوزی<br />\r\nترمز دستی<br />\r\nو هر موردی که وقتی داخل خودرو میشینید به چشمتون میاد.</p>\r\n\r\n<p>10.لوازم و ابزار مانند: جک-زاپاس-جعبه ابزار-مثلث احتیاط-کلید دوم خودرو-ریموت کنترل دوم دزدگیر</p>\r\n\r\n<p>11.مدارک خودرو رو چک کنید ( سند-کارت ماشین-بیمه نامه-کارت سوخت-معاینه فنی و ... )</p>\r\n\r\n<p>دوستان عزیز اگر خودتون نتونستید موارد بالا رو چک کنید یا بلد نبودید مشکلی نداره برای&nbsp;اطمینان از سالم بودن خودرو در هریک از موارد بالا میتونید به استادکاران مجرب در زمنیه:</p>\r\n\r\n<p>مکانیک&nbsp;برق خودرو ( باتری ساز)&nbsp;صافکاری&nbsp;مراجعه کرده خودروتون رو مورد بازدید قرار بدن و اگر مشکلی داشت به شما بگن.</p>\r\n\r\n<p>&nbsp;</p>\r\n\r\n<p><strong>دوستان عزیز تا جایی که امکان داره از خرید خودروهای زیر صرف نظر کنید:</strong></p>\r\n\r\n<p>-خودروهایی که روی سقف چپ شدن.<br />\r\n-خودروهایی که در اتش سوزی سوختند.<br />\r\n-خودروهایی که کامل رنگ هستند.<br />\r\n-خودروهایی که دچار آتش سوزی در قسمت سیم کشی شدن.<br />\r\n-خودروهایی که به شاسیشون ضربه وارد شده و آسیب دیده.<br />\r\n-خودروهایی که سند و مدرک معتبر ندارن.</p>\r\n\r\n<p>&nbsp;</p>\r\n','نکات مهم خرید خودرو, کرمان موتور, خودرو صفر\r\n'),(61,3,'نکات مهم هنگام تحویل گرفتن خودروهای صفر و کارکرده','نکات مهم هنگام تحویل گرفتن خودروهای صفر و کارکرده','نکات مهم هنگام تحویل گرفتن خودروهای صفر و کارکرده','<p><strong><u>​</u>چند نکته مهم هنگام تحویل گرفتن خودروهای صفر و کارکرده</strong></p><p><br>سلام خدمت دوستان و کاربران گرامی</p><p>از اونجایی که خیلی از دوستان این سوال براشون مطرح میشه که هنگام تحویل گرفتن&nbsp;خودروهای صفر و یا کارکرده به چه نکاتی باید توجه کنن من چندین مورد رو ذکر میکنم تا<br>دوستان عزیز موقع تحویل خودرو با خیال راحت ماشینشون رو چک کنن و تحویل بگیرن.<br>بعد از خواندن این مطالب فکر نکنید در عمل کار خسته کننده ای خواهد بود در کل&nbsp;انجام تمام این کارها هنگام تحویل خودرو نهایت 20 دقیقه حتی کمتر طول خواهد کشید.</p><p>&nbsp;</p>','<p>&nbsp;</p>\r\n\r\n<p><strong>هنگام تحویل خودروهای صفر کیلومتر به موارد زیر توجه کنید:</strong></p>\r\n\r\n<p>1.بدنه خودرو رو کامل ببینید که تو بارگیری یا جا به جایی ضربه یا تو رفتگی ایجاد نشده باشه.</p>\r\n\r\n<p>2.ادوات داخل خودرو همچنین نشان دهنده های صفحه کیلومتر.</p>\r\n\r\n<p>3.لوازم اضافی مثل جعبه ابزار-مثلث احتیاط-جک-زاپاس-کلید دوم رو چک کنید.</p>\r\n\r\n<p>4.تمامی چراغ های ماشین رو روشن کنید چک کنید.</p>\r\n\r\n<p>5.موتور خودرو رو بازدید کنید.</p>\r\n\r\n<p>6.کولر خودرو رو هم حتما چک کنید.</p>\r\n\r\n<p>7.چراغ ها رو حتما چک کنید که ترک یا شکستگی نداشته باشه.</p>\r\n\r\n<p>8.هرگونه مدرک ( سند-کارت ماشین-بیمه نامه-کارت سوخت-کارت گارانتی-کارت طلایی-کارت امداد) رو تحویل بگیرید.</p>\r\n\r\n<p>9.مدارک هر خودرو نهایت تا 3 هفته بعد از تحویل خودرو به طور کامل باید به دست صاحب خودرو رسیده باشه.</p>\r\n\r\n<p>10.توجه داشته باشید اگر شما ماشینتون رو از شرکت یا نمایندگی بیرون اوردین و موردی رو مشاهده کردین<br />\r\nکسی پاسخگوی شما نخواهد بود پس نهایت دقت رو داشته باشید.</p>\r\n\r\n<p><br />\r\nدر مورد افرادی که خودروهای خارجی وارداتی خریداری میکنن به غیر از بند 9 موارد بالابقیه موارد رو شامل میشن به علاوه نکات زیر:</p>\r\n\r\n<p>1.برگ ترخیص از گمرگ رو حتما دریافت کنید( تاریخ ورود خودرو به گمرگ کشور رو چک کنید).</p>\r\n\r\n<p>2.توجه داشته باشید خودروی شما به دلیل مسافتی که از کشور سازنده طی میکنه&nbsp;بیشتر نقاط بنده با موم پوشیده شده تا بدنه دچار خط و خش نشه.</p>\r\n\r\n<p>3.لوازم اضافی خودروهای وارداتی توسط افراد برخی شرکت ه و افراد سودجو از روی خودرو برداشته میشه&nbsp;و با قیمت های گزاف به صورت آپشن های اصافی و لوازم جانبی به مشتری فروخته میشه&nbsp;توجه داشته باشین قبل از خرید خودرو از تمام لوازمی که همراهش هست اطمینان پیدا کنید.<br />\r\nمیتونید از سایت هر شرکت اطلاع پیدا کنید.</p>\r\n\r\n<p>4.خرید و فروش انواع خودروهایی که با پلاک گذر موقت تردد دارن ممنوع هست و فقط شخص وارد کننده&nbsp;اجازه رانندگی با ماشین خودش رو داره.&nbsp;اگر هم جایی دیدن تبلیغ کردن توجه نکنید چون در صورت خریدن این نوع خودروها هنگام تمدید و یا تصادف&nbsp;و هرموردی دیگه که پای پلیس راهور وسط بیاد تمام مشکلات بر عهده شما خواهد بود.</p>\r\n\r\n<p>&nbsp;</p>\r\n\r\n<p><strong>هنگام تحویل خودروهای کارکرده ( دست دوم ) به موارد زیر توجه کنید:</strong></p>\r\n\r\n<p>1.بدنه خودرو رو چک کنید و از سالم بودن آن مطمئن بشید.</p>\r\n\r\n<p>2.نقاطی از بدنه که دچار رنگ شدگی و تصادف هستن رو حتما مشخص کنید.</p>\r\n\r\n<p>3.اگر خودرویی تصادفی باشه نقاطی که ضربه به اتاق وارد شده رو بررسی کنید<br />\r\nچون به ازای هر نقطه از ماشین که ضربه خورده باشه مبلغی از خودرو کسر خواهد شد.</p>\r\n\r\n<p>4.از تعویض قطعات بدنه ( مانند گلگیر-رکاب-درب موتور-درب صندوق-دربهای خودرو و .... اطلاع پیدا کنید.</p>\r\n\r\n<p>5.درب موتور رو باز کنید و پشت رادیاتور و سینی فن خودرو رو چک کنید.</p>\r\n\r\n<p>6.از سالم بودن و روان کارکردن موتور اگاه بشید و از آخرین سرویس انجام شده همچنین&nbsp;کلیه قطعاتی که از موتور عوض شده اطلاع پیدا کنید تا در صورت عدم انجام این موارد بدونید<br />\r\nکدوم قطعات رو باید تعویض یا بازدید کنید.</p>\r\n\r\n<p>7.از سالم بودن سیستم برقی اتومبیل مطمئن بشید خصوصا کولر خودرو&nbsp;همجنین چراغ های خودرو رو روشن کرده و همه لامپ ها و نشان گر های صفحه کیلومتر رو بررسی کنید تا دچار مشکل نشودید.</p>\r\n\r\n<p>8.زیر و بند خودرو رو چک کنید.</p>\r\n\r\n<p>9.ادوات داخلی ماشین مانند:<br />\r\nصندلی ها و اهرم های تنظیم ( کلیدهای برقی تنطیم صندلی های خودرو )<br />\r\nشیشه بالابرها<br />\r\nموکت کف ماشین رو بازدید کنید تا اگر پوسیدگی وجود داره مشحص بشه.<br />\r\nرو دری ها<br />\r\nتودوزی<br />\r\nترمز دستی<br />\r\nو هر موردی که وقتی داخل خودرو میشینید به چشمتون میاد.</p>\r\n\r\n<p>10.لوازم و ابزار مانند: جک-زاپاس-جعبه ابزار-مثلث احتیاط-کلید دوم خودرو-ریموت کنترل دوم دزدگیر</p>\r\n\r\n<p>11.مدارک خودرو رو چک کنید ( سند-کارت ماشین-بیمه نامه-کارت سوخت-معاینه فنی و ... )</p>\r\n\r\n<p>دوستان عزیز اگر خودتون نتونستید موارد بالا رو چک کنید یا بلد نبودید مشکلی نداره برای&nbsp;اطمینان از سالم بودن خودرو در هریک از موارد بالا میتونید به استادکاران مجرب در زمنیه:</p>\r\n\r\n<p>مکانیک&nbsp;برق خودرو ( باتری ساز)&nbsp;صافکاری&nbsp;مراجعه کرده خودروتون رو مورد بازدید قرار بدن و اگر مشکلی داشت به شما بگن.</p>\r\n\r\n<p>&nbsp;</p>\r\n\r\n<p><strong>دوستان عزیز تا جایی که امکان داره از خرید خودروهای زیر صرف نظر کنید:</strong></p>\r\n\r\n<p>-خودروهایی که روی سقف چپ شدن.<br />\r\n-خودروهایی که در اتش سوزی سوختند.<br />\r\n-خودروهایی که کامل رنگ هستند.<br />\r\n-خودروهایی که دچار آتش سوزی در قسمت سیم کشی شدن.<br />\r\n-خودروهایی که به شاسیشون ضربه وارد شده و آسیب دیده.<br />\r\n-خودروهایی که سند و مدرک معتبر ندارن.</p>\r\n\r\n<p>&nbsp;</p>\r\n','نکات مهم خرید خودرو, کرمان موتور, خودرو صفر'),(65,1,'تجربه رانندگی با جک اس 5 - خودروبانک','تجربه رانندگی با جک اس 5 - خودروبانک','تجربه رانندگی با جک اس 5 - خودروبانک','<p style=\"text-align: center;\"><em>​</em>در ابتدا عرض میکنیم از تهیه کنندگان این گزارش و این تجربه متفاوت در سایت خودرو بانک تشکر ویژه ای داریم. خدا قوت.</p><p style=\"text-align: center;\"><img title=\"\" src=\"http://www.kermanmotor1732.com/uploads/posts/1419443068_header_31431_img_9318_top.jpg\" alt=\"\"></p><p>احتمالاً نام جک j5 را شنیده اید. خودروی سدانی که با عرضه سطح خوبی از امکانات و گیربکس خودکار توانست لقب \"ارزان ترین خودروی اتوماتیک بازار\" را به خود اختصاص دهد و نام خود را بر سر زبان ها بیاندازد. جک (JAC) خودروساز قدیمی چینی است و از سال 1964 مشغول تولید است. این شرکت بیشتر به تولید کامیون های سبک معروف است و محصولاتش را به بیش از 100 کشور دنیا صادر می کند. در ایران نیز چند وقتی است که چند محصول این شرکت از سوی کرمان موتور، نماینده رسمی JAC در ایران، مانند j5‌ و یا J3 عرضه شده و حال نوبت به شاسی بلند جدیدی رسیده تا با چهره ای دگرگون شده و مدرن و چند برگ برنده به جنگ هموطنی های خود در بازار داخل برود و در این معرکه سخت، جنگ شدیدی را به راه بیندازد. جک S5 نام این سرباز تنومند جدید کرمان موتور است که می خواهد از اواخر سال جاری به این جنگ اعزام شود. در محدوده قیمتی S5، هم اکنون چندین شاسی بلند دیگر در حال رقابتی سنگین هستند و با این حمله جدید از سوی کرمان موتور ممکن است معادلات زیادی در این محدوده به هم بخورد و حتی S5 بتواند به کلی جای بعضی از گزینه های معروف و پرفروش در بازار را بگیرد.</p><p>شاید S5 را در نگاه اول یک شاسی بلند چینی دیگر در سطح باقی رقیبان ببینیم اما با نگاه کلی به طراحی این خودرو، سطح امکانات و تجهیزات بکار رفته، پیشرانه نصب شده و از همه مهم تر قیمت آن، شاید کمی اوضاع متفاوت شود و متوجه شویم که اینبار داستان متفاوتی در راه است و این خودرو بتواند چند لقب جدید بازار را همانند برادر کوچک خود یعنی جک j5، به همراه داشته باشد. در این موارد هم معمولاً گروه خودرو بانک بسیار کم صبر است و لذا سریعاً به جاده مخصوص رفتیم تا از نزدیک با جک S5 آشنا شده و تجربه ای با این تازه وارد چینی داشته باشیم.</p><p>&nbsp;</p>','<p><strong>طراحی</strong></p>\r\n\r\n<p>شاید در گذشته خودروهای چینی از نظر طراحی بسیار ناموزون بوده و می شد به راحتی لیستی از ایرادات را از طراحی و ظاهرشان گرفت. اما چینی ها بسیار خوب راه پیشرفت را پیموده و هم اکنون خودروهایی ساخته اند که اگرچه در بعضی از قسمت ها از خودروسازان بزرگ دنیا الهام گرفته باشند، اما در نهایت محصولی را روانه بازار کرده اند که می تواند به خوبی چشمان خریدار را به سوی خود جلب کند. جک S5 یکی از این نمونه هاست. در نمای کلی با یک شاسی بلند کوچک شهری سر و کار داریم که هماهنگی خوبی بین همه قسمت ها دیده می شود و در قسمت هایی سعی شده تا از طرح سیال گونه بعضی خودروسازان معروف دنیا استفاده شود.</p>\r\n\r\n<p>&nbsp;</p>\r\n\r\n<p style=\"text-align: center;\">[thumb]http://www.kermanmotor1732.com/uploads/posts/1419445374_jac_s5_review_1.jpg[/thumb]</p>\r\n\r\n<p>&nbsp;</p>\r\n\r\n<p>در نمای جلو اولین چیزی که به ذهن می رسد، شباهت S5 با هیوندای ix35 است و شاید حتی بعضی افراد که اهل خودرو نیستند در نگاه اول این دو را اشتباه بگیرند! ورودی هوای بزرگی در پایین سپر با خط های افقی قرار دارد و در بالای آن لوگوی JAC قرار گرفته که توسط دو خط کرومی احاطه شده است. چراغ های جلو کمی کشیده و حجیم هستند و در زیر آن ها دو مه شکن قرار داده شده که در بالای آن ها یک خط کرومی نیز قرار دارد.</p>\r\n\r\n<p>&nbsp;</p>\r\n\r\n<p style=\"text-align: center;\">[thumb]http://www.kermanmotor1732.com/uploads/posts/1419445387_jac_s5_review_2.jpg[/thumb]</p>\r\n\r\n<p>&nbsp;</p>\r\n\r\n<p>در نمای کناری سعی شده تا با استفاده از طراحی خوب برای شیشه ها، هارمونی خوبی با فرم چراغ ها و جلو پنجره بوجود آید. در قسمت پایین شیشه ها یک نوار کرومی قرار دارد که در انتها و با شیب تندی به خط بالایی می رسد.</p>\r\n\r\n<p>همچنین در این زاویه خطی دیده می شود که از ابتدای درب جلو شروع شده و با امتداد از بالای دستگیره درب ها به چراغ عقب ختم می شود.</p>\r\n\r\n<p>&nbsp;</p>\r\n\r\n<p style=\"text-align: center;\">[thumb]http://www.kermanmotor1732.com/uploads/posts/1419445398_jac_s5_review_3.jpg[/thumb]</p>\r\n\r\n<p>&nbsp;</p>\r\n\r\n<p>رینگ های استفاده شده روی S5 از نوع 17 اینچی آلومینیومی 5 پره اسپرت است و می توان از بین پره ها ترمزهای آن را مشاهده کرد که در جلو و عقب دیسکی هستند.</p>\r\n\r\n<p>&nbsp;</p>\r\n\r\n<p style=\"text-align: center;\">[thumb]http://www.kermanmotor1732.com/uploads/posts/1419445406_jac_s5_review_4.jpg[/thumb]</p>\r\n\r\n<p>&nbsp;</p>\r\n\r\n<p>نمای عقب و فرم چراغ ها ابتدا بیننده را به یاد محصولات آئودی می اندازد. یک خط افقی مستقیم از دو چراغ را به یکدیگر متصل کرده است. همچنین کناره های بیرونی دو چراغ نیز خطی قرار دارد که امتداد آن در پایین درب صندوق می گذرد.</p>\r\n\r\n<p>&nbsp;</p>\r\n\r\n<p style=\"text-align: center;\">[thumb]http://www.kermanmotor1732.com/uploads/posts/1419445374_jac_s5_review_5.jpg[/thumb]</p>\r\n\r\n<p>&nbsp;</p>\r\n\r\n<p>در پایین چراغ قرمز ترمز دو خط سفید وجود دارد که در حقیقت چراغ های راهنما هستند و چراغ سفید رنگ دنده عقب در دو طرف پایین سپر قرار دارد. یکی از جذاب ترین موضوع&zwnj;هایی که در نمای عقب جلب توجه می&zwnj;کند، دو خروجی اگزوز است که نمای اسپرت&zwnj;گونه&zwnj;ای را ایجاد کرده و این فرم دوگانه خروجی اگزوز در شاسی&zwnj;بلندهای شهری تا 200 میلیون تومانی با موتورهای 2.5 لیتری مانند هیوندای توسان و یا کیا اسپورتج نیز دیده نمی&zwnj;شود.</p>\r\n\r\n<p>در کل باید به طراحی S5 نمره قبولی را داد و باید گفت که با وجود تمامی الهاماتی که در طراحی این خودرو از بزرگان خودروسازی جهان گرفته شده، ولی در این رده قیمتی نمی&zwnj;توان خودروی شاسی&zwnj;بلند جذابی را در این حد پیدا کرد و جک S5 به خوبی می&zwnj;تواند نظر مشتریان بالقوه خود را معطوف خود کند.</p>\r\n\r\n<p>&nbsp;</p>\r\n\r\n<p><strong>کابین و امکانات</strong></p>\r\n\r\n<p>&nbsp;</p>\r\n\r\n<p>کلید را برداشته و وارد کابین S5 می&zwnj;شویم. ابتدا دسته دنده&zwnj;ای نظرمان را جلب می&zwnj;کند که بر روی آن فرم قرار گیری 6 دنده نشان داده شده است که این موضوع برای یک خودرویی در این بازه قیمتی جالب به نظر می&zwnj;رسد. همچنین قرارگیری دنده عقب این خودرو در بالا سمت چپ دنده است که می&zwnj;توان با کشیدن شاسی زیر دسته دنده به این قسمت رفت و این قرارگیری ما را به یاد اپل کورساهای 94 می&zwnj;اندازد و برای خود متفاوت و جذاب است.</p>\r\n\r\n<p>&nbsp;</p>\r\n\r\n<p style=\"text-align: center;\">[thumb]http://www.kermanmotor1732.com/uploads/posts/1419445347_jac_s5_review_7.jpg[/thumb]</p>\r\n\r\n<p>&nbsp;</p>\r\n\r\n<p>غربیلک فرمان همانند جک j5 اتوماتیک سه پره است و کیلومتر شمار پشت غربیلک ما را به یاد طراحی هیوندای ix35 می&zwnj;اندازد. در سمت راست، کیلومتر شمار قرار دارد که روی آن به صورت دیجیتالی میزان بنزین داخل باک 55 لیتری را نشان می&zwnj;دهد و در سمت چپ، دور شمار موتور قرار دارد که طراحی این قسمت نیز بسیار خوب و همانند هیوندای آزرا است. بین این دو نیز اطلاعاتی نظیر میزان مسافت باقیمانده تا سوخت&zwnj;گیری بعدی و یا میزان مسافت طی شده توسط خودرو نیز نشان داده می&zwnj;شود.</p>\r\n\r\n<p>&nbsp;</p>\r\n\r\n<p style=\"text-align: center;\">[thumb]http://www.kermanmotor1732.com/uploads/posts/1419445422_jac_s5_review_8.jpg[/thumb]</p>\r\n\r\n<p>&nbsp;</p>\r\n\r\n<p>در سمت چپ فرمان و روی کنسول چند کلید قرار دارد که می&zwnj;توان به کمک آن&zwnj;ها آینه&zwnj;های جانبی را تنظیم و یا به صورت برقی جمع کرد. این آینه&zwnj;ها به گرمکن نیز مجهز هستند. همچنین در این قسمت می&zwnj;توان ارتفاع چراغ&zwnj;ها را تنظیم کرد و با دیگر کلید می&zwnj;توان نور پشت صفحه را کم و یا زیاد کرد.&nbsp;</p>\r\n\r\n<p>&nbsp;</p>\r\n\r\n<p style=\"text-align: center;\">[thumb]http://www.kermanmotor1732.com/uploads/posts/1419445376_jac_s5_review_9.jpg[/thumb]</p>\r\n\r\n<p>&nbsp;</p>\r\n\r\n<p>در وسط کنسول میانی یک صفحه نمایش لمسی قرار دارد که می&zwnj;توان از طریق بلوتوث نیز به آن وصل شد و با استفاده از 6 بلندگوی بکار رفته داخل کابین از صدای آن لذت برد. همچنین به کمک کلیدهای کنترلی روی غربیلک می&zwnj;توان سیستم صوتی را تنظیم کرد.</p>\r\n\r\n<p>&nbsp;</p>\r\n\r\n<p style=\"text-align: center;\">[thumb]http://www.kermanmotor1732.com/uploads/posts/1419445435_jac_s5_review_10.jpg[/thumb]</p>\r\n\r\n<p>&nbsp;</p>\r\n\r\n<p>در پایین سیستم صوتی، سیستم خودکار تهویه مطبوع قرار گرفته که اگرچه به صورت دوگانه نیست ولی به صورت برقی کار می&zwnj;کند و استفاده از آن بسیار راحت است.</p>\r\n\r\n<p>&nbsp;</p>\r\n\r\n<p style=\"text-align: center;\">[thumb]http://www.kermanmotor1732.com/uploads/posts/1419445396_jac_s5_review_11.jpg[/thumb]</p>\r\n\r\n<p>&nbsp;</p>\r\n\r\n<p>در پایین کنسول میانی و در بالای خروجی USB و خروجی پاور 12 ولتی، دو کلید قرار دارد که می&zwnj;توان سیستم&zwnj;های پایداری الکترونیکی ESP و کنترل سرعت خودرو در سرپایینی و ایستایی در سربالایی (HDC و HAC) را فعال و غیرفعال کرد. به کمک HAC اگر در سربالایی باشید و پا را از روی کلاچ بردارید، خودرو به عقب نمی&zwnj;رود و فرصت کافی برای نیم&zwnj;کلاچ خواهید داشت. البته به غیر از این سیستم&zwnj;ها روی این چینی تازه&zwnj;وارد سیستم ترمز ضد قفل ABS، سیستم ترمز اضطراری EBA، سیستم توزیع الکترونیکی نیروی ترمز EBD و سیستم کنترل کشش TCS نیز نصب شده است.</p>\r\n\r\n<p>روی صفحه کیلومتر شمار چراغ زرد رنگ TPMS روشن است که مخفف Tire Pressure Monitoring System است و در صورتیکه باد لاستیک&zwnj;ها کم باشد از طریق این چراغ به راننده هشدار داده می&zwnj;شود.</p>\r\n\r\n<p>&nbsp;</p>\r\n\r\n<p style=\"text-align: center;\">[thumb]http://www.kermanmotor1732.com/uploads/posts/1419445376_jac_s5_review_12.jpg[/thumb]</p>\r\n\r\n<p>&nbsp;</p>\r\n\r\n<p>روی سقف یک سانروف دو حالته قرار دارد. روکش صندلی&zwnj;های خودروی ما از نوع پارچه&zwnj;ای بود و از دو رنگ مشکی و نارنجی در آن استفاده شده بود ولی در کاتالوگی که کرمان موتور منتشر کرده گفته شده که قرار است روکش صندلی&zwnj;ها چرمی باشند.</p>\r\n\r\n<p>&nbsp;</p>\r\n\r\n<p style=\"text-align: center;\">[thumb]http://www.kermanmotor1732.com/uploads/posts/1419445443_jac_s5_review_13.jpg[/thumb]</p>\r\n\r\n<p>&nbsp;</p>\r\n\r\n<p>از دیگر امکاناتی که روی این خودرو نصب شده می&zwnj;توانیم به سیستم سنسور نور اشاره کنیم که به کمک آن چراغ&zwnj;ها با توجه به نور محیط به صورت خودکار روشن و خاموش می&zwnj;شود. همچنین زیر درپوش موتور کاور قرار داده شده تا صدای کمتری به داخل نفوذ کند.</p>\r\n\r\n<p>به صندلی&zwnj;های عقب نیز می&zwnj;رویم تا فضای پا را برای این قسمت بررسی کنیم. S5 با فاصله بین دو محور 2645 میلیمتر یعنی کمی بیشتر از هیوندای ix35 فضای بسیار خوبی را برای سرنشینان عقب فراهم کرده و حتی عکاس ما با قد 185 سانتیمتر مشکلی برای نشستن، سوار و یا پیاده شدن نداشت.</p>\r\n\r\n<p>&nbsp;</p>\r\n\r\n<p style=\"text-align: center;\">[thumb]http://www.kermanmotor1732.com/uploads/posts/1419445385_jac_s5_review_14.jpg[/thumb]</p>\r\n\r\n<p>&nbsp;</p>\r\n\r\n<p>&nbsp;</p>\r\n\r\n<p><strong>تجربه رانندگی</strong></p>\r\n\r\n<p>&nbsp;</p>\r\n\r\n<p>قصد داریم خودرو را روشن کنیم و عملکرد آن را بررسی کنیم. در این خودرو برای روشن شدن موتور باید همزمان کلاچ و ترمز را فشار دهید وگرنه پیشرانه استارت نمی&zwnj;خورد و این باعث می&zwnj;شود که هیچ زمان در دنده، خودرو روشن نشود. اولین چیزی که به محض استارت زدن موجب رضایت راننده می&zwnj;شود حرکت عقربه&zwnj;های پشت فرمان با سرعتی آرام تا انتهای محدوده خود همانند خودروهای معروفی مثل رنو کولیوس، کیا اپتیما و یا سوپر اسپرت&zwnj;هایی مثل مرسدس&zwnj;بنز GT است.&nbsp;</p>\r\n\r\n<p>بگذارید در مورد یکی از مهم&zwnj;ترین برگ برنده&zwnj;های جک S5 یعنی پیشرانه آن بگوییم. S5 به یک موتور 4 سیلندر 16 سوپاپه 2 لیتری از نوع DOHC مجهز شده که دقیقاً 1997 سی&zwnj;سی حجم دارد. اما این تمام ماجرا نیست و روی آن یک سیستم پرخوران توربوشارژ نیز نصب شده که به کمک آن می&zwnj;تواند حداکثر 174 اسب&zwnj;بخار در 5200 دور در دقیقه و 235 نیوتن&zwnj;متر در بین 2000 تا 4000 دور در دقیقه را تولید کند. اگر به شاسی&zwnj;بلندهای شهری معروف بازار یعنی هیوندای توسان و یا کیا اسپورتج نگاهی بیندازید، متوجه می&zwnj;شوید که آن&zwnj;ها نیز تقریباً همین میزان اسب&zwnj;بخار و گشتاور را تولید می&zwnj;کنند البته با موتور 2.4 لیتری یعنی به زبانی دیگر با جک S5 همان نیروی تولید شده توسط توسان و اسپورتج زیر پاهای شما آماده خدمت&zwnj;رسانی خواهند بود.</p>\r\n\r\n<p>&nbsp;</p>\r\n\r\n<p style=\"text-align: center;\">[thumb]http://www.kermanmotor1732.com/uploads/posts/1419445431_jac_s5_review_15.jpg[/thumb]</p>\r\n\r\n<p>&nbsp;</p>\r\n\r\n<p>ترمز دستی را پایین کشیده و شروع به حرکت می&zwnj;کنیم. موضوع بسیاری خوبی در شروع حرکت باعث رضایت ما شد، فرمان بسیار نرم جک S5 بود. این نرمی به لطف سیستم چرخ دنده&zwnj;ای با کمک برقی Servometer میسر شده و به راحتی می&zwnj;توانید به کمک آن رینگ&zwnj;های 17 اینچی آن را بچرخانید.</p>\r\n\r\n<p>تمامی نیروی تولید شده توسط موتور این خودرو به چرخ&zwnj;های جلو منتقل می&zwnj;شود و خبری از سیستم چهارچرخ متحرک (4WD) نیست که شاید آفرود سواران را ناامید کند. این سیستم باعث می&zwnj;شود که جک S5 را به عنوان یک شاسی&zwnj;بلند شهری معرفی کنیم و شاید آنچنان برای آفرود مناسب نباشد.</p>\r\n\r\n<p>البته همین که تمامی این نیرو به چرخ&zwnj;های جلو منتقل می&zwnj;شود باعث شده تا بسیار راحت بتوان با فشردن پدال گاز و به کار انداختن توربوشارژر، هرزگردی (تیک آف) کرد که احتمالاً بعضی جوانان را بسیار راضی نگه دارد.</p>\r\n\r\n<p>&nbsp;</p>\r\n\r\n<p style=\"text-align: center;\">[thumb]http://www.kermanmotor1732.com/uploads/posts/1419445390_jac_s5_review_16.jpg[/thumb]</p>\r\n\r\n<p>&nbsp;</p>\r\n\r\n<p>دید خوبی نسبت به اطراف وجود دارد و در عقب سنسور پارک قرار گرفته اما خبری از دوربین عقب برای این خودرو نیست و شاید هنگام پارک کردن باید کمی حواستان را جمع کنید. همانطورکه در عکس&zwnj;ها می&zwnj;بینید، روی مدل آزمایشی ما در جلو سنسور پارک قرار داده شده اما نسخه&zwnj;ای که قرار است در نهایت به دست مشتری برسد فاقد سنسور پارک در جلو است و تنها نمونه آزمایشی دارای این سنسور بود.</p>\r\n\r\n<p>از نظر راحتی و ضربات وارد شده به کابین، جک S5 در وضعیت خوبی قرار دارد. این ضربات از طریق فنرهای حلقوی با ستون مک فرسون در جلو و سیستم تعلیق مستقل در عقب جذب می&zwnj;شوند.</p>\r\n\r\n<p>جک S5 اگرچه تقریباً هم وزن هیوندای توسان است اما با 1680 میلیمتر ارتفاع کمی از آن قدبلندتر است و با 1840 میلیمتر عرض و 4475 طول از آن عریض&zwnj;تر و طویل&zwnj;تر است.</p>\r\n\r\n<p>&nbsp;</p>\r\n\r\n<p style=\"text-align: center;\">[thumb]http://www.kermanmotor1732.com/uploads/posts/1419445430_jac_s5_review_17.jpg[/thumb]</p>\r\n\r\n<p>&nbsp;</p>\r\n\r\n<p>از نظر میزان آلایندگی تولید شده، این خودرو در شرایط خوبی قرار دارد و با سیستم EOBD نصب شده روی آن توانسته استاندارد یورو 5 را بدست بیاورد.</p>\r\n\r\n<p>&nbsp;</p>\r\n\r\n<p><strong>قیمت و نتیجه&zwnj;گیری</strong></p>\r\n\r\n<p>&nbsp;</p>\r\n\r\n<p>به نتیجه&zwnj;گیری و اعلام قیمت S5 می&zwnj;رسیم و قصد داریم دومین برگ برنده S5 را رو کنیم. قیمت مصوب اعلام شده توسط کرمان موتور برای این خودرو 73 میلیون و 900 هزار تومان است و هم&zwnj;اکنون این شرکت مشغول پیش فروش S5 می&zwnj;باشد.</p>\r\n\r\n<p>در کل باید بگوییم که جک S5 یک شاسی&zwnj;بلند کوچک شهری است که دارای موتور بسیار قدرتمندی در محدوده قیمتی خود است و از نظر سطح امکانات و تجهیزات کاملاً راضی کننده می&zwnj;باشد. ممکن است عدم استفاده از گیربکس خودکار و یا سیستم چهارچرخ متحرک باعث گلایه بعضی بشود اما باید توجه داشت که نسبت به قیمت پرداختی و با توجه به شرایط بازار، جک S5 را می&zwnj;توانیم به عنوان گزینه مناسبی برای شاسی&zwnj;بلند دوستانی بدانیم بودجه آن&zwnj;ها 70 تا 80 میلیون تومان است و استفاده شهری از خودروی خود دارند و قصد دارند علاوه بر جثه بزرگ، یک موتور همیشه آماده و قوی را در زیر پای خود داشته باشند.</p>\r\n\r\n<p>در انتها از شرکت کرمان موتور تشکر می&zwnj;کنیم که همکاری لازم برای انجام این تست را فراهم کردند.</p>\r\n\r\n<p>&nbsp;</p>\r\n\r\n<p><strong>نوشته: محسن آل طه</strong></p>\r\n\r\n<p><strong>عکس: کاظم احمدی نیا</strong></p>\r\n\r\n<p>&nbsp;</p>\r\n','تجربه رانندگی, محصولات جک, جک اس5, جک اس 5, شاسی بلند, کرمان موتور, کرمان موتور اس 5, شاسی بلند کرمان موتور, محصولات کرمان موتور, تست رانندگی, تست رانندگی با جک'),(65,3,'تجربه رانندگی با جک اس 5 - خودروبانک','تجربه رانندگی با جک اس 5 - خودروبانک','تجربه رانندگی با جک اس 5 - خودروبانک','<p style=\"text-align: center;\"><em>​</em>در ابتدا عرض میکنیم از تهیه کنندگان این گزارش و این تجربه متفاوت در سایت خودرو بانک تشکر ویژه ای داریم. خدا قوت.</p><p style=\"text-align: center;\"><img title=\"\" src=\"http://www.kermanmotor1732.com/uploads/posts/1419443068_header_31431_img_9318_top.jpg\" alt=\"\"></p><p>احتمالاً نام جک j5 را شنیده اید. خودروی سدانی که با عرضه سطح خوبی از امکانات و گیربکس خودکار توانست لقب \"ارزان ترین خودروی اتوماتیک بازار\" را به خود اختصاص دهد و نام خود را بر سر زبان ها بیاندازد. جک (JAC) خودروساز قدیمی چینی است و از سال 1964 مشغول تولید است. این شرکت بیشتر به تولید کامیون های سبک معروف است و محصولاتش را به بیش از 100 کشور دنیا صادر می کند. در ایران نیز چند وقتی است که چند محصول این شرکت از سوی کرمان موتور، نماینده رسمی JAC در ایران، مانند j5‌ و یا J3 عرضه شده و حال نوبت به شاسی بلند جدیدی رسیده تا با چهره ای دگرگون شده و مدرن و چند برگ برنده به جنگ هموطنی های خود در بازار داخل برود و در این معرکه سخت، جنگ شدیدی را به راه بیندازد. جک S5 نام این سرباز تنومند جدید کرمان موتور است که می خواهد از اواخر سال جاری به این جنگ اعزام شود. در محدوده قیمتی S5، هم اکنون چندین شاسی بلند دیگر در حال رقابتی سنگین هستند و با این حمله جدید از سوی کرمان موتور ممکن است معادلات زیادی در این محدوده به هم بخورد و حتی S5 بتواند به کلی جای بعضی از گزینه های معروف و پرفروش در بازار را بگیرد.</p><p>شاید S5 را در نگاه اول یک شاسی بلند چینی دیگر در سطح باقی رقیبان ببینیم اما با نگاه کلی به طراحی این خودرو، سطح امکانات و تجهیزات بکار رفته، پیشرانه نصب شده و از همه مهم تر قیمت آن، شاید کمی اوضاع متفاوت شود و متوجه شویم که اینبار داستان متفاوتی در راه است و این خودرو بتواند چند لقب جدید بازار را همانند برادر کوچک خود یعنی جک j5، به همراه داشته باشد. در این موارد هم معمولاً گروه خودرو بانک بسیار کم صبر است و لذا سریعاً به جاده مخصوص رفتیم تا از نزدیک با جک S5 آشنا شده و تجربه ای با این تازه وارد چینی داشته باشیم.</p><p>&nbsp;</p>','<p><strong>طراحی</strong></p>\r\n\r\n<p>شاید در گذشته خودروهای چینی از نظر طراحی بسیار ناموزون بوده و می شد به راحتی لیستی از ایرادات را از طراحی و ظاهرشان گرفت. اما چینی ها بسیار خوب راه پیشرفت را پیموده و هم اکنون خودروهایی ساخته اند که اگرچه در بعضی از قسمت ها از خودروسازان بزرگ دنیا الهام گرفته باشند، اما در نهایت محصولی را روانه بازار کرده اند که می تواند به خوبی چشمان خریدار را به سوی خود جلب کند. جک S5 یکی از این نمونه هاست. در نمای کلی با یک شاسی بلند کوچک شهری سر و کار داریم که هماهنگی خوبی بین همه قسمت ها دیده می شود و در قسمت هایی سعی شده تا از طرح سیال گونه بعضی خودروسازان معروف دنیا استفاده شود.</p>\r\n\r\n<p>&nbsp;</p>\r\n\r\n<p style=\"text-align: center;\">[thumb]http://www.kermanmotor1732.com/uploads/posts/1419445374_jac_s5_review_1.jpg[/thumb]</p>\r\n\r\n<p>&nbsp;</p>\r\n\r\n<p>در نمای جلو اولین چیزی که به ذهن می رسد، شباهت S5 با هیوندای ix35 است و شاید حتی بعضی افراد که اهل خودرو نیستند در نگاه اول این دو را اشتباه بگیرند! ورودی هوای بزرگی در پایین سپر با خط های افقی قرار دارد و در بالای آن لوگوی JAC قرار گرفته که توسط دو خط کرومی احاطه شده است. چراغ های جلو کمی کشیده و حجیم هستند و در زیر آن ها دو مه شکن قرار داده شده که در بالای آن ها یک خط کرومی نیز قرار دارد.</p>\r\n\r\n<p>&nbsp;</p>\r\n\r\n<p style=\"text-align: center;\">[thumb]http://www.kermanmotor1732.com/uploads/posts/1419445387_jac_s5_review_2.jpg[/thumb]</p>\r\n\r\n<p>&nbsp;</p>\r\n\r\n<p>در نمای کناری سعی شده تا با استفاده از طراحی خوب برای شیشه ها، هارمونی خوبی با فرم چراغ ها و جلو پنجره بوجود آید. در قسمت پایین شیشه ها یک نوار کرومی قرار دارد که در انتها و با شیب تندی به خط بالایی می رسد.</p>\r\n\r\n<p>همچنین در این زاویه خطی دیده می شود که از ابتدای درب جلو شروع شده و با امتداد از بالای دستگیره درب ها به چراغ عقب ختم می شود.</p>\r\n\r\n<p>&nbsp;</p>\r\n\r\n<p style=\"text-align: center;\">[thumb]http://www.kermanmotor1732.com/uploads/posts/1419445398_jac_s5_review_3.jpg[/thumb]</p>\r\n\r\n<p>&nbsp;</p>\r\n\r\n<p>رینگ های استفاده شده روی S5 از نوع 17 اینچی آلومینیومی 5 پره اسپرت است و می توان از بین پره ها ترمزهای آن را مشاهده کرد که در جلو و عقب دیسکی هستند.</p>\r\n\r\n<p>&nbsp;</p>\r\n\r\n<p style=\"text-align: center;\">[thumb]http://www.kermanmotor1732.com/uploads/posts/1419445406_jac_s5_review_4.jpg[/thumb]</p>\r\n\r\n<p>&nbsp;</p>\r\n\r\n<p>نمای عقب و فرم چراغ ها ابتدا بیننده را به یاد محصولات آئودی می اندازد. یک خط افقی مستقیم از دو چراغ را به یکدیگر متصل کرده است. همچنین کناره های بیرونی دو چراغ نیز خطی قرار دارد که امتداد آن در پایین درب صندوق می گذرد.</p>\r\n\r\n<p>&nbsp;</p>\r\n\r\n<p style=\"text-align: center;\">[thumb]http://www.kermanmotor1732.com/uploads/posts/1419445374_jac_s5_review_5.jpg[/thumb]</p>\r\n\r\n<p>&nbsp;</p>\r\n\r\n<p>در پایین چراغ قرمز ترمز دو خط سفید وجود دارد که در حقیقت چراغ های راهنما هستند و چراغ سفید رنگ دنده عقب در دو طرف پایین سپر قرار دارد. یکی از جذاب ترین موضوع&zwnj;هایی که در نمای عقب جلب توجه می&zwnj;کند، دو خروجی اگزوز است که نمای اسپرت&zwnj;گونه&zwnj;ای را ایجاد کرده و این فرم دوگانه خروجی اگزوز در شاسی&zwnj;بلندهای شهری تا 200 میلیون تومانی با موتورهای 2.5 لیتری مانند هیوندای توسان و یا کیا اسپورتج نیز دیده نمی&zwnj;شود.</p>\r\n\r\n<p>در کل باید به طراحی S5 نمره قبولی را داد و باید گفت که با وجود تمامی الهاماتی که در طراحی این خودرو از بزرگان خودروسازی جهان گرفته شده، ولی در این رده قیمتی نمی&zwnj;توان خودروی شاسی&zwnj;بلند جذابی را در این حد پیدا کرد و جک S5 به خوبی می&zwnj;تواند نظر مشتریان بالقوه خود را معطوف خود کند.</p>\r\n\r\n<p>&nbsp;</p>\r\n\r\n<p><strong>کابین و امکانات</strong></p>\r\n\r\n<p>&nbsp;</p>\r\n\r\n<p>کلید را برداشته و وارد کابین S5 می&zwnj;شویم. ابتدا دسته دنده&zwnj;ای نظرمان را جلب می&zwnj;کند که بر روی آن فرم قرار گیری 6 دنده نشان داده شده است که این موضوع برای یک خودرویی در این بازه قیمتی جالب به نظر می&zwnj;رسد. همچنین قرارگیری دنده عقب این خودرو در بالا سمت چپ دنده است که می&zwnj;توان با کشیدن شاسی زیر دسته دنده به این قسمت رفت و این قرارگیری ما را به یاد اپل کورساهای 94 می&zwnj;اندازد و برای خود متفاوت و جذاب است.</p>\r\n\r\n<p>&nbsp;</p>\r\n\r\n<p style=\"text-align: center;\">[thumb]http://www.kermanmotor1732.com/uploads/posts/1419445347_jac_s5_review_7.jpg[/thumb]</p>\r\n\r\n<p>&nbsp;</p>\r\n\r\n<p>غربیلک فرمان همانند جک j5 اتوماتیک سه پره است و کیلومتر شمار پشت غربیلک ما را به یاد طراحی هیوندای ix35 می&zwnj;اندازد. در سمت راست، کیلومتر شمار قرار دارد که روی آن به صورت دیجیتالی میزان بنزین داخل باک 55 لیتری را نشان می&zwnj;دهد و در سمت چپ، دور شمار موتور قرار دارد که طراحی این قسمت نیز بسیار خوب و همانند هیوندای آزرا است. بین این دو نیز اطلاعاتی نظیر میزان مسافت باقیمانده تا سوخت&zwnj;گیری بعدی و یا میزان مسافت طی شده توسط خودرو نیز نشان داده می&zwnj;شود.</p>\r\n\r\n<p>&nbsp;</p>\r\n\r\n<p style=\"text-align: center;\">[thumb]http://www.kermanmotor1732.com/uploads/posts/1419445422_jac_s5_review_8.jpg[/thumb]</p>\r\n\r\n<p>&nbsp;</p>\r\n\r\n<p>در سمت چپ فرمان و روی کنسول چند کلید قرار دارد که می&zwnj;توان به کمک آن&zwnj;ها آینه&zwnj;های جانبی را تنظیم و یا به صورت برقی جمع کرد. این آینه&zwnj;ها به گرمکن نیز مجهز هستند. همچنین در این قسمت می&zwnj;توان ارتفاع چراغ&zwnj;ها را تنظیم کرد و با دیگر کلید می&zwnj;توان نور پشت صفحه را کم و یا زیاد کرد.&nbsp;</p>\r\n\r\n<p>&nbsp;</p>\r\n\r\n<p style=\"text-align: center;\">[thumb]http://www.kermanmotor1732.com/uploads/posts/1419445376_jac_s5_review_9.jpg[/thumb]</p>\r\n\r\n<p>&nbsp;</p>\r\n\r\n<p>در وسط کنسول میانی یک صفحه نمایش لمسی قرار دارد که می&zwnj;توان از طریق بلوتوث نیز به آن وصل شد و با استفاده از 6 بلندگوی بکار رفته داخل کابین از صدای آن لذت برد. همچنین به کمک کلیدهای کنترلی روی غربیلک می&zwnj;توان سیستم صوتی را تنظیم کرد.</p>\r\n\r\n<p>&nbsp;</p>\r\n\r\n<p style=\"text-align: center;\">[thumb]http://www.kermanmotor1732.com/uploads/posts/1419445435_jac_s5_review_10.jpg[/thumb]</p>\r\n\r\n<p>&nbsp;</p>\r\n\r\n<p>در پایین سیستم صوتی، سیستم خودکار تهویه مطبوع قرار گرفته که اگرچه به صورت دوگانه نیست ولی به صورت برقی کار می&zwnj;کند و استفاده از آن بسیار راحت است.</p>\r\n\r\n<p>&nbsp;</p>\r\n\r\n<p style=\"text-align: center;\">[thumb]http://www.kermanmotor1732.com/uploads/posts/1419445396_jac_s5_review_11.jpg[/thumb]</p>\r\n\r\n<p>&nbsp;</p>\r\n\r\n<p>در پایین کنسول میانی و در بالای خروجی USB و خروجی پاور 12 ولتی، دو کلید قرار دارد که می&zwnj;توان سیستم&zwnj;های پایداری الکترونیکی ESP و کنترل سرعت خودرو در سرپایینی و ایستایی در سربالایی (HDC و HAC) را فعال و غیرفعال کرد. به کمک HAC اگر در سربالایی باشید و پا را از روی کلاچ بردارید، خودرو به عقب نمی&zwnj;رود و فرصت کافی برای نیم&zwnj;کلاچ خواهید داشت. البته به غیر از این سیستم&zwnj;ها روی این چینی تازه&zwnj;وارد سیستم ترمز ضد قفل ABS، سیستم ترمز اضطراری EBA، سیستم توزیع الکترونیکی نیروی ترمز EBD و سیستم کنترل کشش TCS نیز نصب شده است.</p>\r\n\r\n<p>روی صفحه کیلومتر شمار چراغ زرد رنگ TPMS روشن است که مخفف Tire Pressure Monitoring System است و در صورتیکه باد لاستیک&zwnj;ها کم باشد از طریق این چراغ به راننده هشدار داده می&zwnj;شود.</p>\r\n\r\n<p>&nbsp;</p>\r\n\r\n<p style=\"text-align: center;\">[thumb]http://www.kermanmotor1732.com/uploads/posts/1419445376_jac_s5_review_12.jpg[/thumb]</p>\r\n\r\n<p>&nbsp;</p>\r\n\r\n<p>روی سقف یک سانروف دو حالته قرار دارد. روکش صندلی&zwnj;های خودروی ما از نوع پارچه&zwnj;ای بود و از دو رنگ مشکی و نارنجی در آن استفاده شده بود ولی در کاتالوگی که کرمان موتور منتشر کرده گفته شده که قرار است روکش صندلی&zwnj;ها چرمی باشند.</p>\r\n\r\n<p>&nbsp;</p>\r\n\r\n<p style=\"text-align: center;\">[thumb]http://www.kermanmotor1732.com/uploads/posts/1419445443_jac_s5_review_13.jpg[/thumb]</p>\r\n\r\n<p>&nbsp;</p>\r\n\r\n<p>از دیگر امکاناتی که روی این خودرو نصب شده می&zwnj;توانیم به سیستم سنسور نور اشاره کنیم که به کمک آن چراغ&zwnj;ها با توجه به نور محیط به صورت خودکار روشن و خاموش می&zwnj;شود. همچنین زیر درپوش موتور کاور قرار داده شده تا صدای کمتری به داخل نفوذ کند.</p>\r\n\r\n<p>به صندلی&zwnj;های عقب نیز می&zwnj;رویم تا فضای پا را برای این قسمت بررسی کنیم. S5 با فاصله بین دو محور 2645 میلیمتر یعنی کمی بیشتر از هیوندای ix35 فضای بسیار خوبی را برای سرنشینان عقب فراهم کرده و حتی عکاس ما با قد 185 سانتیمتر مشکلی برای نشستن، سوار و یا پیاده شدن نداشت.</p>\r\n\r\n<p>&nbsp;</p>\r\n\r\n<p style=\"text-align: center;\">[thumb]http://www.kermanmotor1732.com/uploads/posts/1419445385_jac_s5_review_14.jpg[/thumb]</p>\r\n\r\n<p>&nbsp;</p>\r\n\r\n<p>&nbsp;</p>\r\n\r\n<p><strong>تجربه رانندگی</strong></p>\r\n\r\n<p>&nbsp;</p>\r\n\r\n<p>قصد داریم خودرو را روشن کنیم و عملکرد آن را بررسی کنیم. در این خودرو برای روشن شدن موتور باید همزمان کلاچ و ترمز را فشار دهید وگرنه پیشرانه استارت نمی&zwnj;خورد و این باعث می&zwnj;شود که هیچ زمان در دنده، خودرو روشن نشود. اولین چیزی که به محض استارت زدن موجب رضایت راننده می&zwnj;شود حرکت عقربه&zwnj;های پشت فرمان با سرعتی آرام تا انتهای محدوده خود همانند خودروهای معروفی مثل رنو کولیوس، کیا اپتیما و یا سوپر اسپرت&zwnj;هایی مثل مرسدس&zwnj;بنز GT است.&nbsp;</p>\r\n\r\n<p>بگذارید در مورد یکی از مهم&zwnj;ترین برگ برنده&zwnj;های جک S5 یعنی پیشرانه آن بگوییم. S5 به یک موتور 4 سیلندر 16 سوپاپه 2 لیتری از نوع DOHC مجهز شده که دقیقاً 1997 سی&zwnj;سی حجم دارد. اما این تمام ماجرا نیست و روی آن یک سیستم پرخوران توربوشارژ نیز نصب شده که به کمک آن می&zwnj;تواند حداکثر 174 اسب&zwnj;بخار در 5200 دور در دقیقه و 235 نیوتن&zwnj;متر در بین 2000 تا 4000 دور در دقیقه را تولید کند. اگر به شاسی&zwnj;بلندهای شهری معروف بازار یعنی هیوندای توسان و یا کیا اسپورتج نگاهی بیندازید، متوجه می&zwnj;شوید که آن&zwnj;ها نیز تقریباً همین میزان اسب&zwnj;بخار و گشتاور را تولید می&zwnj;کنند البته با موتور 2.4 لیتری یعنی به زبانی دیگر با جک S5 همان نیروی تولید شده توسط توسان و اسپورتج زیر پاهای شما آماده خدمت&zwnj;رسانی خواهند بود.</p>\r\n\r\n<p>&nbsp;</p>\r\n\r\n<p style=\"text-align: center;\">[thumb]http://www.kermanmotor1732.com/uploads/posts/1419445431_jac_s5_review_15.jpg[/thumb]</p>\r\n\r\n<p>&nbsp;</p>\r\n\r\n<p>ترمز دستی را پایین کشیده و شروع به حرکت می&zwnj;کنیم. موضوع بسیاری خوبی در شروع حرکت باعث رضایت ما شد، فرمان بسیار نرم جک S5 بود. این نرمی به لطف سیستم چرخ دنده&zwnj;ای با کمک برقی Servometer میسر شده و به راحتی می&zwnj;توانید به کمک آن رینگ&zwnj;های 17 اینچی آن را بچرخانید.</p>\r\n\r\n<p>تمامی نیروی تولید شده توسط موتور این خودرو به چرخ&zwnj;های جلو منتقل می&zwnj;شود و خبری از سیستم چهارچرخ متحرک (4WD) نیست که شاید آفرود سواران را ناامید کند. این سیستم باعث می&zwnj;شود که جک S5 را به عنوان یک شاسی&zwnj;بلند شهری معرفی کنیم و شاید آنچنان برای آفرود مناسب نباشد.</p>\r\n\r\n<p>البته همین که تمامی این نیرو به چرخ&zwnj;های جلو منتقل می&zwnj;شود باعث شده تا بسیار راحت بتوان با فشردن پدال گاز و به کار انداختن توربوشارژر، هرزگردی (تیک آف) کرد که احتمالاً بعضی جوانان را بسیار راضی نگه دارد.</p>\r\n\r\n<p>&nbsp;</p>\r\n\r\n<p style=\"text-align: center;\">[thumb]http://www.kermanmotor1732.com/uploads/posts/1419445390_jac_s5_review_16.jpg[/thumb]</p>\r\n\r\n<p>&nbsp;</p>\r\n\r\n<p>دید خوبی نسبت به اطراف وجود دارد و در عقب سنسور پارک قرار گرفته اما خبری از دوربین عقب برای این خودرو نیست و شاید هنگام پارک کردن باید کمی حواستان را جمع کنید. همانطورکه در عکس&zwnj;ها می&zwnj;بینید، روی مدل آزمایشی ما در جلو سنسور پارک قرار داده شده اما نسخه&zwnj;ای که قرار است در نهایت به دست مشتری برسد فاقد سنسور پارک در جلو است و تنها نمونه آزمایشی دارای این سنسور بود.</p>\r\n\r\n<p>از نظر راحتی و ضربات وارد شده به کابین، جک S5 در وضعیت خوبی قرار دارد. این ضربات از طریق فنرهای حلقوی با ستون مک فرسون در جلو و سیستم تعلیق مستقل در عقب جذب می&zwnj;شوند.</p>\r\n\r\n<p>جک S5 اگرچه تقریباً هم وزن هیوندای توسان است اما با 1680 میلیمتر ارتفاع کمی از آن قدبلندتر است و با 1840 میلیمتر عرض و 4475 طول از آن عریض&zwnj;تر و طویل&zwnj;تر است.</p>\r\n\r\n<p>&nbsp;</p>\r\n\r\n<p style=\"text-align: center;\">[thumb]http://www.kermanmotor1732.com/uploads/posts/1419445430_jac_s5_review_17.jpg[/thumb]</p>\r\n\r\n<p>&nbsp;</p>\r\n\r\n<p>از نظر میزان آلایندگی تولید شده، این خودرو در شرایط خوبی قرار دارد و با سیستم EOBD نصب شده روی آن توانسته استاندارد یورو 5 را بدست بیاورد.</p>\r\n\r\n<p>&nbsp;</p>\r\n\r\n<p><strong>قیمت و نتیجه&zwnj;گیری</strong></p>\r\n\r\n<p>&nbsp;</p>\r\n\r\n<p>به نتیجه&zwnj;گیری و اعلام قیمت S5 می&zwnj;رسیم و قصد داریم دومین برگ برنده S5 را رو کنیم. قیمت مصوب اعلام شده توسط کرمان موتور برای این خودرو 73 میلیون و 900 هزار تومان است و هم&zwnj;اکنون این شرکت مشغول پیش فروش S5 می&zwnj;باشد.</p>\r\n\r\n<p>در کل باید بگوییم که جک S5 یک شاسی&zwnj;بلند کوچک شهری است که دارای موتور بسیار قدرتمندی در محدوده قیمتی خود است و از نظر سطح امکانات و تجهیزات کاملاً راضی کننده می&zwnj;باشد. ممکن است عدم استفاده از گیربکس خودکار و یا سیستم چهارچرخ متحرک باعث گلایه بعضی بشود اما باید توجه داشت که نسبت به قیمت پرداختی و با توجه به شرایط بازار، جک S5 را می&zwnj;توانیم به عنوان گزینه مناسبی برای شاسی&zwnj;بلند دوستانی بدانیم بودجه آن&zwnj;ها 70 تا 80 میلیون تومان است و استفاده شهری از خودروی خود دارند و قصد دارند علاوه بر جثه بزرگ، یک موتور همیشه آماده و قوی را در زیر پای خود داشته باشند.</p>\r\n\r\n<p>در انتها از شرکت کرمان موتور تشکر می&zwnj;کنیم که همکاری لازم برای انجام این تست را فراهم کردند.</p>\r\n\r\n<p>&nbsp;</p>\r\n\r\n<p><strong>نوشته: محسن آل طه</strong></p>\r\n\r\n<p><strong>عکس: کاظم احمدی نیا</strong></p>\r\n\r\n<p>&nbsp;</p>\r\n','تجربه رانندگی, محصولات جک, جک اس5, جک اس 5, شاسی بلند, کرمان موتور, کرمان موتور اس 5, شاسی بلند کرمان موتور, محصولات کرمان موتور, تست رانندگی, تست رانندگی با جک'),(66,1,'لیفان 820 – محصول آینده کرمان موتور','لیفان 820 – محصول آینده کرمان موتور','لیفان 820 – محصول آینده کرمان موتور','<p style=\"text-align: center;\">[thumb=|لیفان 820 - نمایندگی 1732 کرمان موتور]http://www.kermanmotor1732.com/uploads/posts/1421515723_lifan820-1732.ir-4.jpg[/thumb]</p><p>لیفان 820 توسط کرمان موتور با موتور 2.4 لیتری که توان تولید 160 اسب بخار قدرت را دارد عرضه خواهد شد. گیربکس این خودرو از نوع اتوماتیک و 6 سرعته خواهد بود. 820 به تازگی توسط لیفان به نمایش گذاشته شده و خودرویی در رده فول سایزهاست.هنوز از مشخصات و قیمت احتمالی آن نیز سخنی به میان نیامده.</p><p>&nbsp;</p><p style=\"text-align: center;\">[thumb=|لیفان 82 - نمایندگی 1732 کرمان موتور]http://www.kermanmotor1732.com/uploads/posts/1421515664_lifan820-1732.ir-7.jpg[/thumb]</p>','<p><span style=\"word-spacing: 1.10000002384186px;\">لیفان 820 در ایران پس از جک S5 می تواند دومین محصول تحول ساز کرمان خودرو در بازار باشد.چرا که این خودرو در مقام یک سدان سایز متوسط و پر امکانات با پیشرانه 160 اسب بخاری در بازار زیر 100 میلیون تومان رقیبی ندارد و در صورت عرضه با قیمت رقابتی (مانند سایر محصولات کرمان خودرو) می تواند به راحتی فروش بالایی را نصیب این شرکت کند.</span></p>\r\n','لیفان, لیفان820, لیفان 820, محصول جدید کرمان موتور, کرمان موتور, کرمان خودرو, نمایندگی 1732, 1732 کرمان موتور'),(66,3,'لیفان 820 – محصول آینده کرمان موتور','لیفان 820 – محصول آینده کرمان موتور','لیفان 820 – محصول آینده کرمان موتور','<p style=\"text-align: center;\">[thumb=|لیفان 820 - نمایندگی 1732 کرمان موتور]http://www.kermanmotor1732.com/uploads/posts/1421515723_lifan820-1732.ir-4.jpg[/thumb]</p><p>لیفان 820 توسط کرمان موتور با موتور 2.4 لیتری که توان تولید 160 اسب بخار قدرت را دارد عرضه خواهد شد. گیربکس این خودرو از نوع اتوماتیک و 6 سرعته خواهد بود. 820 به تازگی توسط لیفان به نمایش گذاشته شده و خودرویی در رده فول سایزهاست.هنوز از مشخصات و قیمت احتمالی آن نیز سخنی به میان نیامده.</p><p>&nbsp;</p><p style=\"text-align: center;\">[thumb=|لیفان 82 - نمایندگی 1732 کرمان موتور]http://www.kermanmotor1732.com/uploads/posts/1421515664_lifan820-1732.ir-7.jpg[/thumb]</p>','<p><span style=\"word-spacing: 1.10000002384186px;\">لیفان 820 در ایران پس از جک S5 می تواند دومین محصول تحول ساز کرمان خودرو در بازار باشد.چرا که این خودرو در مقام یک سدان سایز متوسط و پر امکانات با پیشرانه 160 اسب بخاری در بازار زیر 100 میلیون تومان رقیبی ندارد و در صورت عرضه با قیمت رقابتی (مانند سایر محصولات کرمان خودرو) می تواند به راحتی فروش بالایی را نصیب این شرکت کند.</span></p>\r\n','لیفان, لیفان820, لیفان 820, محصول جدید کرمان موتور, کرمان موتور, کرمان خودرو, نمایندگی 1732, 1732 کرمان موتور'),(69,1,'S5 تلفیقی از هیوندای و آئودی','S5 تلفیقی از هیوندای و آئودی','S5 تلفیقی از هیوندای و آئودی','<p><strong><em>​</em>عصرخودرو:</strong> دور موتور که به ۳۰۰۰ می‌رسد در صندلی فرو می‌رویم. سرعت همچنان بالا می‌رود اما تنها تا دنده چهار می‌توان با این خودرو تاخت و تاز کرد چرا که فضای مناسب و مسیری طولانی نیاز است تا به حداکثر سرعت s5 برسیم. فرقی نمی‌کند در چه دنده‌ای هستید دور موتور که از ۳۰۰۰ می‌گذرد خودرو روی دیگری از خود را نشان می‌دهد. هنگام معکوس کشیدن حس جالبی دارد. حسی که کمتر در خودروهای تولید داخل با آن برخورد کرده‌ایم. قسمت عقب خودرو نزدیک به زمین شده و خودرو با شتابی باورنکردنی به حرکت ادامه می‌دهد. این یکی از مهم‌ترین خصیصه‌های JAC S5 است.</p><p>&nbsp;</p>','<p>به گزارش پایگاه خبری &laquo;عصرخودرو&raquo;، بازار خودروهای شاسی بلند یا همان suvها در بازار ایران داغ است. به طوری که حتی رنو داستر که یکی از زشت&zwnj;ترین&zwnj;های این کلاس است نیز در بازار ایران خرید و فروش می&zwnj;شود. در گذشته تعریف خودروهای شاسی&zwnj;بلند با این روزها تفاوت&zwnj;های فاحشی داشت. افرادی خودروهای شاسی بلند می&zwnj;خریدند که علاقه زیادی به بیابان&zwnj;گردی و یا عبور از مسیرهای صعب&zwnj;العبور داشتند.</p>\r\n\r\n<p>&nbsp;</p>\r\n\r\n<p>نیسان پاترول، لندروور، پاجرو و خودروهای زیادی را می&zwnj;توان در این زمینه نام برد. اما این روزها بازار ایران عطش بیشتری برای خودروهای شاسی&zwnj;بلند از خود نشان می&zwnj;دهد. نه اشتباه نکنید مردم ایران به یکباره به مسیرهای صعب&zwnj;العبور علاقه&zwnj;مند نشدند و یا اینکه نمی&zwnj;خواهند با این خودروها به شکار یا به بیابان&zwnj;گردی بروند تنها خودروهایی می&zwnj;خواهند که قدی بلند داشته باشد تا در ترافیک&zwnj;های شهری کمی آنطرف&zwnj;تر را هم رصد کنند.</p>\r\n\r\n<p>&nbsp;</p>\r\n\r\n<p><img alt=\"جک اس 5 - 1732 کرمان موتور\" src=\"http://www.kermanmotor1732.com/uploads/posts/2015-03/1425502825_1422255921.jpg\" style=\"display: block; margin-left: auto; margin-right: auto;\" title=\"جک اس 5 - 1732 کرمان موتور\" /></p>\r\n\r\n<p>&nbsp;</p>\r\n\r\n<p>از این&zwnj;رو suvهای جدید زیباتر شده&zwnj;اند و از آن زمختی گذشته در آن&zwnj;ها خبری نیست و البته از امکانات رفاهی زیادی نیز بهره می&zwnj;برند. این در حالی است که کمترین علاقه به عبور از مسیرهای ناهموار را از خود نشان داده و بهتر است بگوییم توانایی آن را نیز ندارند. به هر ترتیب این روزها بخت و اقبال با این خودروهای قد بلند فانتزی بوده و بیشتر از هر کلاس دیگری در بازار موفق&zwnj;اند. برندهای زیادی در این کلاس خودرو به بازار عرضه می&zwnj;کنند اما شاید همگی آن&zwnj;ها قیمت&zwnj;های بالایی دارند و دل قشر کم درآمد جامعه را می&zwnj;سوزانند. در سوی دیگر شرکت&zwnj;های زیادی سعی در به دست آوردن دل این قشر و البته موفقیت در این کلاس دارند از این&zwnj;رو به صرافت تولید خودروهای شاسی&zwnj;بلند چینی افتاده&zwnj;اند.</p>\r\n\r\n<p>&nbsp;</p>\r\n\r\n<p>با ام&zwnj;وی&zwnj;ام x33 شروع شد. حضور خودروهای شاسی&zwnj;بلند چینی در بازار ایران. کرمان موتور اما ادامه راه را پیمود. لیفان x60 نیز دومین خودروی شاسی&zwnj;بلند چینی در بازار ایران و البته اولین محصول کرمان موتور در این کلاس بود. خودرویی که با اقبال زیادی همراه بود. لیفان x60 از آن دسته خودروهای کرمان موتور بود که توانست دل مشتریان را به دست آورد.</p>\r\n\r\n<p>&nbsp;</p>\r\n\r\n<p>این خودرو را می&zwnj;توان موفق&zwnj;ترین محصول لیفان در ایران دانست. حالا کرمان موتور قصد دارد تا خودروی دیگری را رو کند. S5 خودرویی است که با برند JAC وارد بازار ایران می&zwnj;شود. خودرویی که ثبت&zwnj;نام آن آغاز شده و متفاوت با دیگر همکلاسان و البته رقبای خود است. خودرویی شبیه هیوندای توسان که از موتوری پر قدرت و منحصربه&zwnj;فرد سود می&zwnj;برد. موتوری دو لیتری که مجهز به توربو شارژر بوده و قادر به تولید ۱۷۴ اسب&zwnj;بخار قدرت در ۵۲۰۰ دور بر دقیقه است. این خودرو شتاب خوب خود را مدیون ترک بالای موتورش است. ۲۳۵ نیوتن&zwnj;متر در ۲۰۰۰ تا ۴۰۰۰ دور بر دقیقه که آمار خوبی برای این خودروی ۱۵۰۵ کیلوگرمی به حساب می&zwnj;آید. هفته گذشته فرصتی پیش آمد تا خودروی s5 را به چالش بکشیم که در این گزارش به آن پرداخته&zwnj;ایم. چالشی که خواندن آن خالی از لطف نخواهد بود به خصوص اینکه نسل جدید خودروهای چینی را معرفی می&zwnj;کند.</p>\r\n\r\n<p>&nbsp;</p>\r\n\r\n<p class=\"center\"><img alt=\"جک اس 5 - 1732 کرمان موتور\" src=\"http://www.kermanmotor1732.com/uploads/posts/2015-03/1425502842_1422255908.jpg\" style=\"display: block; margin-left: auto; margin-right: auto;\" title=\"جک اس 5 - 1732 کرمان موتور\" /></p>\r\n\r\n<p>&nbsp;</p>\r\n\r\n<p><strong>تلفیقی از هیوندای و آئودی</strong></p>\r\n\r\n<p>&nbsp;</p>\r\n\r\n<p>چینی&zwnj;ها توانسته&zwnj;اند در سال&zwnj;های اخیر خودروهای زیادی را روانه بازار کند. S5 نیز یکی از این خودروهای زیباست. این خودرو در نمای جلو شباهت فراوانی به هیوندای توسان یا همان IX35 دارد. البته چراغ&zwnj;ها و شکل هواگیر کمی تفاوت دارد اما جلو پنجره کاملاً شبیه به توسان است. این شباهت تا جایی است که بیشتر افراد آن را با توسان اشتباه می&zwnj;گیرند به خصوص اینکه ابعاد این خودرو نیز هم اندازه توسان بوده و تنها چند سانتی&zwnj;متر بزرگ&zwnj;تر از توسان است. به طور کلی می&zwnj;توان به ظاهر این خودرو نمره بالایی داد به خصوص اینکه طراحی آن برخلاف دیگر محصولات چینی که در بازار می&zwnj;بینیم به روز بوده و از حالت چینی بودن درآمده است.</p>\r\n\r\n<p>&nbsp;</p>\r\n\r\n<p>درون کابین اما همه چیز شما را به یاد هیوندای توسان می&zwnj;اندازد. درون کابین با دو رنگ قهوه&zwnj;ای روشن و مشکی تزئین شده است که جلوه خاصی به کابین این suv زیبا بخشیده است. با قرار گرفتن پشت فرمان خودرو می&zwnj;بینیم که داشبورد شباهت فراوانی به هیوندای توسان دارد حتی جنس مواد به کار رفته درون کابین هم شبیه به هیوندای است. همه کلیدها به درستی در دسترس راننده قرار داده شده&zwnj;اند و هیچ کجا نشانی از چینی بودن نمی&zwnj;بینیم. رودری&zwnj;ها و زیر آرنجی و همچنین بخش&zwnj;هایی از صندلی&zwnj;ها با رنگ مشکی و قهوه&zwnj;ای روشن پوشیده شده&zwnj;اند و همچنین دستگیره درها، قسمت&zwnj;هایی از فرمان و نواری بر روی داشبورد با رنگ نقره&zwnj;ای تزئین شده&zwnj;اند. کابین این خودرو همانند همتایان کره&zwnj;ای&zwnj;اش طراحی شده و بیشتر هم از شرکت هیوندای الهام گرفته است.</p>\r\n\r\n<p>&nbsp;</p>\r\n\r\n<p class=\"center\"><img alt=\"جک اس 5 - کرمان موتور\" src=\"http://www.kermanmotor1732.com/uploads/posts/2015-03/1425502904_1422255885.jpg\" style=\"display: block; margin-left: auto; margin-right: auto;\" title=\"جک اس 5 - کرمان موتور\" /></p>\r\n\r\n<p>&nbsp;</p>\r\n\r\n<p><strong>تجربه راندن</strong></p>\r\n\r\n<p>&nbsp;</p>\r\n\r\n<p>هنگامی که اقدام به روشن کردن پیشرانه خودرو می&zwnj;کنید می&zwnj;باید پای شما بر روی کلاچ باشد چرا که اگر این&zwnj;طور نباشد پیشرانه روشن نخواهد شد. این روش در خودروهای قدیمی به خصوص در آلمانی&zwnj;ها مرسوم بود و البته این روزها بر روی محصولات چینی آن را مشاهده می&zwnj;کنیم. یکی از مهم&zwnj;ترین دلایل این روش فشار کمتری است که به موتور در هنگام استارت زدن می&zwnj;آید و باعث افزایش عمر موتور می&zwnj;شود پس اگر در مورد خودروی شخصی خودتان نیز این کار را انجام دهید چیزی از دست نداده&zwnj;اید بلکه برای طول عمر موتور نیز مناسب است.</p>\r\n\r\n<p>&nbsp;</p>\r\n\r\n<p>پیشرانه را روشن می&zwnj;کنیم عقربه&zwnj;های دور شمار موتور و سرعت یکبار ۱۸۰ درجه چرخیده و دوباره در جایشان قرار می&zwnj;گیرند. خودرو روشن می&zwnj;شود. موتور آرام کار می&zwnj;کند گیربکس شش سرعته دستی این خودرو را در دنده یک قرار می&zwnj;دهیم. حرکت آغاز می&zwnj;شود دنده را تعویض کرده و به حرکت ادامه می&zwnj;دهیم.هنگامی که پا را بر پدال گاز می&zwnj;فشاریم خودرو با شتابی باورنکردنی به حرکت ادامه می&zwnj;دهد به طوری که در صندلی فرو می&zwnj;رویم به خصوص زمانی که دور موتور عدد ۳۰۰۰ را نشان می&zwnj;دهد عملکرد واقعی موتور پدیدار می&zwnj;شود.</p>\r\n\r\n<p>&nbsp;</p>\r\n\r\n<p>فرمان&zwnj;پذیری خودرو خوب است. با S5 سری به جاده لشگرک تهران زدیم. در عبور از پیچ&zwnj;ها موفق بود چرا که از سیستم&zwnj;های ایمنی و پایداری الکترونیکی زیادی سود می&zwnj;برد که همین امکانات ایمنی این خودرو را در مقابل خودروهای هم ترازش متمایز می&zwnj;سازد.S5 یک شاسی&zwnj;بلند تک دیفرانسیل است که برای مسیرهای صعب&zwnj;العبور مناسب نیست اما سری هم به مسیرهای ناهموار و تپه&zwnj;ها زدیم. شاید خودروهای تک&zwnj;دیفرانسیل دیگری همانند لیفان X60 و ام&zwnj;وی&zwnj;ام X33 نتوانند از پس مسیرهایی که S5 می&zwnj;رود برآیند چرا که قدرت زیاد موتور این خودرو می&zwnj;تواند از برخی مسیرهای گل و ناهموار S5 را نجات دهد. این خودروی زیبا حتی می&zwnj;تواند رقیبی برای اسپورتیج و توسان هم باشد اگرچه دو کره&zwnj;ای در سطح به مراتب بالاتری از S5 قرار دارند.</p>\r\n\r\n<p>&nbsp;</p>\r\n\r\n<p class=\"center\"><img alt=\"جک اس 5 - کرمان موتور\" src=\"http://www.kermanmotor1732.com/uploads/posts/2015-03/1425502917_1422255867.jpg\" style=\"display: block; margin-left: auto; margin-right: auto;\" title=\"جک اس 5 - کرمان موتور\" /></p>\r\n\r\n<p>&nbsp;</p>\r\n\r\n<p>سیستم صوتی S5 شاید نیاز به کمی تقویت داشته باشد و اگر به دنبال صدایی پرطنین هستید باید فکری به حالش کنید این در حالی است که مانیتور ۸ اینچی این قد بلند از عملکرد خوب و سریعی برخوردار است. بر روی فرمان این خودرو که از چرم پوشیده شده است می&zwnj;توان بخش&zwnj;هایی از سیستم صوتی و همچنین تلفن همراه را کنترل کرد.</p>\r\n\r\n<p>در هنگام رانندگی در شب بیشتر از هر چیزی نور زیبای درون کابین چشم شما را می&zwnj;نوازد. تلفیقی از رنگ یخی و آبی کابینی زیبا و البته آرام را به شما هدیه می&zwnj;دهد. JAC نشان&zwnj;دهنده&zwnj;های کیلومترشمار و دور موتور نیز با این رنگ تزئین شده&zwnj;اند بر روی صفحه نمایشگر این خودرو نشان&zwnj;دهنده&zwnj;های دور موتور، سرعت&zwnj;سنج که به صورت آنالوگ طراحی شده&zwnj;اند و نشان&zwnj;دهنده&zwnj;های دمای آب و میزان بنزین که به صورت دیجیتال نمایان شده&zwnj;اند.</p>\r\n\r\n<p>&nbsp;</p>\r\n\r\n<p class=\"center\"><img alt=\"جک اس 5 - کرمان موتور\" src=\"http://www.kermanmotor1732.com/uploads/posts/2015-03/1425502922_1422255845.jpg\" style=\"display: block; margin-left: auto; margin-right: auto;\" title=\"جک اس 5 - کرمان موتور\" /></p>\r\n\r\n<p>&nbsp;</p>\r\n\r\n<p>در میان دو صفحه بزرگ دور موتور و کیلومترشمار مانیتوری کوچک قرار دارد که می&zwnj;توان در آن اطلاعاتی از قبیل میزان مصرف سوخت و مسافت طی شده و اطلاعاتی از این قبیل را مشاهده کرد. این خودرو را کمی بزرگ&zwnj;تر از توسان ساخته&zwnj;اند از این&zwnj;رو جای تعجب ندارد که کابینی جادار را در اختیار داشته باشید. یک خانواده پر جمعیت به خوبی می&zwnj;تواند از این خودرو استفاده کند این در حالی است که فضای بار هم مناسب است و اگر هم نیاز باشد صندلی&zwnj;های ردیف عقب می&zwnj;خوابند و فضای بار بیشتر هم خواهد شد.مصرف سوخت S5 کمی بالاست که البته قدرت موتور می&zwnj;تواند توجیه خوبی برای این زیاده&zwnj;خواهی باشد. به طور کلی می&zwnj;توان S5 را یک انتخاب خوب در میان خودروهای تولید داخل دانست. به خصوص اینکه در خودروهای تولید داخل چنین موتوری یافت نمی&zwnj;شود که بتواند لذت راندن با یک خودروی مجهز به توربو شارژ و با شتاب بالا را نصیبتان کند.</p>\r\n\r\n<p>&nbsp;</p>\r\n\r\n<p class=\"center\"><img alt=\"جک اس 5 - کرمان موتور\" src=\"http://www.kermanmotor1732.com/uploads/posts/2015-03/1425502936_1422255827.jpg\" style=\"display: block; margin-left: auto; margin-right: auto;\" title=\"جک اس 5 - کرمان موتور\" /></p>\r\n\r\n<p>&nbsp;</p>\r\n\r\n<p><strong>امکانات ایمنی و رفاهی</strong></p>\r\n\r\n<p>&nbsp;</p>\r\n\r\n<p>کرمان&zwnj;موتور سعی دارد تا این خودرو را با بالاترین امکانات ایمنی و رفاهی به بازار عرضه کند تا مشتریان در این زمینه نیز راضی باشند. برخی از امکانات ایمنی و رفاهی این خودرو شامل سانروف، کیسه&zwnj;های هوای سرنشینان جلو، پخش فایل&zwnj;های تصویری با فرمت MP5 و سنسور دنده عقب که در محصولات این بخش از بازار کاملاً طبیعی است، از امکانات منحصربه&zwnj;فردی همچون کامپیوتر سفری، سیستم کنترل کشش TCS، سیستم پایداری الکترونیکی ESP، سیستم کنترل سرعت خودرو در سرپایینی HDC، سیستم کنترل ایستایی در سربالایی HAC می&zwnj;شود. یکی از مشخصه&zwnj;های بارز این خودرو برخورداری از استاندارد یورو۵ بوده و در عین حال مجهز به سیستم EOBD است.</p>\r\n\r\n<p>&nbsp;</p>\r\n\r\n<p class=\"center\"><img alt=\"جک اس 5 - کرمان موتور\" src=\"http://www.kermanmotor1732.com/uploads/posts/2015-03/1425502864_1422255797.jpg\" style=\"display: block; margin-left: auto; margin-right: auto;\" title=\"جک اس 5 - کرمان موتور\" /></p>\r\n','جک اس5, جک اس 5, jac, آئودی, محصولات جک, کرمان موتور, خودرو آئودی, خودرو هیوندای, شاسی بلند, جک suv, ام‌وی‌ام x33, نیسان پاترول, پاجرو, لیفان x60, کرمان موتور اس 5, کرمان موتور اس5'),(69,3,'S5 تلفیقی از هیوندای و آئودی','S5 تلفیقی از هیوندای و آئودی','S5 تلفیقی از هیوندای و آئودی','<p><strong><em>​</em>عصرخودرو:</strong> دور موتور که به ۳۰۰۰ می‌رسد در صندلی فرو می‌رویم. سرعت همچنان بالا می‌رود اما تنها تا دنده چهار می‌توان با این خودرو تاخت و تاز کرد چرا که فضای مناسب و مسیری طولانی نیاز است تا به حداکثر سرعت s5 برسیم. فرقی نمی‌کند در چه دنده‌ای هستید دور موتور که از ۳۰۰۰ می‌گذرد خودرو روی دیگری از خود را نشان می‌دهد. هنگام معکوس کشیدن حس جالبی دارد. حسی که کمتر در خودروهای تولید داخل با آن برخورد کرده‌ایم. قسمت عقب خودرو نزدیک به زمین شده و خودرو با شتابی باورنکردنی به حرکت ادامه می‌دهد. این یکی از مهم‌ترین خصیصه‌های JAC S5 است.</p><p>&nbsp;</p>','<p>به گزارش پایگاه خبری &laquo;عصرخودرو&raquo;، بازار خودروهای شاسی بلند یا همان suvها در بازار ایران داغ است. به طوری که حتی رنو داستر که یکی از زشت&zwnj;ترین&zwnj;های این کلاس است نیز در بازار ایران خرید و فروش می&zwnj;شود. در گذشته تعریف خودروهای شاسی&zwnj;بلند با این روزها تفاوت&zwnj;های فاحشی داشت. افرادی خودروهای شاسی بلند می&zwnj;خریدند که علاقه زیادی به بیابان&zwnj;گردی و یا عبور از مسیرهای صعب&zwnj;العبور داشتند.</p>\r\n\r\n<p>&nbsp;</p>\r\n\r\n<p>نیسان پاترول، لندروور، پاجرو و خودروهای زیادی را می&zwnj;توان در این زمینه نام برد. اما این روزها بازار ایران عطش بیشتری برای خودروهای شاسی&zwnj;بلند از خود نشان می&zwnj;دهد. نه اشتباه نکنید مردم ایران به یکباره به مسیرهای صعب&zwnj;العبور علاقه&zwnj;مند نشدند و یا اینکه نمی&zwnj;خواهند با این خودروها به شکار یا به بیابان&zwnj;گردی بروند تنها خودروهایی می&zwnj;خواهند که قدی بلند داشته باشد تا در ترافیک&zwnj;های شهری کمی آنطرف&zwnj;تر را هم رصد کنند.</p>\r\n\r\n<p>&nbsp;</p>\r\n\r\n<p><img alt=\"جک اس 5 - 1732 کرمان موتور\" src=\"http://www.kermanmotor1732.com/uploads/posts/2015-03/1425502825_1422255921.jpg\" style=\"display: block; margin-left: auto; margin-right: auto;\" title=\"جک اس 5 - 1732 کرمان موتور\" /></p>\r\n\r\n<p>&nbsp;</p>\r\n\r\n<p>از این&zwnj;رو suvهای جدید زیباتر شده&zwnj;اند و از آن زمختی گذشته در آن&zwnj;ها خبری نیست و البته از امکانات رفاهی زیادی نیز بهره می&zwnj;برند. این در حالی است که کمترین علاقه به عبور از مسیرهای ناهموار را از خود نشان داده و بهتر است بگوییم توانایی آن را نیز ندارند. به هر ترتیب این روزها بخت و اقبال با این خودروهای قد بلند فانتزی بوده و بیشتر از هر کلاس دیگری در بازار موفق&zwnj;اند. برندهای زیادی در این کلاس خودرو به بازار عرضه می&zwnj;کنند اما شاید همگی آن&zwnj;ها قیمت&zwnj;های بالایی دارند و دل قشر کم درآمد جامعه را می&zwnj;سوزانند. در سوی دیگر شرکت&zwnj;های زیادی سعی در به دست آوردن دل این قشر و البته موفقیت در این کلاس دارند از این&zwnj;رو به صرافت تولید خودروهای شاسی&zwnj;بلند چینی افتاده&zwnj;اند.</p>\r\n\r\n<p>&nbsp;</p>\r\n\r\n<p>با ام&zwnj;وی&zwnj;ام x33 شروع شد. حضور خودروهای شاسی&zwnj;بلند چینی در بازار ایران. کرمان موتور اما ادامه راه را پیمود. لیفان x60 نیز دومین خودروی شاسی&zwnj;بلند چینی در بازار ایران و البته اولین محصول کرمان موتور در این کلاس بود. خودرویی که با اقبال زیادی همراه بود. لیفان x60 از آن دسته خودروهای کرمان موتور بود که توانست دل مشتریان را به دست آورد.</p>\r\n\r\n<p>&nbsp;</p>\r\n\r\n<p>این خودرو را می&zwnj;توان موفق&zwnj;ترین محصول لیفان در ایران دانست. حالا کرمان موتور قصد دارد تا خودروی دیگری را رو کند. S5 خودرویی است که با برند JAC وارد بازار ایران می&zwnj;شود. خودرویی که ثبت&zwnj;نام آن آغاز شده و متفاوت با دیگر همکلاسان و البته رقبای خود است. خودرویی شبیه هیوندای توسان که از موتوری پر قدرت و منحصربه&zwnj;فرد سود می&zwnj;برد. موتوری دو لیتری که مجهز به توربو شارژر بوده و قادر به تولید ۱۷۴ اسب&zwnj;بخار قدرت در ۵۲۰۰ دور بر دقیقه است. این خودرو شتاب خوب خود را مدیون ترک بالای موتورش است. ۲۳۵ نیوتن&zwnj;متر در ۲۰۰۰ تا ۴۰۰۰ دور بر دقیقه که آمار خوبی برای این خودروی ۱۵۰۵ کیلوگرمی به حساب می&zwnj;آید. هفته گذشته فرصتی پیش آمد تا خودروی s5 را به چالش بکشیم که در این گزارش به آن پرداخته&zwnj;ایم. چالشی که خواندن آن خالی از لطف نخواهد بود به خصوص اینکه نسل جدید خودروهای چینی را معرفی می&zwnj;کند.</p>\r\n\r\n<p>&nbsp;</p>\r\n\r\n<p class=\"center\"><img alt=\"جک اس 5 - 1732 کرمان موتور\" src=\"http://www.kermanmotor1732.com/uploads/posts/2015-03/1425502842_1422255908.jpg\" style=\"display: block; margin-left: auto; margin-right: auto;\" title=\"جک اس 5 - 1732 کرمان موتور\" /></p>\r\n\r\n<p>&nbsp;</p>\r\n\r\n<p><strong>تلفیقی از هیوندای و آئودی</strong></p>\r\n\r\n<p>&nbsp;</p>\r\n\r\n<p>چینی&zwnj;ها توانسته&zwnj;اند در سال&zwnj;های اخیر خودروهای زیادی را روانه بازار کند. S5 نیز یکی از این خودروهای زیباست. این خودرو در نمای جلو شباهت فراوانی به هیوندای توسان یا همان IX35 دارد. البته چراغ&zwnj;ها و شکل هواگیر کمی تفاوت دارد اما جلو پنجره کاملاً شبیه به توسان است. این شباهت تا جایی است که بیشتر افراد آن را با توسان اشتباه می&zwnj;گیرند به خصوص اینکه ابعاد این خودرو نیز هم اندازه توسان بوده و تنها چند سانتی&zwnj;متر بزرگ&zwnj;تر از توسان است. به طور کلی می&zwnj;توان به ظاهر این خودرو نمره بالایی داد به خصوص اینکه طراحی آن برخلاف دیگر محصولات چینی که در بازار می&zwnj;بینیم به روز بوده و از حالت چینی بودن درآمده است.</p>\r\n\r\n<p>&nbsp;</p>\r\n\r\n<p>درون کابین اما همه چیز شما را به یاد هیوندای توسان می&zwnj;اندازد. درون کابین با دو رنگ قهوه&zwnj;ای روشن و مشکی تزئین شده است که جلوه خاصی به کابین این suv زیبا بخشیده است. با قرار گرفتن پشت فرمان خودرو می&zwnj;بینیم که داشبورد شباهت فراوانی به هیوندای توسان دارد حتی جنس مواد به کار رفته درون کابین هم شبیه به هیوندای است. همه کلیدها به درستی در دسترس راننده قرار داده شده&zwnj;اند و هیچ کجا نشانی از چینی بودن نمی&zwnj;بینیم. رودری&zwnj;ها و زیر آرنجی و همچنین بخش&zwnj;هایی از صندلی&zwnj;ها با رنگ مشکی و قهوه&zwnj;ای روشن پوشیده شده&zwnj;اند و همچنین دستگیره درها، قسمت&zwnj;هایی از فرمان و نواری بر روی داشبورد با رنگ نقره&zwnj;ای تزئین شده&zwnj;اند. کابین این خودرو همانند همتایان کره&zwnj;ای&zwnj;اش طراحی شده و بیشتر هم از شرکت هیوندای الهام گرفته است.</p>\r\n\r\n<p>&nbsp;</p>\r\n\r\n<p class=\"center\"><img alt=\"جک اس 5 - کرمان موتور\" src=\"http://www.kermanmotor1732.com/uploads/posts/2015-03/1425502904_1422255885.jpg\" style=\"display: block; margin-left: auto; margin-right: auto;\" title=\"جک اس 5 - کرمان موتور\" /></p>\r\n\r\n<p>&nbsp;</p>\r\n\r\n<p><strong>تجربه راندن</strong></p>\r\n\r\n<p>&nbsp;</p>\r\n\r\n<p>هنگامی که اقدام به روشن کردن پیشرانه خودرو می&zwnj;کنید می&zwnj;باید پای شما بر روی کلاچ باشد چرا که اگر این&zwnj;طور نباشد پیشرانه روشن نخواهد شد. این روش در خودروهای قدیمی به خصوص در آلمانی&zwnj;ها مرسوم بود و البته این روزها بر روی محصولات چینی آن را مشاهده می&zwnj;کنیم. یکی از مهم&zwnj;ترین دلایل این روش فشار کمتری است که به موتور در هنگام استارت زدن می&zwnj;آید و باعث افزایش عمر موتور می&zwnj;شود پس اگر در مورد خودروی شخصی خودتان نیز این کار را انجام دهید چیزی از دست نداده&zwnj;اید بلکه برای طول عمر موتور نیز مناسب است.</p>\r\n\r\n<p>&nbsp;</p>\r\n\r\n<p>پیشرانه را روشن می&zwnj;کنیم عقربه&zwnj;های دور شمار موتور و سرعت یکبار ۱۸۰ درجه چرخیده و دوباره در جایشان قرار می&zwnj;گیرند. خودرو روشن می&zwnj;شود. موتور آرام کار می&zwnj;کند گیربکس شش سرعته دستی این خودرو را در دنده یک قرار می&zwnj;دهیم. حرکت آغاز می&zwnj;شود دنده را تعویض کرده و به حرکت ادامه می&zwnj;دهیم.هنگامی که پا را بر پدال گاز می&zwnj;فشاریم خودرو با شتابی باورنکردنی به حرکت ادامه می&zwnj;دهد به طوری که در صندلی فرو می&zwnj;رویم به خصوص زمانی که دور موتور عدد ۳۰۰۰ را نشان می&zwnj;دهد عملکرد واقعی موتور پدیدار می&zwnj;شود.</p>\r\n\r\n<p>&nbsp;</p>\r\n\r\n<p>فرمان&zwnj;پذیری خودرو خوب است. با S5 سری به جاده لشگرک تهران زدیم. در عبور از پیچ&zwnj;ها موفق بود چرا که از سیستم&zwnj;های ایمنی و پایداری الکترونیکی زیادی سود می&zwnj;برد که همین امکانات ایمنی این خودرو را در مقابل خودروهای هم ترازش متمایز می&zwnj;سازد.S5 یک شاسی&zwnj;بلند تک دیفرانسیل است که برای مسیرهای صعب&zwnj;العبور مناسب نیست اما سری هم به مسیرهای ناهموار و تپه&zwnj;ها زدیم. شاید خودروهای تک&zwnj;دیفرانسیل دیگری همانند لیفان X60 و ام&zwnj;وی&zwnj;ام X33 نتوانند از پس مسیرهایی که S5 می&zwnj;رود برآیند چرا که قدرت زیاد موتور این خودرو می&zwnj;تواند از برخی مسیرهای گل و ناهموار S5 را نجات دهد. این خودروی زیبا حتی می&zwnj;تواند رقیبی برای اسپورتیج و توسان هم باشد اگرچه دو کره&zwnj;ای در سطح به مراتب بالاتری از S5 قرار دارند.</p>\r\n\r\n<p>&nbsp;</p>\r\n\r\n<p class=\"center\"><img alt=\"جک اس 5 - کرمان موتور\" src=\"http://www.kermanmotor1732.com/uploads/posts/2015-03/1425502917_1422255867.jpg\" style=\"display: block; margin-left: auto; margin-right: auto;\" title=\"جک اس 5 - کرمان موتور\" /></p>\r\n\r\n<p>&nbsp;</p>\r\n\r\n<p>سیستم صوتی S5 شاید نیاز به کمی تقویت داشته باشد و اگر به دنبال صدایی پرطنین هستید باید فکری به حالش کنید این در حالی است که مانیتور ۸ اینچی این قد بلند از عملکرد خوب و سریعی برخوردار است. بر روی فرمان این خودرو که از چرم پوشیده شده است می&zwnj;توان بخش&zwnj;هایی از سیستم صوتی و همچنین تلفن همراه را کنترل کرد.</p>\r\n\r\n<p>در هنگام رانندگی در شب بیشتر از هر چیزی نور زیبای درون کابین چشم شما را می&zwnj;نوازد. تلفیقی از رنگ یخی و آبی کابینی زیبا و البته آرام را به شما هدیه می&zwnj;دهد. JAC نشان&zwnj;دهنده&zwnj;های کیلومترشمار و دور موتور نیز با این رنگ تزئین شده&zwnj;اند بر روی صفحه نمایشگر این خودرو نشان&zwnj;دهنده&zwnj;های دور موتور، سرعت&zwnj;سنج که به صورت آنالوگ طراحی شده&zwnj;اند و نشان&zwnj;دهنده&zwnj;های دمای آب و میزان بنزین که به صورت دیجیتال نمایان شده&zwnj;اند.</p>\r\n\r\n<p>&nbsp;</p>\r\n\r\n<p class=\"center\"><img alt=\"جک اس 5 - کرمان موتور\" src=\"http://www.kermanmotor1732.com/uploads/posts/2015-03/1425502922_1422255845.jpg\" style=\"display: block; margin-left: auto; margin-right: auto;\" title=\"جک اس 5 - کرمان موتور\" /></p>\r\n\r\n<p>&nbsp;</p>\r\n\r\n<p>در میان دو صفحه بزرگ دور موتور و کیلومترشمار مانیتوری کوچک قرار دارد که می&zwnj;توان در آن اطلاعاتی از قبیل میزان مصرف سوخت و مسافت طی شده و اطلاعاتی از این قبیل را مشاهده کرد. این خودرو را کمی بزرگ&zwnj;تر از توسان ساخته&zwnj;اند از این&zwnj;رو جای تعجب ندارد که کابینی جادار را در اختیار داشته باشید. یک خانواده پر جمعیت به خوبی می&zwnj;تواند از این خودرو استفاده کند این در حالی است که فضای بار هم مناسب است و اگر هم نیاز باشد صندلی&zwnj;های ردیف عقب می&zwnj;خوابند و فضای بار بیشتر هم خواهد شد.مصرف سوخت S5 کمی بالاست که البته قدرت موتور می&zwnj;تواند توجیه خوبی برای این زیاده&zwnj;خواهی باشد. به طور کلی می&zwnj;توان S5 را یک انتخاب خوب در میان خودروهای تولید داخل دانست. به خصوص اینکه در خودروهای تولید داخل چنین موتوری یافت نمی&zwnj;شود که بتواند لذت راندن با یک خودروی مجهز به توربو شارژ و با شتاب بالا را نصیبتان کند.</p>\r\n\r\n<p>&nbsp;</p>\r\n\r\n<p class=\"center\"><img alt=\"جک اس 5 - کرمان موتور\" src=\"http://www.kermanmotor1732.com/uploads/posts/2015-03/1425502936_1422255827.jpg\" style=\"display: block; margin-left: auto; margin-right: auto;\" title=\"جک اس 5 - کرمان موتور\" /></p>\r\n\r\n<p>&nbsp;</p>\r\n\r\n<p><strong>امکانات ایمنی و رفاهی</strong></p>\r\n\r\n<p>&nbsp;</p>\r\n\r\n<p>کرمان&zwnj;موتور سعی دارد تا این خودرو را با بالاترین امکانات ایمنی و رفاهی به بازار عرضه کند تا مشتریان در این زمینه نیز راضی باشند. برخی از امکانات ایمنی و رفاهی این خودرو شامل سانروف، کیسه&zwnj;های هوای سرنشینان جلو، پخش فایل&zwnj;های تصویری با فرمت MP5 و سنسور دنده عقب که در محصولات این بخش از بازار کاملاً طبیعی است، از امکانات منحصربه&zwnj;فردی همچون کامپیوتر سفری، سیستم کنترل کشش TCS، سیستم پایداری الکترونیکی ESP، سیستم کنترل سرعت خودرو در سرپایینی HDC، سیستم کنترل ایستایی در سربالایی HAC می&zwnj;شود. یکی از مشخصه&zwnj;های بارز این خودرو برخورداری از استاندارد یورو۵ بوده و در عین حال مجهز به سیستم EOBD است.</p>\r\n\r\n<p>&nbsp;</p>\r\n\r\n<p class=\"center\"><img alt=\"جک اس 5 - کرمان موتور\" src=\"http://www.kermanmotor1732.com/uploads/posts/2015-03/1425502864_1422255797.jpg\" style=\"display: block; margin-left: auto; margin-right: auto;\" title=\"جک اس 5 - کرمان موتور\" /></p>\r\n','جک اس5, جک اس 5, jac, آئودی, محصولات جک, کرمان موتور, خودرو آئودی, خودرو هیوندای, شاسی بلند, جک suv, ام‌وی‌ام x33, نیسان پاترول, پاجرو, لیفان x60, کرمان موتور اس 5, کرمان موتور اس5'),(70,1,'خط تولید خودرو S5 راه‌اندازی شد','خط تولید خودرو S5 راه‌اندازی شد','خط تولید خودرو S5 راه‌اندازی شد','<p style=\"text-align: center;\">[thumb=|راه اندازی خط تولید جک اس 5]http://www.kermanmotor1732.com/uploads/posts/2015-02/1423574434_10637.jpg[/thumb]</p>','<p style=\"font-size: 13px; margin-top: 1.5em; margin-bottom: 1.5em; line-height: 23.3999996185303px; text-align: right; word-spacing: 0px;\">همزمان با برگزاری گردهمایی مدیران و کارکنان شرکت کرمان موتور به مناسبت دهه مبارک فجر، خط تولید خودرو جدید اس5 این شرکت در شهرستان بم راه اندازی شد.</p>\r\n\r\n<p style=\"font-size: 13px; margin-top: 1.5em; margin-bottom: 1.5em; line-height: 23.3999996185303px; text-align: right; word-spacing: 0px;\">&nbsp;</p>\r\n\r\n<p style=\"font-size: 13px; margin-top: 1.5em; margin-bottom: 1.5em; line-height: 23.3999996185303px; text-align: right; word-spacing: 0px;\">به گزارش گروه کرمان موتور 1732، <strong>سید محمدرضا میرعلینقی</strong>، مدیرعامل شرکت کرمان موتور در این مراسم با اشاره به وضعیت رقابتی بازار در سال آینده، افزود: دیدگاه این مجموعه در بخش توسعه بازار با اولویت توجه به نیازهای مشتریان خواهد بود و با این رویکرد تلاش خواهیم کرد تا سهم بیشتری از بازار داخلی را به دست آوریم.</p>\r\n\r\n<p style=\"font-size: 13px; margin-top: 1.5em; margin-bottom: 1.5em; line-height: 23.3999996185303px; text-align: right; word-spacing: 0px;\">&nbsp;</p>\r\n\r\n<p style=\"font-size: 13px; margin-top: 1.5em; margin-bottom: 1.5em; line-height: 23.3999996185303px; text-align: right; word-spacing: 0px;\">وی گفت: کرمان موتور در چشم انداز برنامه های خود توسعه محصول را با تمرکز بر ارتقای سطح کیفی تولیدات دنبال خواهد کرد و در همین زمینه طی سال جاری بسترهای مناسبی در راستای تحقق اهداف پیش رو فراهم شده است.</p>\r\n\r\n<p style=\"font-size: 13px; margin-top: 1.5em; margin-bottom: 1.5em; line-height: 23.3999996185303px; text-align: right; word-spacing: 0px;\">&nbsp;</p>\r\n\r\n<p style=\"font-size: 13px; margin-top: 1.5em; margin-bottom: 1.5em; line-height: 23.3999996185303px; text-align: right; word-spacing: 0px;\">وی با بیان اینکه با توسعه امکانات و ارتقای شبکه نمایندگی ها خدمات مطلوب و ارزنده تری را به مشتریان خود ارائه و جایگاه این مجموعه در بازار ایران را بهبود خواهیم بخشید، افزود: امسال بسترهای مناسبی برای توسعه بازار فراهم گردید که نتایج آن در سال آینده با عرضه محصولات جدید همچون لیفان 720، لیفان 820، ایکس 50 و جک اس3 در دستور کار این مجموعه قرار گرفته است.</p>\r\n\r\n<p style=\"font-size: 13px; margin-top: 1.5em; margin-bottom: 1.5em; line-height: 23.3999996185303px; text-align: right; word-spacing: 0px;\">&nbsp;</p>\r\n\r\n<p style=\"font-size: 13px; margin-top: 1.5em; margin-bottom: 1.5em; line-height: 23.3999996185303px; text-align: right; word-spacing: 0px;\">میرعلینقی با بیان اینکه در راستای رسیدن به این هدف برنامه های گسترده ای در دستور کار قرار گرفته است، افزود: با پیاده&zwnj;سازی برنامه توسعه کارخانه، افزایش بهره وری و افزودن تولید دستیابی به این هدف امکان پذیر خواهد بود.</p>\r\n\r\n<p style=\"font-size: 13px; margin-top: 1.5em; margin-bottom: 1.5em; line-height: 23.3999996185303px; text-align: right; word-spacing: 0px;\">&nbsp;</p>\r\n\r\n<p style=\"font-size: 13px; margin-top: 1.5em; margin-bottom: 1.5em; line-height: 23.3999996185303px; text-align: right; word-spacing: 0px;\">مدیرعامل شرکت کرمان موتور افزود: توسعه سبد محصول شرکت کرمان موتور با ارزیابی دقیق بازار و بررسی سلیقه و خواست مشتریان دنبال خواهد شد و در عین حال تلاش خواهیم کرد تا با حفظ مزیت رقابتی در حوزه قیمت محصولات و همچنین ارائه تسهیلات متنوع خرید به این اهداف دست یابیم.</p>\r\n','کرمان موتور, جک اس 5, محصولات جک, خط تولید جک, جک اس5'),(70,3,'خط تولید خودرو S5 راه‌اندازی شد','خط تولید خودرو S5 راه‌اندازی شد','خط تولید خودرو S5 راه‌اندازی شد','<p style=\"text-align: center;\">[thumb=|راه اندازی خط تولید جک اس 5]http://www.kermanmotor1732.com/uploads/posts/2015-02/1423574434_10637.jpg[/thumb]</p>','<p style=\"font-size: 13px; margin-top: 1.5em; margin-bottom: 1.5em; line-height: 23.3999996185303px; text-align: right; word-spacing: 0px;\">همزمان با برگزاری گردهمایی مدیران و کارکنان شرکت کرمان موتور به مناسبت دهه مبارک فجر، خط تولید خودرو جدید اس5 این شرکت در شهرستان بم راه اندازی شد.</p>\r\n\r\n<p style=\"font-size: 13px; margin-top: 1.5em; margin-bottom: 1.5em; line-height: 23.3999996185303px; text-align: right; word-spacing: 0px;\">&nbsp;</p>\r\n\r\n<p style=\"font-size: 13px; margin-top: 1.5em; margin-bottom: 1.5em; line-height: 23.3999996185303px; text-align: right; word-spacing: 0px;\">به گزارش گروه کرمان موتور 1732، <strong>سید محمدرضا میرعلینقی</strong>، مدیرعامل شرکت کرمان موتور در این مراسم با اشاره به وضعیت رقابتی بازار در سال آینده، افزود: دیدگاه این مجموعه در بخش توسعه بازار با اولویت توجه به نیازهای مشتریان خواهد بود و با این رویکرد تلاش خواهیم کرد تا سهم بیشتری از بازار داخلی را به دست آوریم.</p>\r\n\r\n<p style=\"font-size: 13px; margin-top: 1.5em; margin-bottom: 1.5em; line-height: 23.3999996185303px; text-align: right; word-spacing: 0px;\">&nbsp;</p>\r\n\r\n<p style=\"font-size: 13px; margin-top: 1.5em; margin-bottom: 1.5em; line-height: 23.3999996185303px; text-align: right; word-spacing: 0px;\">وی گفت: کرمان موتور در چشم انداز برنامه های خود توسعه محصول را با تمرکز بر ارتقای سطح کیفی تولیدات دنبال خواهد کرد و در همین زمینه طی سال جاری بسترهای مناسبی در راستای تحقق اهداف پیش رو فراهم شده است.</p>\r\n\r\n<p style=\"font-size: 13px; margin-top: 1.5em; margin-bottom: 1.5em; line-height: 23.3999996185303px; text-align: right; word-spacing: 0px;\">&nbsp;</p>\r\n\r\n<p style=\"font-size: 13px; margin-top: 1.5em; margin-bottom: 1.5em; line-height: 23.3999996185303px; text-align: right; word-spacing: 0px;\">وی با بیان اینکه با توسعه امکانات و ارتقای شبکه نمایندگی ها خدمات مطلوب و ارزنده تری را به مشتریان خود ارائه و جایگاه این مجموعه در بازار ایران را بهبود خواهیم بخشید، افزود: امسال بسترهای مناسبی برای توسعه بازار فراهم گردید که نتایج آن در سال آینده با عرضه محصولات جدید همچون لیفان 720، لیفان 820، ایکس 50 و جک اس3 در دستور کار این مجموعه قرار گرفته است.</p>\r\n\r\n<p style=\"font-size: 13px; margin-top: 1.5em; margin-bottom: 1.5em; line-height: 23.3999996185303px; text-align: right; word-spacing: 0px;\">&nbsp;</p>\r\n\r\n<p style=\"font-size: 13px; margin-top: 1.5em; margin-bottom: 1.5em; line-height: 23.3999996185303px; text-align: right; word-spacing: 0px;\">میرعلینقی با بیان اینکه در راستای رسیدن به این هدف برنامه های گسترده ای در دستور کار قرار گرفته است، افزود: با پیاده&zwnj;سازی برنامه توسعه کارخانه، افزایش بهره وری و افزودن تولید دستیابی به این هدف امکان پذیر خواهد بود.</p>\r\n\r\n<p style=\"font-size: 13px; margin-top: 1.5em; margin-bottom: 1.5em; line-height: 23.3999996185303px; text-align: right; word-spacing: 0px;\">&nbsp;</p>\r\n\r\n<p style=\"font-size: 13px; margin-top: 1.5em; margin-bottom: 1.5em; line-height: 23.3999996185303px; text-align: right; word-spacing: 0px;\">مدیرعامل شرکت کرمان موتور افزود: توسعه سبد محصول شرکت کرمان موتور با ارزیابی دقیق بازار و بررسی سلیقه و خواست مشتریان دنبال خواهد شد و در عین حال تلاش خواهیم کرد تا با حفظ مزیت رقابتی در حوزه قیمت محصولات و همچنین ارائه تسهیلات متنوع خرید به این اهداف دست یابیم.</p>\r\n','کرمان موتور, جک اس 5, محصولات جک, خط تولید جک, جک اس5'),(73,1,'تصاویر آپشن های جدید جک جی 5','تصاویر آپشن های جدید جک جی 5','تصاویر آپشن های جدید جک جی 5','<p style=\"text-align: center;\">[thumb=|آپشن جدید خودروی جک j5 - نمایندگی 1732 کرمان موتور]http://www.kermanmotor1732.com/uploads/posts/2015-02/1423940711_25.jpg[/thumb]</p><p>&nbsp;</p><p>تصاویر نمونه آپشن های جدید گروه صنعتی کرمان موتور مرتبط با خودروی جک j5 ارائه شده در نمایشگاه خودروی اصفهان 23 بهمن 1393 لغایت 30 بهمن 1393</p>','<p>این نمایشگاه از 23 بهمن ماه بمدت 7 روز در محل دائمی نمایشگاه اصفهان برگزار خواهد شد.</p>\r\n\r\n<p>&nbsp;</p>\r\n\r\n<p>این خودرو با بیش از 30 اپشن تمامی لوازم جانبی واپشنهای موجود را دارا میباشد...</p>\r\n\r\n<p>&nbsp;</p>\r\n\r\n<p><strong>اسامی آپشن های جدید j5 کرمان موتور:</strong></p>\r\n\r\n<p>&nbsp;</p>\r\n\r\n<p><br />\r\n1- پخش DVD و نویگیشن</p>\r\n\r\n<p>2- دوربین دنده عقب</p>\r\n\r\n<p>3- شیشه دودی</p>\r\n\r\n<p>4- کفپوش کامل</p>\r\n\r\n<p>5- دزدگیر ساده</p>\r\n\r\n<p>6- دزدگیر تصویری</p>\r\n\r\n<p>7- پاور ویندوز</p>\r\n\r\n<p>8- پاور سانروف</p>\r\n\r\n<p>9- کروز کنترل</p>\r\n\r\n<p>10 - گیرنده دیجیتال</p>\r\n\r\n<p>11- برچسب پارکابی آرم دار</p>\r\n\r\n<p>12- برچسب پارکابی ساده</p>\r\n\r\n<p>13- دی لایت (چراغ روز)</p>\r\n\r\n<p>14- کفی صندوق</p>\r\n\r\n<p>15- مانیتور پشت سری</p>\r\n\r\n<p>16- روکش صندلی</p>\r\n\r\n<p>17- کابل تبدیل USB</p>\r\n\r\n<p>18- &nbsp;زه استیل دور گلگیر</p>\r\n\r\n<p>19- سینی زیر موتور</p>\r\n\r\n<p>20- کفی زیرپایی</p>\r\n','کرمان موتور جی 5, کرمان موتور جی5, جک جی5, جک جی 5, جی5, جی 5, جی 5 اتوماتیک, جک اتومات, جی 5 اتومات, جی5 اتومات, جک اتومات, جک جی, کرمان موتور, کرمان خودرو, نمایشگاه خودرو اصفهان, نمایشگاه اصفهان\r\n'),(73,3,'تصاویر آپشن های جدید جک جی 5','تصاویر آپشن های جدید جک جی 5','تصاویر آپشن های جدید جک جی 5','<p style=\"text-align: center;\">[thumb=|آپشن جدید خودروی جک j5 - نمایندگی 1732 کرمان موتور]http://www.kermanmotor1732.com/uploads/posts/2015-02/1423940711_25.jpg[/thumb]</p><p>&nbsp;</p><p>تصاویر نمونه آپشن های جدید گروه صنعتی کرمان موتور مرتبط با خودروی جک j5 ارائه شده در نمایشگاه خودروی اصفهان 23 بهمن 1393 لغایت 30 بهمن 1393</p>','<p>این نمایشگاه از 23 بهمن ماه بمدت 7 روز در محل دائمی نمایشگاه اصفهان برگزار خواهد شد.</p>\r\n\r\n<p>&nbsp;</p>\r\n\r\n<p>این خودرو با بیش از 30 اپشن تمامی لوازم جانبی واپشنهای موجود را دارا میباشد...</p>\r\n\r\n<p>&nbsp;</p>\r\n\r\n<p><strong>اسامی آپشن های جدید j5 کرمان موتور:</strong></p>\r\n\r\n<p>&nbsp;</p>\r\n\r\n<p><br />\r\n1- پخش DVD و نویگیشن</p>\r\n\r\n<p>2- دوربین دنده عقب</p>\r\n\r\n<p>3- شیشه دودی</p>\r\n\r\n<p>4- کفپوش کامل</p>\r\n\r\n<p>5- دزدگیر ساده</p>\r\n\r\n<p>6- دزدگیر تصویری</p>\r\n\r\n<p>7- پاور ویندوز</p>\r\n\r\n<p>8- پاور سانروف</p>\r\n\r\n<p>9- کروز کنترل</p>\r\n\r\n<p>10 - گیرنده دیجیتال</p>\r\n\r\n<p>11- برچسب پارکابی آرم دار</p>\r\n\r\n<p>12- برچسب پارکابی ساده</p>\r\n\r\n<p>13- دی لایت (چراغ روز)</p>\r\n\r\n<p>14- کفی صندوق</p>\r\n\r\n<p>15- مانیتور پشت سری</p>\r\n\r\n<p>16- روکش صندلی</p>\r\n\r\n<p>17- کابل تبدیل USB</p>\r\n\r\n<p>18- &nbsp;زه استیل دور گلگیر</p>\r\n\r\n<p>19- سینی زیر موتور</p>\r\n\r\n<p>20- کفی زیرپایی</p>\r\n','کرمان موتور جی 5, کرمان موتور جی5, جک جی5, جک جی 5, جی5, جی 5, جی 5 اتوماتیک, جک اتومات, جی 5 اتومات, جی5 اتومات, جک اتومات, جک جی, کرمان موتور, کرمان خودرو, نمایشگاه خودرو اصفهان, نمایشگاه اصفهان'),(75,1,'تجربه سفر با جی۵ اتوماتیک','تجربه سفر با جی۵ اتوماتیک','تجربه سفر با جی۵ اتوماتیک','<p>سلام Mohsen_Heydari هستم با اولین تجربه سفر با j5 اتوماتیک در خدمت دوستان عزیز خواهم بود.</p><p>&nbsp;</p><p style=\"text-align: center;\">[thumb=|جک j5 اتوماتیک - کرمان موتور 1732]http://www.kermanmotor1732.com/uploads/posts/2015-03/1427316721_d3d14590f7c39ecbb792e45179082d4337148916.jpg[/thumb]</p><p>&nbsp;</p><div style=\"word-spacing: 1.10000002384186px; text-align: center;\">عکس جی5 در کوههای الله اکبر (آب گرم درگز)</div><div style=\"word-spacing: 1.10000002384186px; text-align: center;\"></div><p>&nbsp;</p><p style=\"word-spacing: 1.10000002384186px;\">&nbsp;</p><p>&nbsp;</p><p>امروز اولین تجربه سفرم با جی5 اتوماتیک انجام دادم تا الان فقط 1000 کیلومتر داخل شهر رانندگی کردم.</p><p>مسیری که طی کردم از مشهد-قوچان-درگز(نزدیک مرز ایران با ترکمنستان) قبلا این مسیر را بارها با 405 طی کردم و با همین ماشین هم مقایسه می کنم.&nbsp;</p><p>در مشهد خیلی دنبال بنزین یورو4 گشتم متاسفانه پیدا نکردم و نتیجتا باک را با بنزین سوپر پر کردم.</p><p>مسیر مشهد به قوچان که بزرگراه و کفی است&nbsp;</p><p><span style=\"color: #339966;\">(من تخلف رانندگی را تجاوز به حقوق دیگران می دانم و انجام نمی دهم)</span></p><p>بخاطر همین از 110 تا بیشتر نرفتم، عملکرد این ماشین در بزرگراه خیلی عالی بود براحتی با کوچکترین اشاره ای معکوس می کشید و شتاب می گرفت و هوا کمی گرم و دم کرده بود و بخش زیادی از مسیر را با کولر طی کردم کولر تاثیری در قدرت موتور نداشت ولی هنوز هوا آنقدر گرم نیست که بتوان سیستم تهویه را نقد کرد.&nbsp;</p>','<p>&nbsp;</p>\r\n\r\n<div>\r\n<div>در مقایسه با 405 ماشین قبلی من در کفی با کولر شتاب بهتر، کم صداتر، حس اطمینان و اعتماد بهتر و عملکرد ترمز هم خیلی عالی بود. و راحتی سفر اصلا قابل قیاس با 405 نیست.&nbsp;</div>\r\n\r\n<div>برخی قسمتها هم که آسفالت خرابی داشت بدلیل کم صدایی، صدای لاستیک مشهود بود وگرنه صدای لاستیک 405 هم از این بیشتره ولی غارغار موتور نمی زاره صدای لاستیک آزار دهنده شود.&nbsp;</div>\r\n\r\n<div>در طول مسیر صدای ویززززز خیلی آزار دهنده بود که با توجه به مطالب قبلی دوستان، ابتدا فکر کردم از کمربند است تا اینکه متوجه شدم از عینک داخل جا عینکی بود با برداشتن عینک از جا عینکی صدا کامل برطرف شد. من تاکنون هیچ صدای اضافه ای داخل اتاق نداشتم.</div>\r\n\r\n<div>جهت بررسی میزان نفوذ صدای داخل اتاق قصد داشتم از نرم افزار موبایل استفاده کنم در سرعت 100 بررسی کردم نرم افزار موبایل 59 دسی بل نشان داد که بنظرم خطا داره چون باید حدود 64 دسیبل باشد</div>\r\n\r\n<div>ولی در هر صورت ماشین کم صدایی در رنج خودش است.&nbsp;</div>\r\n\r\n<div>در نتیجه عملکرد این ماشین در بزرگراه خیلی خوب و عالی بود.</div>\r\n\r\n<div>&nbsp;</div>\r\n\r\n<div>ولی مهمترین بخش سفر مربوط به جاده قوچان به درگز است که یک جاده کوهستانی با شیبهای تند و ترانزیت است وتعداد زیادی تریلی در حال رفت آمد به ترکمنستان هستند. جاده حدود 140 کیلومتر است و بسیار زیبا و در این فصل مخمل سبزی روی کوهها کشیده شده که آن را زیباتر کرده است، جاده متاسفانه و خوشبختانه از میان منطقه حفاظت شده تندوره عبور می کند و گاهی می توان حیوانات زیبایی هم مشاهده کرد. بالاترین ارتفاع جاده 2600 متر است و پس از عبور از کوهها به منطقه ای می رسید که عمدتا شالیزارهای برنج است و مناظر زیبایی دارد که البته بدلیل باران تندی که در این مسیر بود اصلا نتوانستم عکس بگیرم. 60 کیلومتر آن گردنه های خیلی تندی دارد که تریلی های ترانزیت گاهی حتی با سرعت 10 کیلومتر طی می کنند. من حدود چند کیلومتر را پشت 3تریلی ترکیه که با سرعت 10 حرکت می کردند طی کردم بدلیل پیچ در پیچ بودن و شیب زیاد جاده امکان سبقت نبود که جهت کاهش استهلاک از تیپ ترونیک استفاده کردم.</div>\r\n\r\n<div>وقتی وارد این جاده شدیم باران بسیار شدیدی شروع به بارش کرد. در طول مسیر خیلی کم از تیپ ترونیک استفاده کردم بنظر من عملکرد اتو در سربالایی های متوسط، خیلی عالی بود و اصلا نیازی به تیپ ترونیک احساس نمی شود بغییر از مواردی که یک ماشین با سرعت کم در سربالایی طولانی درجلوی شما قرار می گرفت و حرکت با اتو مهارت بیشتری نیاز داشت و سرازیری جهت ترمز موتور من از تیپ ترونیک استفاده نکردم.</div>\r\n\r\n<div>چیزی که برای من جالب بود هندلینگ بسیار عالی این ماشین بود. یک پیچ 360 درجه دارد که من با 405 با 40 کیلومتر با ترس عبور می کردم با این ماشین براحتی در باران شدید، بدون هیچ حس ترس با سرعت 70 عبور کردم. لذت سواری با این ماشین در مسیرهای این چنینی صد چندان است.</div>\r\n\r\n<div>به لطف خشک بودن تعلیق ماشین حرکت گهواره ای کمی دارد من معمولا پس از پایان این جاده با 405 که نرمتر است و حرکت گهواره ای بیشتری دارد حس منگی، سردرد و گرفتگی گوش داشتم که با جکی با اینکه میانگین سرعت بالاتری داشتم اصلا دچار چنین حالتی نشدم اگر این ماشین مانند ماشین های گران قیمت نرمی ، هندلینگ و عدم حرکت گهواره ای را با هم می داشت خیلی عالی بود(این طعنه به منتقدین این ماشین بود).</div>\r\n\r\n<div>&nbsp;</div>\r\n\r\n<div>می رسیم به چالشی ترین بحث این ماشین آن هم کشش در سربالایی:</div>\r\n\r\n<div>قبلا تحلیل از موتور این ماشین و مقایسه آن با کرولا نوشتم.</div>\r\n\r\n<div>ولی بطور خلاصه:</div>\r\n\r\n<div>این موتور مانند همه موتورهای جدید دارای دو قله گشتاور است یکی در 2500 و دیگری در 5000</div>\r\n\r\n<div>و در حدود 3000 تا 3500 افت گشتاور را دارد که من اسم این نقطه را تله گشتاور می نامم.</div>\r\n\r\n<div>ماکزیمم گشتاور در دور بالا برای رانندگان حرفه ای یک مزیت است چون در گشتاور بالا موتور قدرت بالایی هم دارد. دقیقا بخاطر همین ویژگی شتاب صفر تا 100 جی5 اتوماتیک نسبت به همکلاسان خوب است.</div>\r\n\r\n<div>و در سربالایی تند اگر شما در دور موتور 5000 باشید شتاب قابل قبولی دارد.</div>\r\n\r\n<div>رانندگان ایرانی هم عادت به رانندگی با دور 5000 ندارند و انتظار دارند در 3500 گشتاور خوبی از ماشین ببینند.</div>\r\n\r\n<div>حالا شما به یک سربالایی تند می رسید اگر از صفر شروع کنید دور موتور به براحتی به 5000 هزار رسیده و با شتاب خوبی سربالایی را بالا می روید.&nbsp;</div>\r\n\r\n<div>ولی اگر با سرعت 60 یا 70 وسط سربالایی تند در تله گشتاور گیر کنید اولا بدلیل 4 دنده بودن و فاصله ضرایب دنده امکان معکوس را ندارید بنابراین با شتابی افتضاح روبرومی شوید و که حتی پراید هم ممکنه از شما جلو بزند البته این رانندگی شماست که این موتور حرفه ای را در این وضعیت قرار داده.</div>\r\n\r\n<div>حالا چرا سایر ماشینهای هم کلاس با این وضعیت روبرو نمی شوند بعنوان مثال هیوندای النترا که ماکزیمم گشتاور آن در دور 4800 است بدلیل 6 دنده بودن در تله گشتاور گیر نمی افتد.</div>\r\n\r\n<div>تویوتا کرولا هم هرچند 4 دنده دارد ولی چون ماکزیمم گشتاور در 4000 بدست می آید خیلی زود از تله بیرون می آید.</div>\r\n\r\n<div>راهکار جهت شتاب خوب در سربالایی تند:</div>\r\n\r\n<div>راه کار اول : اگر شما با سراشیبی تندی روبرو می شوید قبل از سربالایی دور موتور را تا 4000 بالا ببرید و از شتاب این موتور خوش ساخت لذت ببرید.</div>\r\n\r\n<div>راه کار دوم : همیشه نمی توان شرایط را پیش بینی کرد اگر وسط یک سربالایی در تله گشتاور گیر افتادید مسلما نمی توانید با افزایش دورموتور از تله بیرون بیایید هر چقدر هم گاز بدهید ماشین با شتاب افتضاحی راه می رود. در این وضعیت گاز را شل کنید تا سرعت کمتر شده و دور موتور نیز از تله خارج گردد سپس با یک معکوس به موقع از تله گشتاور پرش کنید و دور موتور را به 4000 برسانید و با شتاب قابل قبولی سربالایی را طی کنید. (امیدوارم مفید باشد)</div>\r\n\r\n<div>و به هر شکل دیگری که ممکنه خودتان را از تله گشتاور نجات دهید.</div>\r\n\r\n<div>البته این ضعف موتور نیست بلکه موتور بسیار عالی طراحی شده بلکه این یکی از رفتارهای ذاتی گیربکس 4 دنده اتو است که از این ماشین با این قیمت انتظار گیربکس 6 دنده را نداریم و در کنار همه مزایای گیربکس اتوماتیک این مورد که با کمی مهارت قابل حل است کم اهمیت است.&nbsp;</div>\r\n\r\n<div>من اولین باری که در تله گشتاور گیر کردم داشتم از تعجب شاخ در می اوردم انگار پشت تریلی با 50 تن بار نشستید هر چقدر گاز می دادم ماشین شتاب نمی گرفت انگار در روی 70 گیرکرده بود. ولی با راهکار بالا واقعا در سربالایی کمتر ماشینی زیر 2000 حریف شما می شود. من حتی در سربالایی تند براحتی سبقت می گرفتم. ولی باید قبل از سبقت موارد بالا را رعایت کنید.</div>\r\n\r\n<div>رانندگی با این ماشین خیلی قلق داره وقلق های این ماشین متفاوت از ماشینهای مرسوم ایران است و عادات رانندگی ایرانی(پژویی) برخلاف قلق های این ماشین است ولی اگر قلقش دستتون بیاد فوق العاده عمل می کند. بخاطر همینه که هیچ ماشینی به اندازه این ماشین نظرات متناقض وجود نداره.</div>\r\n\r\n<div>اونهایی که قلق ماشین دستشون اومده آن را فوق العاده و بالاتر از قیمت خودش می دانند و عده ای هم نظرات منفی شدید در مورد آن دارند.</div>\r\n\r\n<div>با مطالبی که بالا ذکر کردم براحتی تمام با سربلندی از پس گردنه ها برآمد و هیچ مشکلی در کشش سربالایی نداشتم.</div>\r\n\r\n<div>در پایان سفر هم خستگی و کوفتگی خیلی کمتری نسبت به 405 داشتم با اینکه صندلی ها از 405 سفت تر هستند ولی احساس کوفتگی خیلی خیلی کمتر بود و یک سفر راحت را برای من داشت. حتی میزبان ما هم متوجه سرحال بودن ما شد،&nbsp;</div>\r\n\r\n<div>عیب خشکی تعلیق جی5 در کنار ویژگیهای مثبتش قابل چشمپوشی است.</div>\r\n\r\n<div>تجربه مصرف در این جاده:</div>\r\n\r\n<div>کل مسیر 280 کیلومتر &ndash; روی آمپر بنزین یک چهارم مصرف شد و با پر کردن مجدد باک 19 لیتر مصرف کرده بود که ماشین صدی 6.7 مصرف کرده بود که این مصرف برای این مسیر فوق العاده بود(من نیمی از مسیر را در بزرگراه با کولر طی کردم و بخشی از مسیر هم که کوهستانی بود و تریلی های ترانزیت هم یکی از معضلات این جاده هستند که معمولا بخش زیادی از جاده را با سرعت کم حرکت می کنند)</div>\r\n\r\n<div>405 این مسیر را با همین تعداد سرنشین و همین سبک رانندگی 7.5 مصرف می کرد.</div>\r\n\r\n<div>&nbsp;</div>\r\n\r\n<div>در انتها یادتان باشد این مطالب فقط در قیاس با 405 است. آن را فراتر از ماشینهای بالای 100 میلیون ندانید.</div>\r\n\r\n<div>&nbsp;</div>\r\n\r\n<div>&nbsp;</div>\r\n</div>\r\n','تجربه رانندگی, تجربه سفر, سفر با جی 5, جی5 اتومات, جی 5 اتوماتیک, جی5 اتوماتیک, جک جی 5 1800 اتوماتیک'),(75,3,'تجربه سفر با جی۵ اتوماتیک','تجربه سفر با جی۵ اتوماتیک','تجربه سفر با جی۵ اتوماتیک','<p>سلام Mohsen_Heydari هستم با اولین تجربه سفر با j5 اتوماتیک در خدمت دوستان عزیز خواهم بود.</p><p>&nbsp;</p><p style=\"text-align: center;\">[thumb=|جک j5 اتوماتیک - کرمان موتور 1732]http://www.kermanmotor1732.com/uploads/posts/2015-03/1427316721_d3d14590f7c39ecbb792e45179082d4337148916.jpg[/thumb]</p><p>&nbsp;</p><div style=\"word-spacing: 1.10000002384186px; text-align: center;\">عکس جی5 در کوههای الله اکبر (آب گرم درگز)</div><div style=\"word-spacing: 1.10000002384186px; text-align: center;\"></div><p>&nbsp;</p><p style=\"word-spacing: 1.10000002384186px;\">&nbsp;</p><p>&nbsp;</p><p>امروز اولین تجربه سفرم با جی5 اتوماتیک انجام دادم تا الان فقط 1000 کیلومتر داخل شهر رانندگی کردم.</p><p>مسیری که طی کردم از مشهد-قوچان-درگز(نزدیک مرز ایران با ترکمنستان) قبلا این مسیر را بارها با 405 طی کردم و با همین ماشین هم مقایسه می کنم.&nbsp;</p><p>در مشهد خیلی دنبال بنزین یورو4 گشتم متاسفانه پیدا نکردم و نتیجتا باک را با بنزین سوپر پر کردم.</p><p>مسیر مشهد به قوچان که بزرگراه و کفی است&nbsp;</p><p><span style=\"color: #339966;\">(من تخلف رانندگی را تجاوز به حقوق دیگران می دانم و انجام نمی دهم)</span></p><p>بخاطر همین از 110 تا بیشتر نرفتم، عملکرد این ماشین در بزرگراه خیلی عالی بود براحتی با کوچکترین اشاره ای معکوس می کشید و شتاب می گرفت و هوا کمی گرم و دم کرده بود و بخش زیادی از مسیر را با کولر طی کردم کولر تاثیری در قدرت موتور نداشت ولی هنوز هوا آنقدر گرم نیست که بتوان سیستم تهویه را نقد کرد.&nbsp;</p>','<p>&nbsp;</p>\r\n\r\n<div>\r\n<div>در مقایسه با 405 ماشین قبلی من در کفی با کولر شتاب بهتر، کم صداتر، حس اطمینان و اعتماد بهتر و عملکرد ترمز هم خیلی عالی بود. و راحتی سفر اصلا قابل قیاس با 405 نیست.&nbsp;</div>\r\n\r\n<div>برخی قسمتها هم که آسفالت خرابی داشت بدلیل کم صدایی، صدای لاستیک مشهود بود وگرنه صدای لاستیک 405 هم از این بیشتره ولی غارغار موتور نمی زاره صدای لاستیک آزار دهنده شود.&nbsp;</div>\r\n\r\n<div>در طول مسیر صدای ویززززز خیلی آزار دهنده بود که با توجه به مطالب قبلی دوستان، ابتدا فکر کردم از کمربند است تا اینکه متوجه شدم از عینک داخل جا عینکی بود با برداشتن عینک از جا عینکی صدا کامل برطرف شد. من تاکنون هیچ صدای اضافه ای داخل اتاق نداشتم.</div>\r\n\r\n<div>جهت بررسی میزان نفوذ صدای داخل اتاق قصد داشتم از نرم افزار موبایل استفاده کنم در سرعت 100 بررسی کردم نرم افزار موبایل 59 دسی بل نشان داد که بنظرم خطا داره چون باید حدود 64 دسیبل باشد</div>\r\n\r\n<div>ولی در هر صورت ماشین کم صدایی در رنج خودش است.&nbsp;</div>\r\n\r\n<div>در نتیجه عملکرد این ماشین در بزرگراه خیلی خوب و عالی بود.</div>\r\n\r\n<div>&nbsp;</div>\r\n\r\n<div>ولی مهمترین بخش سفر مربوط به جاده قوچان به درگز است که یک جاده کوهستانی با شیبهای تند و ترانزیت است وتعداد زیادی تریلی در حال رفت آمد به ترکمنستان هستند. جاده حدود 140 کیلومتر است و بسیار زیبا و در این فصل مخمل سبزی روی کوهها کشیده شده که آن را زیباتر کرده است، جاده متاسفانه و خوشبختانه از میان منطقه حفاظت شده تندوره عبور می کند و گاهی می توان حیوانات زیبایی هم مشاهده کرد. بالاترین ارتفاع جاده 2600 متر است و پس از عبور از کوهها به منطقه ای می رسید که عمدتا شالیزارهای برنج است و مناظر زیبایی دارد که البته بدلیل باران تندی که در این مسیر بود اصلا نتوانستم عکس بگیرم. 60 کیلومتر آن گردنه های خیلی تندی دارد که تریلی های ترانزیت گاهی حتی با سرعت 10 کیلومتر طی می کنند. من حدود چند کیلومتر را پشت 3تریلی ترکیه که با سرعت 10 حرکت می کردند طی کردم بدلیل پیچ در پیچ بودن و شیب زیاد جاده امکان سبقت نبود که جهت کاهش استهلاک از تیپ ترونیک استفاده کردم.</div>\r\n\r\n<div>وقتی وارد این جاده شدیم باران بسیار شدیدی شروع به بارش کرد. در طول مسیر خیلی کم از تیپ ترونیک استفاده کردم بنظر من عملکرد اتو در سربالایی های متوسط، خیلی عالی بود و اصلا نیازی به تیپ ترونیک احساس نمی شود بغییر از مواردی که یک ماشین با سرعت کم در سربالایی طولانی درجلوی شما قرار می گرفت و حرکت با اتو مهارت بیشتری نیاز داشت و سرازیری جهت ترمز موتور من از تیپ ترونیک استفاده نکردم.</div>\r\n\r\n<div>چیزی که برای من جالب بود هندلینگ بسیار عالی این ماشین بود. یک پیچ 360 درجه دارد که من با 405 با 40 کیلومتر با ترس عبور می کردم با این ماشین براحتی در باران شدید، بدون هیچ حس ترس با سرعت 70 عبور کردم. لذت سواری با این ماشین در مسیرهای این چنینی صد چندان است.</div>\r\n\r\n<div>به لطف خشک بودن تعلیق ماشین حرکت گهواره ای کمی دارد من معمولا پس از پایان این جاده با 405 که نرمتر است و حرکت گهواره ای بیشتری دارد حس منگی، سردرد و گرفتگی گوش داشتم که با جکی با اینکه میانگین سرعت بالاتری داشتم اصلا دچار چنین حالتی نشدم اگر این ماشین مانند ماشین های گران قیمت نرمی ، هندلینگ و عدم حرکت گهواره ای را با هم می داشت خیلی عالی بود(این طعنه به منتقدین این ماشین بود).</div>\r\n\r\n<div>&nbsp;</div>\r\n\r\n<div>می رسیم به چالشی ترین بحث این ماشین آن هم کشش در سربالایی:</div>\r\n\r\n<div>قبلا تحلیل از موتور این ماشین و مقایسه آن با کرولا نوشتم.</div>\r\n\r\n<div>ولی بطور خلاصه:</div>\r\n\r\n<div>این موتور مانند همه موتورهای جدید دارای دو قله گشتاور است یکی در 2500 و دیگری در 5000</div>\r\n\r\n<div>و در حدود 3000 تا 3500 افت گشتاور را دارد که من اسم این نقطه را تله گشتاور می نامم.</div>\r\n\r\n<div>ماکزیمم گشتاور در دور بالا برای رانندگان حرفه ای یک مزیت است چون در گشتاور بالا موتور قدرت بالایی هم دارد. دقیقا بخاطر همین ویژگی شتاب صفر تا 100 جی5 اتوماتیک نسبت به همکلاسان خوب است.</div>\r\n\r\n<div>و در سربالایی تند اگر شما در دور موتور 5000 باشید شتاب قابل قبولی دارد.</div>\r\n\r\n<div>رانندگان ایرانی هم عادت به رانندگی با دور 5000 ندارند و انتظار دارند در 3500 گشتاور خوبی از ماشین ببینند.</div>\r\n\r\n<div>حالا شما به یک سربالایی تند می رسید اگر از صفر شروع کنید دور موتور به براحتی به 5000 هزار رسیده و با شتاب خوبی سربالایی را بالا می روید.&nbsp;</div>\r\n\r\n<div>ولی اگر با سرعت 60 یا 70 وسط سربالایی تند در تله گشتاور گیر کنید اولا بدلیل 4 دنده بودن و فاصله ضرایب دنده امکان معکوس را ندارید بنابراین با شتابی افتضاح روبرومی شوید و که حتی پراید هم ممکنه از شما جلو بزند البته این رانندگی شماست که این موتور حرفه ای را در این وضعیت قرار داده.</div>\r\n\r\n<div>حالا چرا سایر ماشینهای هم کلاس با این وضعیت روبرو نمی شوند بعنوان مثال هیوندای النترا که ماکزیمم گشتاور آن در دور 4800 است بدلیل 6 دنده بودن در تله گشتاور گیر نمی افتد.</div>\r\n\r\n<div>تویوتا کرولا هم هرچند 4 دنده دارد ولی چون ماکزیمم گشتاور در 4000 بدست می آید خیلی زود از تله بیرون می آید.</div>\r\n\r\n<div>راهکار جهت شتاب خوب در سربالایی تند:</div>\r\n\r\n<div>راه کار اول : اگر شما با سراشیبی تندی روبرو می شوید قبل از سربالایی دور موتور را تا 4000 بالا ببرید و از شتاب این موتور خوش ساخت لذت ببرید.</div>\r\n\r\n<div>راه کار دوم : همیشه نمی توان شرایط را پیش بینی کرد اگر وسط یک سربالایی در تله گشتاور گیر افتادید مسلما نمی توانید با افزایش دورموتور از تله بیرون بیایید هر چقدر هم گاز بدهید ماشین با شتاب افتضاحی راه می رود. در این وضعیت گاز را شل کنید تا سرعت کمتر شده و دور موتور نیز از تله خارج گردد سپس با یک معکوس به موقع از تله گشتاور پرش کنید و دور موتور را به 4000 برسانید و با شتاب قابل قبولی سربالایی را طی کنید. (امیدوارم مفید باشد)</div>\r\n\r\n<div>و به هر شکل دیگری که ممکنه خودتان را از تله گشتاور نجات دهید.</div>\r\n\r\n<div>البته این ضعف موتور نیست بلکه موتور بسیار عالی طراحی شده بلکه این یکی از رفتارهای ذاتی گیربکس 4 دنده اتو است که از این ماشین با این قیمت انتظار گیربکس 6 دنده را نداریم و در کنار همه مزایای گیربکس اتوماتیک این مورد که با کمی مهارت قابل حل است کم اهمیت است.&nbsp;</div>\r\n\r\n<div>من اولین باری که در تله گشتاور گیر کردم داشتم از تعجب شاخ در می اوردم انگار پشت تریلی با 50 تن بار نشستید هر چقدر گاز می دادم ماشین شتاب نمی گرفت انگار در روی 70 گیرکرده بود. ولی با راهکار بالا واقعا در سربالایی کمتر ماشینی زیر 2000 حریف شما می شود. من حتی در سربالایی تند براحتی سبقت می گرفتم. ولی باید قبل از سبقت موارد بالا را رعایت کنید.</div>\r\n\r\n<div>رانندگی با این ماشین خیلی قلق داره وقلق های این ماشین متفاوت از ماشینهای مرسوم ایران است و عادات رانندگی ایرانی(پژویی) برخلاف قلق های این ماشین است ولی اگر قلقش دستتون بیاد فوق العاده عمل می کند. بخاطر همینه که هیچ ماشینی به اندازه این ماشین نظرات متناقض وجود نداره.</div>\r\n\r\n<div>اونهایی که قلق ماشین دستشون اومده آن را فوق العاده و بالاتر از قیمت خودش می دانند و عده ای هم نظرات منفی شدید در مورد آن دارند.</div>\r\n\r\n<div>با مطالبی که بالا ذکر کردم براحتی تمام با سربلندی از پس گردنه ها برآمد و هیچ مشکلی در کشش سربالایی نداشتم.</div>\r\n\r\n<div>در پایان سفر هم خستگی و کوفتگی خیلی کمتری نسبت به 405 داشتم با اینکه صندلی ها از 405 سفت تر هستند ولی احساس کوفتگی خیلی خیلی کمتر بود و یک سفر راحت را برای من داشت. حتی میزبان ما هم متوجه سرحال بودن ما شد،&nbsp;</div>\r\n\r\n<div>عیب خشکی تعلیق جی5 در کنار ویژگیهای مثبتش قابل چشمپوشی است.</div>\r\n\r\n<div>تجربه مصرف در این جاده:</div>\r\n\r\n<div>کل مسیر 280 کیلومتر &ndash; روی آمپر بنزین یک چهارم مصرف شد و با پر کردن مجدد باک 19 لیتر مصرف کرده بود که ماشین صدی 6.7 مصرف کرده بود که این مصرف برای این مسیر فوق العاده بود(من نیمی از مسیر را در بزرگراه با کولر طی کردم و بخشی از مسیر هم که کوهستانی بود و تریلی های ترانزیت هم یکی از معضلات این جاده هستند که معمولا بخش زیادی از جاده را با سرعت کم حرکت می کنند)</div>\r\n\r\n<div>405 این مسیر را با همین تعداد سرنشین و همین سبک رانندگی 7.5 مصرف می کرد.</div>\r\n\r\n<div>&nbsp;</div>\r\n\r\n<div>در انتها یادتان باشد این مطالب فقط در قیاس با 405 است. آن را فراتر از ماشینهای بالای 100 میلیون ندانید.</div>\r\n\r\n<div>&nbsp;</div>\r\n\r\n<div>&nbsp;</div>\r\n</div>\r\n','تجربه رانندگی, تجربه سفر, سفر با جی 5, جی5 اتومات, جی 5 اتوماتیک, جی5 اتوماتیک, جک جی 5 1800 اتوماتیک'),(76,1,'گزارش بررسي خودروي ليفان 820 در مجله دنياي خودرو','گزارش بررسي خودروي ليفان 820 در مجله دنياي خودرو','گزارش بررسي خودروي ليفان 820 در مجله دنياي خودرو','<p style=\"text-align: center;\"><u>​</u>[thumb=|گزارش بررسي خودروي ليفان 820 در مجله دنياي خودرو]http://www.kermanmotor1732.com/uploads/posts/2015-04/1428858871_lifan820.jpg[/thumb]</p>','<p style=\"word-spacing: 1.10000002384186px;\"><span style=\"letter-spacing: 0px; line-height: 1.5em; word-spacing: 1.10000002384186px;\">کرمان موتور بعد از عرضه خودروهای&nbsp;</span><span style=\"letter-spacing: 0px; line-height: 1.5em; word-spacing: 1.10000002384186px;\">لیفان مدل 520 و 620 و شاس یبلند X60 و&nbsp;</span><span style=\"letter-spacing: 0px; line-height: 1.5em; word-spacing: 1.10000002384186px;\">همچنین رونمایی از مدل 720 سدان، این&nbsp;</span><span style=\"letter-spacing: 0px; line-height: 1.5em; word-spacing: 1.10000002384186px;\">بار م یخواهد پنجمین لیفان را تحت عنوان&nbsp;</span><span style=\"letter-spacing: 0px; line-height: 1.5em; word-spacing: 1.10000002384186px;\">مدل 820 به بازار بفرستد</span>. این در حالی است&nbsp;که لیفان شاس یبلند X50 هم قرار است&nbsp;امسال به بازار بیاید. همچنین کرمان موتور&nbsp;بعد از عرضه خودروهای JAC مدل j5 و S5&nbsp;می خواهد جک S3 را نیز در ایران تولید و&nbsp;عرضه کند. در این شماره قصد داریم نتایج&nbsp;تست لیفان 820 را که در کشور چین انجام&nbsp;دادیم برایتان گزارش کنیم تا با پنجمین لیفان&nbsp;بازار بیشتر آشنا شوید.</p>\r\n\r\n<p style=\"word-spacing: 1.10000002384186px;\">&nbsp;</p>\r\n\r\n<p style=\"word-spacing: 1.10000002384186px;\"><a href=\"/uploads/12.pdf\" target=\"_self\" title=\"صفحه ویژه لیفان 820 کرمان موتور در مجله دنیای خودرو\">برای مشاهده صفحه ویژه مجله دنیای خودرو لینک فوق را مشاهده نمائید.</a></p>\r\n','لیفان, بازار, کرمان موتور, لیفان 820, لیفان820, دنیای خودرو, مجله دنیای خودرو, گزارش بررسی لیفان 820, لیفان 620, شاسی بلند X60'),(76,3,'گزارش بررسي خودروي ليفان 820 در مجله دنياي خودرو','گزارش بررسي خودروي ليفان 820 در مجله دنياي خودرو','گزارش بررسي خودروي ليفان 820 در مجله دنياي خودرو','<p style=\"text-align: center;\"><u>​</u>[thumb=|گزارش بررسي خودروي ليفان 820 در مجله دنياي خودرو]http://www.kermanmotor1732.com/uploads/posts/2015-04/1428858871_lifan820.jpg[/thumb]</p>','<p style=\"word-spacing: 1.10000002384186px;\"><span style=\"letter-spacing: 0px; line-height: 1.5em; word-spacing: 1.10000002384186px;\">کرمان موتور بعد از عرضه خودروهای&nbsp;</span><span style=\"letter-spacing: 0px; line-height: 1.5em; word-spacing: 1.10000002384186px;\">لیفان مدل 520 و 620 و شاس یبلند X60 و&nbsp;</span><span style=\"letter-spacing: 0px; line-height: 1.5em; word-spacing: 1.10000002384186px;\">همچنین رونمایی از مدل 720 سدان، این&nbsp;</span><span style=\"letter-spacing: 0px; line-height: 1.5em; word-spacing: 1.10000002384186px;\">بار م یخواهد پنجمین لیفان را تحت عنوان&nbsp;</span><span style=\"letter-spacing: 0px; line-height: 1.5em; word-spacing: 1.10000002384186px;\">مدل 820 به بازار بفرستد</span>. این در حالی است&nbsp;که لیفان شاس یبلند X50 هم قرار است&nbsp;امسال به بازار بیاید. همچنین کرمان موتور&nbsp;بعد از عرضه خودروهای JAC مدل j5 و S5&nbsp;می خواهد جک S3 را نیز در ایران تولید و&nbsp;عرضه کند. در این شماره قصد داریم نتایج&nbsp;تست لیفان 820 را که در کشور چین انجام&nbsp;دادیم برایتان گزارش کنیم تا با پنجمین لیفان&nbsp;بازار بیشتر آشنا شوید.</p>\r\n\r\n<p style=\"word-spacing: 1.10000002384186px;\">&nbsp;</p>\r\n\r\n<p style=\"word-spacing: 1.10000002384186px;\"><a href=\"/uploads/12.pdf\" target=\"_self\" title=\"صفحه ویژه لیفان 820 کرمان موتور در مجله دنیای خودرو\">برای مشاهده صفحه ویژه مجله دنیای خودرو لینک فوق را مشاهده نمائید.</a></p>\r\n','لیفان, بازار, کرمان موتور, لیفان 820, لیفان820, دنیای خودرو, مجله دنیای خودرو, گزارش بررسی لیفان 820, لیفان 620, شاسی بلند X60'),(77,1,'رونمایی از لیفان ایکس 80 در نمایشگاه خودروی شانگهای','رونمایی از لیفان ایکس 80 در نمایشگاه خودروی شانگهای','رونمایی از لیفان ایکس 80 در نمایشگاه خودروی شانگهای','<p style=\"text-align: center;\"><u>​</u>[thumb=|لیفان ایکس 80 - نمایندگی 1732 کرمان موتور]http://www.kermanmotor1732.com/uploads/posts/2015-04/1429035983_lifan820-kmc1732.ir.jpg[/thumb]</p>','<p><strong>پرشین خودرو:</strong> خودروی شاسی بلند لیفان X80 قرار است در نمایشگاه خودرو شانگهای 2015 معرفی شود و در سه ماهه چهارم سال جاری نیز روانه بازار شود.</p>\r\n\r\n<p>به گزارش خبرنگار &laquo;پرشین خودرو&raquo;، این خودرو را می توان با خودروهای تویوتا لندکروز و پرادو هم سایز دانست که بزرگترین اتومبیل تولید شده شرکت لیفان نیز خواهد بود.ایکس80 شرکت لیفان را می توان یک شاسی بلند بزرگ و ارزان قیمت محسوب کرد و رقابت سختی نیز با رقبایش در بازار شاسی بلند ها خواهد داشت.به نظر می رسد از آنجا که قرار است این خودرو با قیمت مناسب به بازار عرضه شود بتواند پیروز میدان رقابت شود و لیفانی ها را در بازار این کشور سربلند کند.در فضای داخلی لیفان X80 شما فضایی لوکس را مشاهده می کنید که فرمانی چند منظوره دارد و صندلی هایش از چرم بوده و بخشی از داشبور نیز با چوب تزئین شده است.همچنین در قسمت کنسول میانی صفحه نمایش متوسطی را شاهد هستید و لیفان در این قسمت بیشتر از طراحی مرسدس الگوبرداری کرده است.ایکس80 در زمان عرضه با دو مدل موتور در دسترس قرار می گیرد. یکی از مدل ها از موتور 2.4 لیتری چهار سیلندر Sirius 4G64 میتسوبیشی با 165 اسب بخار قدرت برخوردار بوده و دیگری از یک موتور 2 لیتری توربو با 200 اسب بخار قدرت بهره می برد.موتورSirius میتسوبیشی هنوز نیز در چین مورد استفاده قرار می گیرد، به طوری که بیشتر شرکت های سازنده اتومبیل چینی در خودروهای MVP، وانت و شاسی بلند خود از این موتور بهره می برند.متاسفانه قیمت این شاسی بلند هنوز مشخص نشده است اما از آنجایی که گفته می شود یک محصول در رنج ارزان قیمت است خیلی نباید نگران عرضه با قیمت های بالا بود.</p>\r\n','لیفان ایکس80, لیفان x80, لیفان ایکس 80, کرمان موتور, لیفان, شانگهای, شانگهای چین, شاسی بلند, لیفان شاسی بلند'),(77,3,'رونمایی از لیفان ایکس 80 در نمایشگاه خودروی شانگهای','رونمایی از لیفان ایکس 80 در نمایشگاه خودروی شانگهای','رونمایی از لیفان ایکس 80 در نمایشگاه خودروی شانگهای','<p style=\"text-align: center;\"><u>​</u>[thumb=|لیفان ایکس 80 - نمایندگی 1732 کرمان موتور]http://www.kermanmotor1732.com/uploads/posts/2015-04/1429035983_lifan820-kmc1732.ir.jpg[/thumb]</p>','<p><strong>پرشین خودرو:</strong> خودروی شاسی بلند لیفان X80 قرار است در نمایشگاه خودرو شانگهای 2015 معرفی شود و در سه ماهه چهارم سال جاری نیز روانه بازار شود.</p>\r\n\r\n<p>به گزارش خبرنگار &laquo;پرشین خودرو&raquo;، این خودرو را می توان با خودروهای تویوتا لندکروز و پرادو هم سایز دانست که بزرگترین اتومبیل تولید شده شرکت لیفان نیز خواهد بود.ایکس80 شرکت لیفان را می توان یک شاسی بلند بزرگ و ارزان قیمت محسوب کرد و رقابت سختی نیز با رقبایش در بازار شاسی بلند ها خواهد داشت.به نظر می رسد از آنجا که قرار است این خودرو با قیمت مناسب به بازار عرضه شود بتواند پیروز میدان رقابت شود و لیفانی ها را در بازار این کشور سربلند کند.در فضای داخلی لیفان X80 شما فضایی لوکس را مشاهده می کنید که فرمانی چند منظوره دارد و صندلی هایش از چرم بوده و بخشی از داشبور نیز با چوب تزئین شده است.همچنین در قسمت کنسول میانی صفحه نمایش متوسطی را شاهد هستید و لیفان در این قسمت بیشتر از طراحی مرسدس الگوبرداری کرده است.ایکس80 در زمان عرضه با دو مدل موتور در دسترس قرار می گیرد. یکی از مدل ها از موتور 2.4 لیتری چهار سیلندر Sirius 4G64 میتسوبیشی با 165 اسب بخار قدرت برخوردار بوده و دیگری از یک موتور 2 لیتری توربو با 200 اسب بخار قدرت بهره می برد.موتورSirius میتسوبیشی هنوز نیز در چین مورد استفاده قرار می گیرد، به طوری که بیشتر شرکت های سازنده اتومبیل چینی در خودروهای MVP، وانت و شاسی بلند خود از این موتور بهره می برند.متاسفانه قیمت این شاسی بلند هنوز مشخص نشده است اما از آنجایی که گفته می شود یک محصول در رنج ارزان قیمت است خیلی نباید نگران عرضه با قیمت های بالا بود.</p>\r\n','لیفان ایکس80, لیفان x80, لیفان ایکس 80, کرمان موتور, لیفان, شانگهای, شانگهای چین, شاسی بلند, لیفان شاسی بلند'),(78,1,'فروش لیفان ایکس 60 سفارش مدیران','فروش لیفان ایکس 60 سفارش مدیران','فروش لیفان ایکس 60 سفارش مدیران','<p>یک دستگاه خودروی لیفان ایکس 60 سفارش مدیران کرمان موتور - فول آپشن <strong>مدل اسفند 91</strong> و <strong>کارکرد 40000 کیلومتر</strong> بفروش می رسد.</p><p>&nbsp;</p><p>تصاویر منتخب این خودروی شاسی بلند را مشاهده نمائید.</p><p>&nbsp;</p><p>برای دریافت اطلاعات بیشتر با<strong> 3 - ۸۸۶۱۸۶۵۰</strong> تماس حاصل نمائید.</p>','<p style=\"text-align: center;\">http://www.kermanmotor1732.com/uploads/posts/2015-05/1432241328_x60-1732.ir-1.jpg</p>\r\n\r\n<p>&nbsp;</p>\r\n\r\n<p style=\"text-align: center;\">[thumb]http://www.kermanmotor1732.com/uploads/posts/2015-05/1432241430_x60-1732.ir-2.jpg[/thumb]</p>\r\n\r\n<p>&nbsp;</p>\r\n\r\n<p style=\"text-align: center;\">[thumb]http://www.kermanmotor1732.com/uploads/posts/2015-05/1432241457_x60-1732.ir-3.jpg[/thumb]</p>\r\n\r\n<p>&nbsp;</p>\r\n\r\n<p style=\"text-align: center;\">[thumb]http://www.kermanmotor1732.com/uploads/posts/2015-05/1432241532_x60-1732.ir-4.jpg[/thumb]</p>\r\n\r\n<p>&nbsp;</p>\r\n\r\n<p style=\"text-align: center;\">[thumb]http://www.kermanmotor1732.com/uploads/posts/2015-05/1432241497_x60-1732.ir-5.jpg[/thumb]</p>\r\n\r\n<p>&nbsp;</p>\r\n\r\n<p style=\"text-align: center;\">[thumb]http://www.kermanmotor1732.com/uploads/posts/2015-05/1432241532_x60-1732.ir-6.jpg[/thumb]</p>\r\n\r\n<p>&nbsp;</p>\r\n','لیفان ایکس60, لیفان ایکس 60'),(78,3,'فروش لیفان ایکس 60 سفارش مدیران','فروش لیفان ایکس 60 سفارش مدیران','فروش لیفان ایکس 60 سفارش مدیران','<p>یک دستگاه خودروی لیفان ایکس 60 سفارش مدیران کرمان موتور - فول آپشن <strong>مدل اسفند 91</strong> و <strong>کارکرد 40000 کیلومتر</strong> بفروش می رسد.</p><p>&nbsp;</p><p>تصاویر منتخب این خودروی شاسی بلند را مشاهده نمائید.</p><p>&nbsp;</p><p>برای دریافت اطلاعات بیشتر با<strong> 3 - ۸۸۶۱۸۶۵۰</strong> تماس حاصل نمائید.</p>','<p style=\"text-align: center;\">http://www.kermanmotor1732.com/uploads/posts/2015-05/1432241328_x60-1732.ir-1.jpg</p>\r\n\r\n<p>&nbsp;</p>\r\n\r\n<p style=\"text-align: center;\">[thumb]http://www.kermanmotor1732.com/uploads/posts/2015-05/1432241430_x60-1732.ir-2.jpg[/thumb]</p>\r\n\r\n<p>&nbsp;</p>\r\n\r\n<p style=\"text-align: center;\">[thumb]http://www.kermanmotor1732.com/uploads/posts/2015-05/1432241457_x60-1732.ir-3.jpg[/thumb]</p>\r\n\r\n<p>&nbsp;</p>\r\n\r\n<p style=\"text-align: center;\">[thumb]http://www.kermanmotor1732.com/uploads/posts/2015-05/1432241532_x60-1732.ir-4.jpg[/thumb]</p>\r\n\r\n<p>&nbsp;</p>\r\n\r\n<p style=\"text-align: center;\">[thumb]http://www.kermanmotor1732.com/uploads/posts/2015-05/1432241497_x60-1732.ir-5.jpg[/thumb]</p>\r\n\r\n<p>&nbsp;</p>\r\n\r\n<p style=\"text-align: center;\">[thumb]http://www.kermanmotor1732.com/uploads/posts/2015-05/1432241532_x60-1732.ir-6.jpg[/thumb]</p>\r\n\r\n<p>&nbsp;</p>\r\n','لیفان ایکس60, لیفان ایکس 60'),(81,1,'گزارش کیفی خودروهای داخلی در سال 1394','گزارش کیفی خودروهای داخلی در سال 1394','گزارش کیفی خودروهای داخلی در سال 1394','<p style=\"text-align: center;\">​<img title=\"گزارش کیفی خودرو ها در سال 1394\" src=\"http://www.kermanmotor1732.com/uploads/posts/2015-05/1432755120_000750200bb9e80c1bbe703160419d01.jpg\" alt=\"گزارش کیفی خودرو ها در سال 1394\"></p><p style=\"text-align: center;\">&nbsp;</p><p>جدیدترین گزارش کیفی خودروهای داخلی در حالی اعلام شد که طبق آن، کیفیت 13 خودرو افت کرده است. آن طور که شرکت بازرسی کیفیت و استاندارد ایران اعلام کرده، خودروهای آسا، پژو پارس (در سه مدل)، ام‌وی‌ام X33، ام‌وی‌ام 110، پژو 405، سمند، تیبا، پارس‌تندر، پراید 131 (در دو مدل) و پژو 206 صندوقدار، در مقایسه با گزارش قبلی با افت کیفیت روبه‌رو شده‌اند.</p><p>بنابر گزارش موجود، 28 خودرو تولید داخل در 9 معیار «سیستم فنربندی، تعلیق و فرمان»، «سیستم موتور و انتقال قدرت»، «ترمز»، «تجهیزات الکتریکی»، «بدنه»، «رنگ»، «تزئینات داخلی و خارجی»، «نفوذ آب» و «صداهای غیر‌عادی» مورد ارزیابی کیفی قرار گرفته‌اند و در نتیجه آن، «سوزوکی گرندویتارا» توانسته عنوان برترین خودرو داخلی را به‌دست بیاورد. در گزارش موردنظر که مربوط به فروردین‌ماه امسال است، خودروهای تحت ارزیابی، در پنج دسته قیمتی «زیر 25 میلیون تومان»، «25 تا 50 میلیون تومان»، «50 تا 75 میلیون تومان»، «75 تا 100 میلیون تومان» و «بالای 100 میلیون تومان» قرار گرفته و با توجه به مجموع نمرات منفی به‌دست آمده، رده‌بندی شده‌اند.</p><p>&nbsp;</p>','<p>در مجموع اما &laquo;سوزوکی گرندویتارا&raquo; با کسب کمترین نمره منفی، عنوان با کیفیت&zwnj;ترین خودرو داخلی را ازآن خود کرده و ام&zwnj;وی&zwnj;ام مدل 110 نیز آخرین خانه جدول رده&zwnj;بندی را صاحب شده است.</p>\r\n\r\n<p>&nbsp;</p>\r\n\r\n<p>بر این اساس، در دسته قيمتي زير 25 ميليون تومان، تيبا و پراید در مدل&zwnj;های 132 و 131 سایپایی و پارس&zwnj;خودرویی و همچنین ام&zwnj;وی&zwnj;ام 110، به چشم می&zwnj;خورند که به ترتيب 4/54، 5/75، 7/76، 8/78 و 0/82 نمره منفي را به&zwnj;دست آورده&zwnj;اند. در گروه قیمتی 25 تا 50 ميليون تومان نیز که 15 عضو دارد، پارس&zwnj;تندر و تندر -90 در مدل&zwnj;های ایران&zwnj;خودرویی و پارس&zwnj;خودرویی، حائز بالاترین کیفیت شده&zwnj;اند و پس از آنها نیز پژو 206&zwnj;ها توانسته&zwnj;اند کیفیت بهتری را در مقایسه با سایر خودروهای گروه مورد بررسی، به&zwnj;دست بیاورند. در انتهاي جدول اين دسته قيمتي نيز خودروهاي پژو پارس ايران خودرو فارس و تيبا 2 به چشم مي&zwnj;خورند.</p>\r\n\r\n<p>&nbsp;</p>\r\n\r\n<p>در گزارش فروردین&zwnj;ماه، اما پنج خودرو نیز در گروه قیمتی 50 تا 75 ميليون تومان جا خوش کرده&zwnj;اند که &laquo;آسا&raquo; در جايگاه اول قرار دارد و جك اتوماتيك جك و ام&zwnj;وي&zwnj;ام X33 جديد ليفان X60 نیز رده&zwnj;های بعدی را در اختیار گرفته&zwnj;اند.</p>\r\n\r\n<p>&nbsp;</p>\r\n\r\n<p>همچنين سراتوی مونتاژِی سايپا نیز در دسته قيمتي بين 75 تا 100 ميليون تومان، تنها عضو این گروه است و سوزوکی گرند ویتارا نیز به تنهایی در دسته قیمتی بالای 100 میلیون تومان جا خوش کرده است.</p>\r\n\r\n<p>&nbsp;</p>\r\n\r\n<p>اما طبق گزارش منتشر شده، در بخش عيوب فني و عملكردي، پراید مدل 131 سایپا و تیبا بيشترين نمرات منفي را به&zwnj;دست آورده&zwnj;اند و در مجموع نیز میانگین نمرات منفی خودروهای تحت ارزیابی، در این بخش، افزایش یافته است. مقصران اصلی این اتفاق، پژو 206 و ام&zwnj;وی&zwnj;ام مدل 110 هستند که افزایش نمره منفی داشته&zwnj;اند.</p>\r\n\r\n<p>&nbsp;</p>\r\n\r\n<p>در بخش تزئينات و مونتاژ نیز ام&zwnj;وي&zwnj;ام 110 و پراید 131 پارس&zwnj;خودرو بيشترين نمرات منفي را كسب کرده&zwnj;اند، هرچند میانگین نمره منفی اين بخش نسبت به ماه قبل روندی رو به بهبود داشته است. رشد کیفی پژو 206 صندوقدار و سوزوکی گرندویتارا در بخش تزئینات و مونتاژ، عامل اصلی این اتفاق مثبت به&zwnj;شمار می&zwnj;رود.</p>\r\n\r\n<p>&nbsp;</p>\r\n\r\n<p>اما در بخش بدنه، بیشترین نمرات منفی نصیب پراید 132 و ام&zwnj;وی&zwnj;ام 110 شده و این در حالی است که میانگین نمره منفی بخش بدنه در مقایسه با گزارش قبلی، رشد را نشان می&zwnj;دهد. روند نزولی پژو 206 صندوقدار و پژو پارس خراسان سبب شده میانگین کیفی خودروها در بخش بدنه افت کند. بنابر گزارش منتشر شده، میانگین نمره منفی بخش رنگ نیز در مقایسه با ارزیابی قبلی افزایش داشته که دلیل اصلی این اتفاق را باید در کیفیت رنگ پژو 405 جستجو کرد. در بخش رنگ، ليفان X60، آسا و پژو پارس فارس حائز بیشترین نمرات منفی شده&zwnj;اند.</p>\r\n\r\n<p>&nbsp;</p>\r\n\r\n<p>همچنین تعداد ايرادات مهم و اساسي نسبت به ماه قبل نزول 10 درصدي داشته که دلیل اصلی آن، افزایش تعداد این ایرادات در پراید 131 پارس&zwnj;خودرو عنوان شده است.</p>\r\n\r\n<p>&nbsp;</p>\r\n\r\n<p>در مجموع اما ميانگين نمرات منفی خودروهاي سواری در فروردین&zwnj;ماه، افتی جزئی داشته که این موضوع بیشتر به افت کیفی پژو پارس و آسا مربوط می&zwnj;شود.</p>\r\n\r\n<p>&nbsp;</p>\r\n\r\n<p><strong>صدرنشینی تیبا</strong></p>\r\n\r\n<p>&nbsp;</p>\r\n\r\n<p>اما ببینیم گزارش کیفی خودروها در فروردین&zwnj;ماه امسال، چه جزئیاتی را در خود جای داده است.</p>\r\n\r\n<p>&nbsp;</p>\r\n\r\n<p>ابتدا از گروه &laquo;خودروهای زیر 25 میلیون تومان&raquo; شروع کنیم، گروهی که تیبا در آن اول است و ام&zwnj;وی&zwnj;ام مدل 110 نیز رده آخر را در اختیار دارد.</p>\r\n\r\n<p>&nbsp;</p>\r\n\r\n<p>بر این اساس، تیبا که در تمام معیارها نمره منفی به&zwnj;دست آورده، 4/ 54 نمره منفی دارد و نقطه ضعف اصلی&zwnj;اش نیز به بخش &laquo;تزئینات داخلی و خارجی&raquo; مربوط می&zwnj;شود. پشت&zwnj;سر تیبا اما با سه مدل پراید روبه&zwnj;رو می&zwnj;شویم که در این بین، پراید 131 سایپا دارای بهترین کیفیت و عضو دوم گروه به&zwnj;شمار می&zwnj;رود. این خودرو در تمام معیارها نمره منفی کسب کرده، درست مثل همتای پارس&zwnj;خودرویی&zwnj;اش که در رده سوم جدول قرار دارد. پراید 132 اما در معیار سیستم فنربندی، تعلیق و فرمان نمره منفی به خود نمی&zwnj;بیند نقطه ضعف اصلی آن نیز به بدنه&zwnj;اش مربوط می&zwnj;شود.</p>\r\n\r\n<p>&nbsp;</p>\r\n\r\n<p>پس از پرایدها اما با ام&zwnj;وی&zwnj;ام مدل 110 در رده پنجم گروه زیر 25 میلیونی&zwnj;ها روبه&zwnj;رو می&zwnj;شویم، این در حالی است که این خودرو در چهار معیار سیستم موتور، ترمز، صداهای غیرعادی و نفوذ آب هیچ ایرادی ندارد و نقطه ضعف اصلی&zwnj;اش در تزئینات داخلی و خارجی است.</p>\r\n\r\n<p>&nbsp;</p>\r\n\r\n<p><strong>صعود تندرها</strong></p>\r\n\r\n<p>&nbsp;</p>\r\n\r\n<p>به گروه دوم برویم، گروهی که رده&zwnj;های اول تا سوم آن را تندر-90&zwnj;ها در اختیار گرفته&zwnj;اند.</p>\r\n\r\n<p>&nbsp;</p>\r\n\r\n<p>بر این اساس، پارس&zwnj;تندر، تندر پارس&zwnj;خودرو و تندر ایران&zwnj;خودرو مشترکا امتیاز 5/ 20 را به&zwnj;دست آورده&zwnj;اند و این در حالی است که در گزارش اعلامی، نامی از تندر اتومات به چشم نمی&zwnj;آید.</p>\r\n\r\n<p>&nbsp;</p>\r\n\r\n<p>در این بین، تندر-90 پارس&zwnj;خودرو فقط در سیستم تعلیق و موتور و تجهیزات الکتریکی و نفوذ آب دارای نمره منفی نیست. پارس&zwnj;تندر نیز سیستم تعلیق و موتور و ترمز و نفوذ آب نمره منفی به خود نمی&zwnj;بیند و تندر ایران&zwnj;خودرو در سیستم تعلیق و موتور و ترمز و تجهیزات الکتریکی و نفوذ آب دارای ایراد نیست.</p>\r\n\r\n<p>&nbsp;</p>\r\n\r\n<p>نقطه ضعف اصلی تندر پارس&zwnj;خودرو و پارس&zwnj;تندر به تزئینات مربوط می&zwnj;شود و بیشترین نمره منفی تندر ایران&zwnj;خودرو نیز با رنگ آن در ارتباط است. از تندرها که بگذریم، به پژو 206&zwnj;ها (هاچ بک و صندوقدار) در رده&zwnj;های پنجم و ششم برمی خوریم. پژو 206&zwnj;هاچ بک به جز سیستم تعلیق و ترمز و نفوذ آب، در سایر معیارها حائز نمره منفی شده و این در حالی است که مدل صندوقدار این خودرو فقط در ترمز و نفوذ آب ایرادی به خود نمی&zwnj;بیند.</p>\r\n\r\n<p>&nbsp;</p>\r\n\r\n<p>پس از پژو 206 صندوقدار اما این رانا است که توانسته با 24 نمره منفی، در رده ششم گروه 25 تا 50 میلیونی&zwnj;ها جا خوش کند. این خودرو در سیستم تعلیق و موتور و ترمز و نفوذ آب نمره منفی ندارد و ایراد اصلی&zwnj;اش نیز به صداهای غیر&zwnj;عادی مربوط می&zwnj;شود. در دو رده بعد از رانا اما به دو خودرو چینی برمی خوریم؛ اول، ام&zwnj;وی&zwnj;ام 530 که به جز سیستم تعلیق و صداهای غیرعادی و نفوذ آب، در باقی معیارها نمره منفی به&zwnj;دست آورده است. همچنین ام&zwnj;وی&zwnj;ام 315 جدید نیز که هشتمین عضو گروه تحت بررسی به&zwnj;شمار می&zwnj;رود، در سیستم تعلیق و ترمز و صداهای غیر&zwnj;عادی و نفوذ آب ایرادی را به خود نمی&zwnj;بیند. عیب اصلی هر دو ام&zwnj;وی&zwnj;ام در بدنه آنها نهفته است.</p>\r\n\r\n<p>&nbsp;</p>\r\n\r\n<p>از این دو خودرو چینی که رد شویم، در رده نهم جدول به پژو پارس تولید خراسان برمی خوریم. این خودرو در تجهیزات الکتریکی و ترمز و نفوذ آب دارای نمره منفی نیست و اصلی&zwnj;ترین ایرادش به تزئینات مربوط می&zwnj;شود. به جز پارس خراسان، سه مدل دیگر از پارس نیز در جدول کیفی فروردین&zwnj;ماه به چشم می&zwnj;آید که در بین این سه، مدل مازندرانی آن کیفیت بهتری دارد. این خودرو فقط در تجهیزات الکتریکی نمره منفی ندارد و اصلی&zwnj;ترین عیب آن نیز به تزئینات مربوط می&zwnj;شود. از سوی دیگر اما پژو پارس تولید مرکز که سه رده پس از پارس مازندران قرار گرفته، در ترمز هیچ ایرادی ندارد و عیب اصلی&zwnj;اش نیز با تزئینات در ارتباط است. همچنین پارس تولید سایت شیراز نیز به جز سیستم تعلیق و موتور، در باقی معیارها حائز نمره منفی شده است و نقطه ضعف اصلی آن به رنگ مربوط می&zwnj;شود.</p>\r\n\r\n<p>&nbsp;</p>\r\n\r\n<p>جدول قیمتی 25 تا 50 میلیونی&zwnj;ها، اما سمند و پژو 405 و تیبای&zwnj;هاچ یک(تیبا2) را نیز در خود جای داده است و در این بین، سمند اوضاع کیفی بهتری دارد. این خودرو به جز ترمز و نفوذ آب، در باقی معیارها دارای ایراد بوده و بیشترین نمره منفی آن نیز در تزئینات به&zwnj;دست آمده است. همچنین پژو 405 نیز که فقط ترمز آن ایراد ندارد، عیب اصلی&zwnj;اش را در تزئینات به خود می&zwnj;بیند. در مورد تیبای&zwnj;هاچ بک نیز این طور گزارش شده که این خودرو در همه معیارها حائز نمره منفی شده و بیشترین آن در بخش تزئینات به&zwnj;دست آمده است.</p>\r\n\r\n<p>&nbsp;</p>\r\n\r\n<p><strong>گروه خصوصی&zwnj;ها</strong></p>\r\n\r\n<p>&nbsp;</p>\r\n\r\n<p>به سراغ گروه قیمتی 50 تا 75 میلیون تومانی&zwnj;ها برویم، گروهی که پنج عضو چینی تولید بخش خصوصی دارد و بهترین&zwnj;شان آسای مونتاژی است. این خودرو تنها در تزئینات، بدنه و رنگ ایراد کیفی به خود می&zwnj;بیند و فقط 20 نمره منفی دارد. ایراد اصلی آسا به رنگ آن مربوط می&zwnj;شود.پس از این خودرو، با جک&zwnj;های اتومات و دنده&zwnj;ای در رده&zwnj;های دوم و سوم گروه تحت بررسی، مواجه می&zwnj;شویم که در این بین، مدل اتومات آن در معیارهای سیستم تعلیق و موتور و تجهیزات الکتریکی و نفوذ آب و صداهای غیرعادی، نمره منفی ندارد. این در حالی است که جک معمولی، در سیستم تعلیق و تجهیزات الکتریکی و نفوذ آب و صداهای غیر&zwnj;عادی دارای ایراد نیست. هر دو مدل جک، بیشترین نمرات منفی خود را در بدنه به&zwnj;دست آورده&zwnj;اند.</p>\r\n\r\n<p>&nbsp;</p>\r\n\r\n<p>پس از جک به ام&zwnj;وی&zwnj;ام X33 می&zwnj;رسیم، خودرویی که در سیستم تعلیق و نفوذ آب ایرادی را به خود نمی&zwnj;بیند. بیشترین نمره منفی این خودرو که محصولی شاسی&zwnj;بلند به حساب می&zwnj;آید، در معیار تزئینات به&zwnj;دست آمده است. آخرین عضو گروه 50 تا 75 میلیون تومانی&zwnj;ها اما لیفان X60 نام دارد که در چهار معیار سیستم تعلیق، موتور، تجهیزات الکتریکی و نفوذ آب نمره منفی به خود نمی&zwnj;بیند. ایراد اصلی لیفان X60 نیز مانند بسیاری از خودروهای داخلی، به تزئینات آن مربوط می&zwnj;شود.</p>\r\n\r\n<p>&nbsp;</p>\r\n\r\n<p><strong>دو خودرو برتر مونتاژی</strong></p>\r\n\r\n<p>&nbsp;</p>\r\n\r\n<p>اما سری هم به دو گروه 75 تا 100 میلیون و بالای 100 میلیونی&zwnj;ها بزنیم که اولی، سراتو را در خود جای داده و دومی، سوزوکی ویتارای شاسی&zwnj;بلند را.</p>\r\n\r\n<p>&nbsp;</p>\r\n\r\n<p>در این بین، سراتو در سیستم موتور و ترمز و تجهیزات الکتریکی و نفوذ آب و صداهای غیر&zwnj;عادی نمره منفی ندارد و ایراد اصلی آن نیز به تزئینات مربوط می&zwnj;شود. ویتارا هم که فقط در بدنه و رنگ و صداهای غیر&zwnj;عادی نمره منفی دارد، ایراد اصلی&zwnj;اش را مشترکا در رنگ و بدنه به خود می&zwnj;بیند.</p>\r\n\r\n<p>&nbsp;</p>\r\n\r\n<p>&nbsp;</p>\r\n','جک جی 5 1800 اتوماتیک, جی 5 اتوماتیک, لیفان ایکس 60, لیفان ایکس60, پژو پارس, ام‌وی‌ام X33, ام‌وی‌ام 110, پژو 405, سمند, تیبا, پارس‌تندر, پراید 131, پژو 206 صندوقدار, سوزوکی گرندویتارا, جك اتوماتيك, جك, ليفان X60, سراتو, سایپا, ایرانخودرو, ایران خودرو'),(81,3,'گزارش کیفی خودروهای داخلی در سال 1394','گزارش کیفی خودروهای داخلی در سال 1394','گزارش کیفی خودروهای داخلی در سال 1394','<p style=\"text-align: center;\">​<img title=\"گزارش کیفی خودرو ها در سال 1394\" src=\"http://www.kermanmotor1732.com/uploads/posts/2015-05/1432755120_000750200bb9e80c1bbe703160419d01.jpg\" alt=\"گزارش کیفی خودرو ها در سال 1394\"></p><p style=\"text-align: center;\">&nbsp;</p><p>جدیدترین گزارش کیفی خودروهای داخلی در حالی اعلام شد که طبق آن، کیفیت 13 خودرو افت کرده است. آن طور که شرکت بازرسی کیفیت و استاندارد ایران اعلام کرده، خودروهای آسا، پژو پارس (در سه مدل)، ام‌وی‌ام X33، ام‌وی‌ام 110، پژو 405، سمند، تیبا، پارس‌تندر، پراید 131 (در دو مدل) و پژو 206 صندوقدار، در مقایسه با گزارش قبلی با افت کیفیت روبه‌رو شده‌اند.</p><p>بنابر گزارش موجود، 28 خودرو تولید داخل در 9 معیار «سیستم فنربندی، تعلیق و فرمان»، «سیستم موتور و انتقال قدرت»، «ترمز»، «تجهیزات الکتریکی»، «بدنه»، «رنگ»، «تزئینات داخلی و خارجی»، «نفوذ آب» و «صداهای غیر‌عادی» مورد ارزیابی کیفی قرار گرفته‌اند و در نتیجه آن، «سوزوکی گرندویتارا» توانسته عنوان برترین خودرو داخلی را به‌دست بیاورد. در گزارش موردنظر که مربوط به فروردین‌ماه امسال است، خودروهای تحت ارزیابی، در پنج دسته قیمتی «زیر 25 میلیون تومان»، «25 تا 50 میلیون تومان»، «50 تا 75 میلیون تومان»، «75 تا 100 میلیون تومان» و «بالای 100 میلیون تومان» قرار گرفته و با توجه به مجموع نمرات منفی به‌دست آمده، رده‌بندی شده‌اند.</p><p>&nbsp;</p>','<p>در مجموع اما &laquo;سوزوکی گرندویتارا&raquo; با کسب کمترین نمره منفی، عنوان با کیفیت&zwnj;ترین خودرو داخلی را ازآن خود کرده و ام&zwnj;وی&zwnj;ام مدل 110 نیز آخرین خانه جدول رده&zwnj;بندی را صاحب شده است.</p>\r\n\r\n<p>&nbsp;</p>\r\n\r\n<p>بر این اساس، در دسته قيمتي زير 25 ميليون تومان، تيبا و پراید در مدل&zwnj;های 132 و 131 سایپایی و پارس&zwnj;خودرویی و همچنین ام&zwnj;وی&zwnj;ام 110، به چشم می&zwnj;خورند که به ترتيب 4/54، 5/75، 7/76، 8/78 و 0/82 نمره منفي را به&zwnj;دست آورده&zwnj;اند. در گروه قیمتی 25 تا 50 ميليون تومان نیز که 15 عضو دارد، پارس&zwnj;تندر و تندر -90 در مدل&zwnj;های ایران&zwnj;خودرویی و پارس&zwnj;خودرویی، حائز بالاترین کیفیت شده&zwnj;اند و پس از آنها نیز پژو 206&zwnj;ها توانسته&zwnj;اند کیفیت بهتری را در مقایسه با سایر خودروهای گروه مورد بررسی، به&zwnj;دست بیاورند. در انتهاي جدول اين دسته قيمتي نيز خودروهاي پژو پارس ايران خودرو فارس و تيبا 2 به چشم مي&zwnj;خورند.</p>\r\n\r\n<p>&nbsp;</p>\r\n\r\n<p>در گزارش فروردین&zwnj;ماه، اما پنج خودرو نیز در گروه قیمتی 50 تا 75 ميليون تومان جا خوش کرده&zwnj;اند که &laquo;آسا&raquo; در جايگاه اول قرار دارد و جك اتوماتيك جك و ام&zwnj;وي&zwnj;ام X33 جديد ليفان X60 نیز رده&zwnj;های بعدی را در اختیار گرفته&zwnj;اند.</p>\r\n\r\n<p>&nbsp;</p>\r\n\r\n<p>همچنين سراتوی مونتاژِی سايپا نیز در دسته قيمتي بين 75 تا 100 ميليون تومان، تنها عضو این گروه است و سوزوکی گرند ویتارا نیز به تنهایی در دسته قیمتی بالای 100 میلیون تومان جا خوش کرده است.</p>\r\n\r\n<p>&nbsp;</p>\r\n\r\n<p>اما طبق گزارش منتشر شده، در بخش عيوب فني و عملكردي، پراید مدل 131 سایپا و تیبا بيشترين نمرات منفي را به&zwnj;دست آورده&zwnj;اند و در مجموع نیز میانگین نمرات منفی خودروهای تحت ارزیابی، در این بخش، افزایش یافته است. مقصران اصلی این اتفاق، پژو 206 و ام&zwnj;وی&zwnj;ام مدل 110 هستند که افزایش نمره منفی داشته&zwnj;اند.</p>\r\n\r\n<p>&nbsp;</p>\r\n\r\n<p>در بخش تزئينات و مونتاژ نیز ام&zwnj;وي&zwnj;ام 110 و پراید 131 پارس&zwnj;خودرو بيشترين نمرات منفي را كسب کرده&zwnj;اند، هرچند میانگین نمره منفی اين بخش نسبت به ماه قبل روندی رو به بهبود داشته است. رشد کیفی پژو 206 صندوقدار و سوزوکی گرندویتارا در بخش تزئینات و مونتاژ، عامل اصلی این اتفاق مثبت به&zwnj;شمار می&zwnj;رود.</p>\r\n\r\n<p>&nbsp;</p>\r\n\r\n<p>اما در بخش بدنه، بیشترین نمرات منفی نصیب پراید 132 و ام&zwnj;وی&zwnj;ام 110 شده و این در حالی است که میانگین نمره منفی بخش بدنه در مقایسه با گزارش قبلی، رشد را نشان می&zwnj;دهد. روند نزولی پژو 206 صندوقدار و پژو پارس خراسان سبب شده میانگین کیفی خودروها در بخش بدنه افت کند. بنابر گزارش منتشر شده، میانگین نمره منفی بخش رنگ نیز در مقایسه با ارزیابی قبلی افزایش داشته که دلیل اصلی این اتفاق را باید در کیفیت رنگ پژو 405 جستجو کرد. در بخش رنگ، ليفان X60، آسا و پژو پارس فارس حائز بیشترین نمرات منفی شده&zwnj;اند.</p>\r\n\r\n<p>&nbsp;</p>\r\n\r\n<p>همچنین تعداد ايرادات مهم و اساسي نسبت به ماه قبل نزول 10 درصدي داشته که دلیل اصلی آن، افزایش تعداد این ایرادات در پراید 131 پارس&zwnj;خودرو عنوان شده است.</p>\r\n\r\n<p>&nbsp;</p>\r\n\r\n<p>در مجموع اما ميانگين نمرات منفی خودروهاي سواری در فروردین&zwnj;ماه، افتی جزئی داشته که این موضوع بیشتر به افت کیفی پژو پارس و آسا مربوط می&zwnj;شود.</p>\r\n\r\n<p>&nbsp;</p>\r\n\r\n<p><strong>صدرنشینی تیبا</strong></p>\r\n\r\n<p>&nbsp;</p>\r\n\r\n<p>اما ببینیم گزارش کیفی خودروها در فروردین&zwnj;ماه امسال، چه جزئیاتی را در خود جای داده است.</p>\r\n\r\n<p>&nbsp;</p>\r\n\r\n<p>ابتدا از گروه &laquo;خودروهای زیر 25 میلیون تومان&raquo; شروع کنیم، گروهی که تیبا در آن اول است و ام&zwnj;وی&zwnj;ام مدل 110 نیز رده آخر را در اختیار دارد.</p>\r\n\r\n<p>&nbsp;</p>\r\n\r\n<p>بر این اساس، تیبا که در تمام معیارها نمره منفی به&zwnj;دست آورده، 4/ 54 نمره منفی دارد و نقطه ضعف اصلی&zwnj;اش نیز به بخش &laquo;تزئینات داخلی و خارجی&raquo; مربوط می&zwnj;شود. پشت&zwnj;سر تیبا اما با سه مدل پراید روبه&zwnj;رو می&zwnj;شویم که در این بین، پراید 131 سایپا دارای بهترین کیفیت و عضو دوم گروه به&zwnj;شمار می&zwnj;رود. این خودرو در تمام معیارها نمره منفی کسب کرده، درست مثل همتای پارس&zwnj;خودرویی&zwnj;اش که در رده سوم جدول قرار دارد. پراید 132 اما در معیار سیستم فنربندی، تعلیق و فرمان نمره منفی به خود نمی&zwnj;بیند نقطه ضعف اصلی آن نیز به بدنه&zwnj;اش مربوط می&zwnj;شود.</p>\r\n\r\n<p>&nbsp;</p>\r\n\r\n<p>پس از پرایدها اما با ام&zwnj;وی&zwnj;ام مدل 110 در رده پنجم گروه زیر 25 میلیونی&zwnj;ها روبه&zwnj;رو می&zwnj;شویم، این در حالی است که این خودرو در چهار معیار سیستم موتور، ترمز، صداهای غیرعادی و نفوذ آب هیچ ایرادی ندارد و نقطه ضعف اصلی&zwnj;اش در تزئینات داخلی و خارجی است.</p>\r\n\r\n<p>&nbsp;</p>\r\n\r\n<p><strong>صعود تندرها</strong></p>\r\n\r\n<p>&nbsp;</p>\r\n\r\n<p>به گروه دوم برویم، گروهی که رده&zwnj;های اول تا سوم آن را تندر-90&zwnj;ها در اختیار گرفته&zwnj;اند.</p>\r\n\r\n<p>&nbsp;</p>\r\n\r\n<p>بر این اساس، پارس&zwnj;تندر، تندر پارس&zwnj;خودرو و تندر ایران&zwnj;خودرو مشترکا امتیاز 5/ 20 را به&zwnj;دست آورده&zwnj;اند و این در حالی است که در گزارش اعلامی، نامی از تندر اتومات به چشم نمی&zwnj;آید.</p>\r\n\r\n<p>&nbsp;</p>\r\n\r\n<p>در این بین، تندر-90 پارس&zwnj;خودرو فقط در سیستم تعلیق و موتور و تجهیزات الکتریکی و نفوذ آب دارای نمره منفی نیست. پارس&zwnj;تندر نیز سیستم تعلیق و موتور و ترمز و نفوذ آب نمره منفی به خود نمی&zwnj;بیند و تندر ایران&zwnj;خودرو در سیستم تعلیق و موتور و ترمز و تجهیزات الکتریکی و نفوذ آب دارای ایراد نیست.</p>\r\n\r\n<p>&nbsp;</p>\r\n\r\n<p>نقطه ضعف اصلی تندر پارس&zwnj;خودرو و پارس&zwnj;تندر به تزئینات مربوط می&zwnj;شود و بیشترین نمره منفی تندر ایران&zwnj;خودرو نیز با رنگ آن در ارتباط است. از تندرها که بگذریم، به پژو 206&zwnj;ها (هاچ بک و صندوقدار) در رده&zwnj;های پنجم و ششم برمی خوریم. پژو 206&zwnj;هاچ بک به جز سیستم تعلیق و ترمز و نفوذ آب، در سایر معیارها حائز نمره منفی شده و این در حالی است که مدل صندوقدار این خودرو فقط در ترمز و نفوذ آب ایرادی به خود نمی&zwnj;بیند.</p>\r\n\r\n<p>&nbsp;</p>\r\n\r\n<p>پس از پژو 206 صندوقدار اما این رانا است که توانسته با 24 نمره منفی، در رده ششم گروه 25 تا 50 میلیونی&zwnj;ها جا خوش کند. این خودرو در سیستم تعلیق و موتور و ترمز و نفوذ آب نمره منفی ندارد و ایراد اصلی&zwnj;اش نیز به صداهای غیر&zwnj;عادی مربوط می&zwnj;شود. در دو رده بعد از رانا اما به دو خودرو چینی برمی خوریم؛ اول، ام&zwnj;وی&zwnj;ام 530 که به جز سیستم تعلیق و صداهای غیرعادی و نفوذ آب، در باقی معیارها نمره منفی به&zwnj;دست آورده است. همچنین ام&zwnj;وی&zwnj;ام 315 جدید نیز که هشتمین عضو گروه تحت بررسی به&zwnj;شمار می&zwnj;رود، در سیستم تعلیق و ترمز و صداهای غیر&zwnj;عادی و نفوذ آب ایرادی را به خود نمی&zwnj;بیند. عیب اصلی هر دو ام&zwnj;وی&zwnj;ام در بدنه آنها نهفته است.</p>\r\n\r\n<p>&nbsp;</p>\r\n\r\n<p>از این دو خودرو چینی که رد شویم، در رده نهم جدول به پژو پارس تولید خراسان برمی خوریم. این خودرو در تجهیزات الکتریکی و ترمز و نفوذ آب دارای نمره منفی نیست و اصلی&zwnj;ترین ایرادش به تزئینات مربوط می&zwnj;شود. به جز پارس خراسان، سه مدل دیگر از پارس نیز در جدول کیفی فروردین&zwnj;ماه به چشم می&zwnj;آید که در بین این سه، مدل مازندرانی آن کیفیت بهتری دارد. این خودرو فقط در تجهیزات الکتریکی نمره منفی ندارد و اصلی&zwnj;ترین عیب آن نیز به تزئینات مربوط می&zwnj;شود. از سوی دیگر اما پژو پارس تولید مرکز که سه رده پس از پارس مازندران قرار گرفته، در ترمز هیچ ایرادی ندارد و عیب اصلی&zwnj;اش نیز با تزئینات در ارتباط است. همچنین پارس تولید سایت شیراز نیز به جز سیستم تعلیق و موتور، در باقی معیارها حائز نمره منفی شده است و نقطه ضعف اصلی آن به رنگ مربوط می&zwnj;شود.</p>\r\n\r\n<p>&nbsp;</p>\r\n\r\n<p>جدول قیمتی 25 تا 50 میلیونی&zwnj;ها، اما سمند و پژو 405 و تیبای&zwnj;هاچ یک(تیبا2) را نیز در خود جای داده است و در این بین، سمند اوضاع کیفی بهتری دارد. این خودرو به جز ترمز و نفوذ آب، در باقی معیارها دارای ایراد بوده و بیشترین نمره منفی آن نیز در تزئینات به&zwnj;دست آمده است. همچنین پژو 405 نیز که فقط ترمز آن ایراد ندارد، عیب اصلی&zwnj;اش را در تزئینات به خود می&zwnj;بیند. در مورد تیبای&zwnj;هاچ بک نیز این طور گزارش شده که این خودرو در همه معیارها حائز نمره منفی شده و بیشترین آن در بخش تزئینات به&zwnj;دست آمده است.</p>\r\n\r\n<p>&nbsp;</p>\r\n\r\n<p><strong>گروه خصوصی&zwnj;ها</strong></p>\r\n\r\n<p>&nbsp;</p>\r\n\r\n<p>به سراغ گروه قیمتی 50 تا 75 میلیون تومانی&zwnj;ها برویم، گروهی که پنج عضو چینی تولید بخش خصوصی دارد و بهترین&zwnj;شان آسای مونتاژی است. این خودرو تنها در تزئینات، بدنه و رنگ ایراد کیفی به خود می&zwnj;بیند و فقط 20 نمره منفی دارد. ایراد اصلی آسا به رنگ آن مربوط می&zwnj;شود.پس از این خودرو، با جک&zwnj;های اتومات و دنده&zwnj;ای در رده&zwnj;های دوم و سوم گروه تحت بررسی، مواجه می&zwnj;شویم که در این بین، مدل اتومات آن در معیارهای سیستم تعلیق و موتور و تجهیزات الکتریکی و نفوذ آب و صداهای غیرعادی، نمره منفی ندارد. این در حالی است که جک معمولی، در سیستم تعلیق و تجهیزات الکتریکی و نفوذ آب و صداهای غیر&zwnj;عادی دارای ایراد نیست. هر دو مدل جک، بیشترین نمرات منفی خود را در بدنه به&zwnj;دست آورده&zwnj;اند.</p>\r\n\r\n<p>&nbsp;</p>\r\n\r\n<p>پس از جک به ام&zwnj;وی&zwnj;ام X33 می&zwnj;رسیم، خودرویی که در سیستم تعلیق و نفوذ آب ایرادی را به خود نمی&zwnj;بیند. بیشترین نمره منفی این خودرو که محصولی شاسی&zwnj;بلند به حساب می&zwnj;آید، در معیار تزئینات به&zwnj;دست آمده است. آخرین عضو گروه 50 تا 75 میلیون تومانی&zwnj;ها اما لیفان X60 نام دارد که در چهار معیار سیستم تعلیق، موتور، تجهیزات الکتریکی و نفوذ آب نمره منفی به خود نمی&zwnj;بیند. ایراد اصلی لیفان X60 نیز مانند بسیاری از خودروهای داخلی، به تزئینات آن مربوط می&zwnj;شود.</p>\r\n\r\n<p>&nbsp;</p>\r\n\r\n<p><strong>دو خودرو برتر مونتاژی</strong></p>\r\n\r\n<p>&nbsp;</p>\r\n\r\n<p>اما سری هم به دو گروه 75 تا 100 میلیون و بالای 100 میلیونی&zwnj;ها بزنیم که اولی، سراتو را در خود جای داده و دومی، سوزوکی ویتارای شاسی&zwnj;بلند را.</p>\r\n\r\n<p>&nbsp;</p>\r\n\r\n<p>در این بین، سراتو در سیستم موتور و ترمز و تجهیزات الکتریکی و نفوذ آب و صداهای غیر&zwnj;عادی نمره منفی ندارد و ایراد اصلی آن نیز به تزئینات مربوط می&zwnj;شود. ویتارا هم که فقط در بدنه و رنگ و صداهای غیر&zwnj;عادی نمره منفی دارد، ایراد اصلی&zwnj;اش را مشترکا در رنگ و بدنه به خود می&zwnj;بیند.</p>\r\n\r\n<p>&nbsp;</p>\r\n\r\n<p>&nbsp;</p>\r\n','جک جی 5 1800 اتوماتیک, جی 5 اتوماتیک, لیفان ایکس 60, لیفان ایکس60, پژو پارس, ام‌وی‌ام X33, ام‌وی‌ام 110, پژو 405, سمند, تیبا, پارس‌تندر, پراید 131, پژو 206 صندوقدار, سوزوکی گرندویتارا, جك اتوماتيك, جك, ليفان X60, سراتو, سایپا, ایرانخودرو, ایران خودرو'),(83,1,'مقایسه مشخصات جک جی5 با برلیانس H330','مقایسه مشخصات جک جی5 با برلیانس H330','مقایسه مشخصات جک جی5 با برلیانس H330','<p style=\"text-align: center;\"><img title=\"مقایسه جک جی 5 اتوماتیک و برلیانس H330\" src=\"http://www.kermanmotor1732.com/uploads/posts/2015-05/1433000168_j5-vs-h3301.jpg\" alt=\"مقایسه جک جی 5 اتوماتیک و برلیانس H330\"></p>','<p style=\"text-align: center;\">http://www.kermanmotor1732.com/uploads/posts/2015-05/1433000204_j5-vs-h330.jpg</p>','مقایسه مشخصات, جک جی5, برلیانس H330, مقایسه جک جی, جی 5 اتوماتیک, جی 5 اتومات, کرمان موتور, کرمان موتور 1732, نمایندگی 1732 کرمان موتور'),(83,3,'مقایسه مشخصات جک جی5 با برلیانس H330','مقایسه مشخصات جک جی5 با برلیانس H330','مقایسه مشخصات جک جی5 با برلیانس H330','<p style=\"text-align: center;\"><img title=\"مقایسه جک جی 5 اتوماتیک و برلیانس H330\" src=\"http://www.kermanmotor1732.com/uploads/posts/2015-05/1433000168_j5-vs-h3301.jpg\" alt=\"مقایسه جک جی 5 اتوماتیک و برلیانس H330\"></p>','<p style=\"text-align: center;\">http://www.kermanmotor1732.com/uploads/posts/2015-05/1433000204_j5-vs-h330.jpg</p>','مقایسه مشخصات, جک جی5, برلیانس H330, مقایسه جک جی, جی 5 اتوماتیک, جی 5 اتومات, کرمان موتور, کرمان موتور 1732, نمایندگی 1732 کرمان موتور'),(84,1,'نخستین آزمایش فنی لیفان X50','نخستین آزمایش فنی لیفان X50','نخستین آزمایش فنی لیفان X50','<p><u>​</u>[thumb=left|لیفان ایکس 50 - نمایندگی 1732 کرمان موتور]http://www.kermanmotor1732.com/uploads/posts/2015-05/1433000529_n11534-01.jpg[/thumb]«مجله ماشین» - آزمایش فنی خودرو لیفان X50، تازه وارد شرکت کرمان موتور که قرار است به زودی در نمایشگاه شیراز رونمایی شود، برای اولین بار توسط کارشناس «مجله ماشین» انجام شد.</p><p>&nbsp;</p><p>به گزارش خبرنگار پایگاه خبری «مجله ماشین»، زمستان سال گذشته مارک تیمبر، مدیرعامل شرکت صادرات لیفان از عرضه لیفان X50 خبر داد.</p><p>&nbsp;</p><p>لیفان X50 یک کراس اوور کوچک با مشخصات فنی یک خودرو شهری هاچ بک (موتور 1.5 لیتری چهار سیلندر 100 اسب بخاری با 133 نیوتن متر گشتاور) است که همچون سایر خودروهای چینی از ساختار موتور جلو و دیفرانسیل جلو بهره می برد. طراحی ظاهری این خودرو جذاب است و در نگاه اول، جلوی خودرو بیننده را به یاد اپل و نمای عقب تداعی کننده آلفارومئو جولیتا است.</p><p>&nbsp;</p><p>لیفان X50 به زودی در نمایشگاه خودرو شیراز رونمایی می شود.</p><p>&nbsp;</p><p>گزارش کامل تست این خودرو را در «مجله ماشین» شماره 390، تیر ماه 1394 مطالعه نمائید.</p><p>&nbsp;</p><p><strong><span style=\"font-family: Tahoma, Arial; font-size: 13px; line-height: 25px; text-align: justify; word-spacing: 0px; background-color: #f3f3f3;\">عکس و فیلم: محمدعلی شبیری</span></strong></p>','<p>\r\n<video height=\"360\" preload=\"none\" src=\"http://hw16.asset.aparat.com/aparat-video/033f3930d6b2a64d74686e034885a9af2496528-360p__37273.mp4\" style=\"display: block; margin-left: auto; margin-right: auto;\" width=\"480\"><object bgcolor=\"#030303\" classid=\"clsid:d27cdb6e-ae6d-11cf-96b8-444553540000\" height=\"360\" style=\"display: block; margin-left: auto; margin-right: auto;\" width=\"480\"><param name=\"src\" value=\"http://www.kermanmotor1732.com/engine/editor/jscripts/tiny_mce/plugins/media/moxieplayer.swf\" /><param name=\"flashvars\" value=\"url=http%3A//hw16.asset.aparat.com/aparat-video/033f3930d6b2a64d74686e034885a9af2496528-360p__37273.mp4&amp;poster=/\" /><param name=\"allowfullscreen\" value=\"true\" /><param name=\"allowscriptaccess\" value=\"true\" /><embed allowfullscreen=\"true\" allowscriptaccess=\"true\" bgcolor=\"#030303\" flashvars=\"url=http%3A//hw16.asset.aparat.com/aparat-video/033f3930d6b2a64d74686e034885a9af2496528-360p__37273.mp4&amp;poster=/\" height=\"360\" src=\"http://www.kermanmotor1732.com/engine/editor/jscripts/tiny_mce/plugins/media/moxieplayer.swf\" style=\"display: block; margin-left: auto; margin-right: auto;\" type=\"application/x-shockwave-flash\" width=\"480\"></embed></object></video>\r\n</p>\r\n','آزمایش فنی لیفان X50, لیفان ایکس 50, لیفان ایکس50, مجله ماشین, نمایندگی 1732 کرمان موتور, کرمان موتور, کرمان موتور 1732'),(84,3,'نخستین آزمایش فنی لیفان X50','نخستین آزمایش فنی لیفان X50','نخستین آزمایش فنی لیفان X50','<p><u>​</u>[thumb=left|لیفان ایکس 50 - نمایندگی 1732 کرمان موتور]http://www.kermanmotor1732.com/uploads/posts/2015-05/1433000529_n11534-01.jpg[/thumb]«مجله ماشین» - آزمایش فنی خودرو لیفان X50، تازه وارد شرکت کرمان موتور که قرار است به زودی در نمایشگاه شیراز رونمایی شود، برای اولین بار توسط کارشناس «مجله ماشین» انجام شد.</p><p>&nbsp;</p><p>به گزارش خبرنگار پایگاه خبری «مجله ماشین»، زمستان سال گذشته مارک تیمبر، مدیرعامل شرکت صادرات لیفان از عرضه لیفان X50 خبر داد.</p><p>&nbsp;</p><p>لیفان X50 یک کراس اوور کوچک با مشخصات فنی یک خودرو شهری هاچ بک (موتور 1.5 لیتری چهار سیلندر 100 اسب بخاری با 133 نیوتن متر گشتاور) است که همچون سایر خودروهای چینی از ساختار موتور جلو و دیفرانسیل جلو بهره می برد. طراحی ظاهری این خودرو جذاب است و در نگاه اول، جلوی خودرو بیننده را به یاد اپل و نمای عقب تداعی کننده آلفارومئو جولیتا است.</p><p>&nbsp;</p><p>لیفان X50 به زودی در نمایشگاه خودرو شیراز رونمایی می شود.</p><p>&nbsp;</p><p>گزارش کامل تست این خودرو را در «مجله ماشین» شماره 390، تیر ماه 1394 مطالعه نمائید.</p><p>&nbsp;</p><p><strong><span style=\"font-family: Tahoma, Arial; font-size: 13px; line-height: 25px; text-align: justify; word-spacing: 0px; background-color: #f3f3f3;\">عکس و فیلم: محمدعلی شبیری</span></strong></p>','<p>\r\n<video height=\"360\" preload=\"none\" src=\"http://hw16.asset.aparat.com/aparat-video/033f3930d6b2a64d74686e034885a9af2496528-360p__37273.mp4\" style=\"display: block; margin-left: auto; margin-right: auto;\" width=\"480\"><object bgcolor=\"#030303\" classid=\"clsid:d27cdb6e-ae6d-11cf-96b8-444553540000\" height=\"360\" style=\"display: block; margin-left: auto; margin-right: auto;\" width=\"480\"><param name=\"src\" value=\"http://www.kermanmotor1732.com/engine/editor/jscripts/tiny_mce/plugins/media/moxieplayer.swf\" /><param name=\"flashvars\" value=\"url=http%3A//hw16.asset.aparat.com/aparat-video/033f3930d6b2a64d74686e034885a9af2496528-360p__37273.mp4&amp;poster=/\" /><param name=\"allowfullscreen\" value=\"true\" /><param name=\"allowscriptaccess\" value=\"true\" /><embed allowfullscreen=\"true\" allowscriptaccess=\"true\" bgcolor=\"#030303\" flashvars=\"url=http%3A//hw16.asset.aparat.com/aparat-video/033f3930d6b2a64d74686e034885a9af2496528-360p__37273.mp4&amp;poster=/\" height=\"360\" src=\"http://www.kermanmotor1732.com/engine/editor/jscripts/tiny_mce/plugins/media/moxieplayer.swf\" style=\"display: block; margin-left: auto; margin-right: auto;\" type=\"application/x-shockwave-flash\" width=\"480\"></embed></object></video>\r\n</p>\r\n','آزمایش فنی لیفان X50, لیفان ایکس 50, لیفان ایکس50, مجله ماشین, نمایندگی 1732 کرمان موتور, کرمان موتور, کرمان موتور 1732'),(87,1,'جدیدترین محصولات کرمان‌موتور در نمایشگاه بین‌المللی شیراز','جدیدترین محصولات کرمان‌موتور در نمایشگاه بین‌المللی شیراز','جدیدترین محصولات کرمان‌موتور در نمایشگاه بین‌المللی شیراز','<p style=\"text-align: center;\"><u>​</u><img title=\"لیفان 720 - نمایندگی 1732 کرمان موتور\" src=\"http://www.kermanmotor1732.com/uploads/posts/2015-06/1434010086_kermanmotor1732-10.jpg\" alt=\"لیفان 720 - نمایندگی 1732 کرمان موتور\"></p><p style=\"font-family: tahoma, Tahoma; font-size: 13px; line-height: 22.1000003814697px; text-align: justify; word-spacing: 0px; background-color: rgba(255, 255, 255, 0.8);\">&nbsp;</p><p style=\"font-family: tahoma, Tahoma; font-size: 13px; line-height: 22.1000003814697px; text-align: justify; word-spacing: 0px; background-color: rgba(255, 255, 255, 0.8);\">گروه کرمان موتور عصر امروز 19 خرداد ماه 94 در سالن نرگس نمایشگاه بین‌المللی شیراز از آخرین محصولات خود رونمایی نمود .</p><p style=\"font-family: tahoma, Tahoma; font-size: 13px; line-height: 22.1000003814697px; text-align: justify; word-spacing: 0px; background-color: rgba(255, 255, 255, 0.8);\">گروه کرمان موتور&nbsp;از تاریخ 19 تا 22 خرداد ماه در سالن نرگس&nbsp;با محصولات جدید خود ( لیفان 720 ، لیفان 820 ، لیفان ایکس 50 و جک S5 )&nbsp;پذیرای بازدیدکنندگان گرامی می باشد . بیشترین استقبال در این غرفه از محصول لیفان X50 و لیفان 820&nbsp;بود .</p><p>&nbsp;</p>','<p style=\"font-family: tahoma, Tahoma; font-size: 13px; line-height: 22.1000003814697px; text-align: justify; word-spacing: 0px; background-color: rgba(255, 255, 255, 0.8);\">شرکت های تولیدکننده و واردکننده خودرو با عرضه برخی محصولات جدید در این نمایشگاه حضور یافته&zwnj;اند.</p>\r\n\r\n<p style=\"font-family: tahoma, Tahoma; font-size: 13px; line-height: 22.1000003814697px; text-align: justify; word-spacing: 0px; background-color: rgba(255, 255, 255, 0.8);\">گروه صنعتی ایران خودرو، گروه خودروسازی بهمن، کرمان خودرو، مدیران خودرو و راین خودرو از جمله شرکت&zwnj;های حضور یافته در چهاردهمین نمایشگاه بین المللی خودرو و قطعات شیراز هستند. برخی از خودروهای داخلی و خارجی جدید برای اولین بار در این نمایشگاه عرضه شده&zwnj;اند.</p>\r\n','لیفان 720, لیفان 820, لیفان820, لیفان720, لیفان ایکس 50, لیفان ایکس50, لیفان x50, جک اس5, جک اس 5, جک s5, کرمان موتور, کرمان موتور 1732, کرمان موتور اس 5, کرمان موتور اس5, کرمان موتور ایکس50, کرمان موتور ایکس 50, کرمان موتور لیفان 720, کرمان موتور  لیفان,'),(87,3,'جدیدترین محصولات کرمان‌موتور در نمایشگاه بین‌المللی شیراز','جدیدترین محصولات کرمان‌موتور در نمایشگاه بین‌المللی شیراز','جدیدترین محصولات کرمان‌موتور در نمایشگاه بین‌المللی شیراز','<p style=\"text-align: center;\"><u>​</u><img title=\"لیفان 720 - نمایندگی 1732 کرمان موتور\" src=\"http://www.kermanmotor1732.com/uploads/posts/2015-06/1434010086_kermanmotor1732-10.jpg\" alt=\"لیفان 720 - نمایندگی 1732 کرمان موتور\"></p><p style=\"font-family: tahoma, Tahoma; font-size: 13px; line-height: 22.1000003814697px; text-align: justify; word-spacing: 0px; background-color: rgba(255, 255, 255, 0.8);\">&nbsp;</p><p style=\"font-family: tahoma, Tahoma; font-size: 13px; line-height: 22.1000003814697px; text-align: justify; word-spacing: 0px; background-color: rgba(255, 255, 255, 0.8);\">گروه کرمان موتور عصر امروز 19 خرداد ماه 94 در سالن نرگس نمایشگاه بین‌المللی شیراز از آخرین محصولات خود رونمایی نمود .</p><p style=\"font-family: tahoma, Tahoma; font-size: 13px; line-height: 22.1000003814697px; text-align: justify; word-spacing: 0px; background-color: rgba(255, 255, 255, 0.8);\">گروه کرمان موتور&nbsp;از تاریخ 19 تا 22 خرداد ماه در سالن نرگس&nbsp;با محصولات جدید خود ( لیفان 720 ، لیفان 820 ، لیفان ایکس 50 و جک S5 )&nbsp;پذیرای بازدیدکنندگان گرامی می باشد . بیشترین استقبال در این غرفه از محصول لیفان X50 و لیفان 820&nbsp;بود .</p><p>&nbsp;</p>','<p style=\"font-family: tahoma, Tahoma; font-size: 13px; line-height: 22.1000003814697px; text-align: justify; word-spacing: 0px; background-color: rgba(255, 255, 255, 0.8);\">شرکت های تولیدکننده و واردکننده خودرو با عرضه برخی محصولات جدید در این نمایشگاه حضور یافته&zwnj;اند.</p>\r\n\r\n<p style=\"font-family: tahoma, Tahoma; font-size: 13px; line-height: 22.1000003814697px; text-align: justify; word-spacing: 0px; background-color: rgba(255, 255, 255, 0.8);\">گروه صنعتی ایران خودرو، گروه خودروسازی بهمن، کرمان خودرو، مدیران خودرو و راین خودرو از جمله شرکت&zwnj;های حضور یافته در چهاردهمین نمایشگاه بین المللی خودرو و قطعات شیراز هستند. برخی از خودروهای داخلی و خارجی جدید برای اولین بار در این نمایشگاه عرضه شده&zwnj;اند.</p>\r\n','لیفان 720, لیفان 820, لیفان820, لیفان720, لیفان ایکس 50, لیفان ایکس50, لیفان x50, جک اس5, جک اس 5, جک s5, کرمان موتور, کرمان موتور 1732, کرمان موتور اس 5, کرمان موتور اس5, کرمان موتور ایکس50, کرمان موتور ایکس 50, کرمان موتور لیفان 720, کرمان موتور  لیفان,'),(89,1,'ارزان‌ترین خودرو شاسی‌بلند به بازار می‌آید','ارزان‌ترین خودرو شاسی‌بلند به بازار می‌آید','ارزان‌ترین خودرو شاسی‌بلند به بازار می‌آید','<p style=\"text-align: center;\">​<img title=\"لیفان ایکس50 - نمایندگی 1732 کرمان موتور\" src=\"http://www.kermanmotor1732.com/uploads/posts/2015-06/1434012881_kermanmotor1732-24.jpg\" alt=\"لیفان ایکس50 - نمایندگی 1732 کرمان موتور\"></p>','<p dir=\"RTL\" style=\"font-family: tahoma, Tahoma; font-size: 13px; line-height: 22.1000003814697px; text-align: justify; word-spacing: 0px; background-color: rgba(255, 255, 255, 0.8);\"><strong>مدیرعامل شركت كرمان موتور اعلام كرد :</strong> این مجموعه با معرفی خودرو لیفان ایكس 50، ارزانترین شاسی&zwnj;بلند بازار ایران را در نمایشگاه خودرو شیراز معرفی کرد .</p>\r\n\r\n<p dir=\"RTL\" style=\"font-family: tahoma, Tahoma; font-size: 13px; line-height: 22.1000003814697px; text-align: justify; word-spacing: 0px; background-color: rgba(255, 255, 255, 0.8);\">سیدمحمدرضا میرعلینقی با اعلام این خبر افزود: با توجه به افزایش حجم تقاضای موجود در بازار ایران برای خرید خودروهای شاسی بلند، برنامه ریزی برای تولید این خودرو شاسی بلند كوچك و اقتصادی در دستور كار قرار گرفته است.</p>\r\n\r\n<p dir=\"RTL\" style=\"font-family: tahoma, Tahoma; font-size: 13px; line-height: 22.1000003814697px; text-align: justify; word-spacing: 0px; background-color: rgba(255, 255, 255, 0.8);\">وی گفت: بر اساس برنامه ریزی های صورت گرفته این خودرو ابتدا با موتور 1500 سی سی اتوماتیك و دنده ای در ایران تولید خواهد شد.&nbsp;وی با بیان اینكه خودرو لیفان ایكس 50 استاندارد آلایندگی یورو5 را دارا است، افزود: برخورداری از سیستم&nbsp;EOBD&nbsp;و سیستم زمان&zwnj;بندی متغیر سوپاپها از دیگر ویژگی این خودرو است.</p>\r\n\r\n<p dir=\"RTL\" style=\"font-family: tahoma, Tahoma; font-size: 13px; line-height: 22.1000003814697px; text-align: justify; word-spacing: 0px; background-color: rgba(255, 255, 255, 0.8);\">میرعلینقی با بیان اینكه خودرو لیفان ایكس 50 از امكانات جانبی متنوعی برخوردار است، افزود در تلاش هستیم سهم قابل توجهی از بازار خودروهای شاسی بلند را به این خودرو اختصاص دهیم.</p>\r\n\r\n<p dir=\"RTL\" style=\"font-family: tahoma, Tahoma; font-size: 13px; line-height: 22.1000003814697px; text-align: justify; word-spacing: 0px; background-color: rgba(255, 255, 255, 0.8);\">مدیرعامل كرمان موتور تصریح كرد: امكاناتی همچون سانروف، سیستم ترمز ضد قفل&nbsp;ABS&nbsp;و سیستم ترمز كمكیBAS، سنسور دنده عقب، صندلی چرمی، رینگ آلومینیومی و سایر امكانات كاربردی دیگر از مهمترین ویژگی های خودرو لیفان ایكس 50 است.</p>\r\n\r\n<p dir=\"RTL\" style=\"font-family: tahoma, Tahoma; font-size: 13px; line-height: 22.1000003814697px; text-align: justify; word-spacing: 0px; background-color: rgba(255, 255, 255, 0.8);\">وی گفت : پیش فروش این خودرو از 24 خردادماه جاری در نمایندگی&nbsp;های مجاز كرمان موتور با قیمت 52.9 میلیون تومان برای مدل اتومات و 47.9 میلیون تومان برای مدل دستی آغاز می شود و در عین حال متقاضیان می توانند از روز 23 خردادماه&nbsp;&nbsp;با مراجعه به&nbsp;شبكه نمایندگی ها از شرایط پیش&nbsp;فروش اطلاع حاصل کنند&nbsp;.</p>\r\n','کرمان موتور, کرمان موتور 1732, لیفان ایکس 50, لیفان ایکس50, لیفان x50, محصولات لیفان'),(89,3,'ارزان‌ترین خودرو شاسی‌بلند به بازار می‌آید','ارزان‌ترین خودرو شاسی‌بلند به بازار می‌آید','ارزان‌ترین خودرو شاسی‌بلند به بازار می‌آید','<p style=\"text-align: center;\">​<img title=\"لیفان ایکس50 - نمایندگی 1732 کرمان موتور\" src=\"http://www.kermanmotor1732.com/uploads/posts/2015-06/1434012881_kermanmotor1732-24.jpg\" alt=\"لیفان ایکس50 - نمایندگی 1732 کرمان موتور\"></p>','<p dir=\"RTL\" style=\"font-family: tahoma, Tahoma; font-size: 13px; line-height: 22.1000003814697px; text-align: justify; word-spacing: 0px; background-color: rgba(255, 255, 255, 0.8);\"><strong>مدیرعامل شركت كرمان موتور اعلام كرد :</strong> این مجموعه با معرفی خودرو لیفان ایكس 50، ارزانترین شاسی&zwnj;بلند بازار ایران را در نمایشگاه خودرو شیراز معرفی کرد .</p>\r\n\r\n<p dir=\"RTL\" style=\"font-family: tahoma, Tahoma; font-size: 13px; line-height: 22.1000003814697px; text-align: justify; word-spacing: 0px; background-color: rgba(255, 255, 255, 0.8);\">سیدمحمدرضا میرعلینقی با اعلام این خبر افزود: با توجه به افزایش حجم تقاضای موجود در بازار ایران برای خرید خودروهای شاسی بلند، برنامه ریزی برای تولید این خودرو شاسی بلند كوچك و اقتصادی در دستور كار قرار گرفته است.</p>\r\n\r\n<p dir=\"RTL\" style=\"font-family: tahoma, Tahoma; font-size: 13px; line-height: 22.1000003814697px; text-align: justify; word-spacing: 0px; background-color: rgba(255, 255, 255, 0.8);\">وی گفت: بر اساس برنامه ریزی های صورت گرفته این خودرو ابتدا با موتور 1500 سی سی اتوماتیك و دنده ای در ایران تولید خواهد شد.&nbsp;وی با بیان اینكه خودرو لیفان ایكس 50 استاندارد آلایندگی یورو5 را دارا است، افزود: برخورداری از سیستم&nbsp;EOBD&nbsp;و سیستم زمان&zwnj;بندی متغیر سوپاپها از دیگر ویژگی این خودرو است.</p>\r\n\r\n<p dir=\"RTL\" style=\"font-family: tahoma, Tahoma; font-size: 13px; line-height: 22.1000003814697px; text-align: justify; word-spacing: 0px; background-color: rgba(255, 255, 255, 0.8);\">میرعلینقی با بیان اینكه خودرو لیفان ایكس 50 از امكانات جانبی متنوعی برخوردار است، افزود در تلاش هستیم سهم قابل توجهی از بازار خودروهای شاسی بلند را به این خودرو اختصاص دهیم.</p>\r\n\r\n<p dir=\"RTL\" style=\"font-family: tahoma, Tahoma; font-size: 13px; line-height: 22.1000003814697px; text-align: justify; word-spacing: 0px; background-color: rgba(255, 255, 255, 0.8);\">مدیرعامل كرمان موتور تصریح كرد: امكاناتی همچون سانروف، سیستم ترمز ضد قفل&nbsp;ABS&nbsp;و سیستم ترمز كمكیBAS، سنسور دنده عقب، صندلی چرمی، رینگ آلومینیومی و سایر امكانات كاربردی دیگر از مهمترین ویژگی های خودرو لیفان ایكس 50 است.</p>\r\n\r\n<p dir=\"RTL\" style=\"font-family: tahoma, Tahoma; font-size: 13px; line-height: 22.1000003814697px; text-align: justify; word-spacing: 0px; background-color: rgba(255, 255, 255, 0.8);\">وی گفت : پیش فروش این خودرو از 24 خردادماه جاری در نمایندگی&nbsp;های مجاز كرمان موتور با قیمت 52.9 میلیون تومان برای مدل اتومات و 47.9 میلیون تومان برای مدل دستی آغاز می شود و در عین حال متقاضیان می توانند از روز 23 خردادماه&nbsp;&nbsp;با مراجعه به&nbsp;شبكه نمایندگی ها از شرایط پیش&nbsp;فروش اطلاع حاصل کنند&nbsp;.</p>\r\n','کرمان موتور, کرمان موتور 1732, لیفان ایکس 50, لیفان ایکس50, لیفان x50, محصولات لیفان'),(91,1,'فعالیت مدیریت در سایت نمایندگی','فعالیت مدیریت در سایت نمایندگی','فعالیت مدیریت در سایت نمایندگی','<p>سلام</p><p>&nbsp;</p><p>طاعات و عبادات هموطنان عزیز و دوستداران محصولات کرمان موتور مورد قبول درگاه حق.</p><p>&nbsp;</p><p>مطلع شدیم برخی از دوستان اشتباها یا سهوا در دیگر سایت های اینترنتی که مطالب مرتبط با محصولات کرمان موتور را در سایت خود قرار داده اند اقدام به درج سوالات و نظرات و درخواست های خود در آن مراجع از جناب <strong>یعقوبیان</strong> نموده اند. لذا لازم دانستیم خدمت همه عزیزان اعلام نمائیم <strong>جناب یعقوبیان</strong> فقط از طریق سایت نمایندگی 1732 پاسخگوی سوالات و درخواست های دوستان خواهد بود.</p><p>&nbsp;</p><p>به مراتب تمامی آدرس های مرتبط با نمایندگی 1732 به پیوست اعلام می گردد.</p><p>&nbsp;</p><p style=\"direction: ltr;\">http://www.1732.ir</p><p style=\"direction: ltr;\">http://www.kermanmotor1732.com</p><p style=\"direction: ltr;\">http://www.kmc1732.com</p><p style=\"direction: ltr;\">http://www.kmc1732.ir</p><p style=\"direction: ltr;\">&nbsp;</p>','<p>سلام</p>\r\n\r\n<p>&nbsp;</p>\r\n\r\n<p>طاعات و عبادات هموطنان عزیز و دوستداران محصولات کرمان موتور مورد قبول درگاه حق.</p>\r\n\r\n<p>&nbsp;</p>\r\n\r\n<p>مطلع شدیم برخی از دوستان اشتباها یا سهوا در دیگر سایت های اینترنتی که مطالب مرتبط با محصولات کرمان موتور را در سایت خود قرار داده اند اقدام به درج سوالات و نظرات و درخواست های خود در آن مراجع از جناب <strong>یعقوبیان</strong> نموده اند. لذا لازم دانستیم خدمت همه عزیزان اعلام نمائیم <strong>جناب یعقوبیان</strong> فقط از طریق سایت نمایندگی 1732 پاسخگوی سوالات و درخواست های دوستان خواهد بود.</p>\r\n\r\n<p>&nbsp;</p>\r\n\r\n<p>به مراتب تمامی آدرس های مرتبط با نمایندگی 1732 به پیوست اعلام می گردد.</p>\r\n\r\n<p>&nbsp;</p>\r\n\r\n<p style=\"direction: ltr;\">http://www.1732.ir</p>\r\n\r\n<p style=\"direction: ltr;\">http://www.kermanmotor1732.com</p>\r\n\r\n<p style=\"direction: ltr;\">http://www.kmc1732.com</p>\r\n\r\n<p style=\"direction: ltr;\">http://www.kmc1732.ir</p>\r\n\r\n<p style=\"direction: ltr;\">&nbsp;</p>\r\n',''),(91,3,'فعالیت مدیریت در سایت نمایندگی','فعالیت مدیریت در سایت نمایندگی','فعالیت مدیریت در سایت نمایندگی','<p>سلام</p><p>&nbsp;</p><p>طاعات و عبادات هموطنان عزیز و دوستداران محصولات کرمان موتور مورد قبول درگاه حق.</p><p>&nbsp;</p><p>مطلع شدیم برخی از دوستان اشتباها یا سهوا در دیگر سایت های اینترنتی که مطالب مرتبط با محصولات کرمان موتور را در سایت خود قرار داده اند اقدام به درج سوالات و نظرات و درخواست های خود در آن مراجع از جناب <strong>یعقوبیان</strong> نموده اند. لذا لازم دانستیم خدمت همه عزیزان اعلام نمائیم <strong>جناب یعقوبیان</strong> فقط از طریق سایت نمایندگی 1732 پاسخگوی سوالات و درخواست های دوستان خواهد بود.</p><p>&nbsp;</p><p>به مراتب تمامی آدرس های مرتبط با نمایندگی 1732 به پیوست اعلام می گردد.</p><p>&nbsp;</p><p style=\"direction: ltr;\">http://www.1732.ir</p><p style=\"direction: ltr;\">http://www.kermanmotor1732.com</p><p style=\"direction: ltr;\">http://www.kmc1732.com</p><p style=\"direction: ltr;\">http://www.kmc1732.ir</p><p style=\"direction: ltr;\">&nbsp;</p>','<p>سلام</p>\r\n\r\n<p>&nbsp;</p>\r\n\r\n<p>طاعات و عبادات هموطنان عزیز و دوستداران محصولات کرمان موتور مورد قبول درگاه حق.</p>\r\n\r\n<p>&nbsp;</p>\r\n\r\n<p>مطلع شدیم برخی از دوستان اشتباها یا سهوا در دیگر سایت های اینترنتی که مطالب مرتبط با محصولات کرمان موتور را در سایت خود قرار داده اند اقدام به درج سوالات و نظرات و درخواست های خود در آن مراجع از جناب <strong>یعقوبیان</strong> نموده اند. لذا لازم دانستیم خدمت همه عزیزان اعلام نمائیم <strong>جناب یعقوبیان</strong> فقط از طریق سایت نمایندگی 1732 پاسخگوی سوالات و درخواست های دوستان خواهد بود.</p>\r\n\r\n<p>&nbsp;</p>\r\n\r\n<p>به مراتب تمامی آدرس های مرتبط با نمایندگی 1732 به پیوست اعلام می گردد.</p>\r\n\r\n<p>&nbsp;</p>\r\n\r\n<p style=\"direction: ltr;\">http://www.1732.ir</p>\r\n\r\n<p style=\"direction: ltr;\">http://www.kermanmotor1732.com</p>\r\n\r\n<p style=\"direction: ltr;\">http://www.kmc1732.com</p>\r\n\r\n<p style=\"direction: ltr;\">http://www.kmc1732.ir</p>\r\n\r\n<p style=\"direction: ltr;\">&nbsp;</p>\r\n',''),(92,1,'شرایط فروش ویژه لیفان 820','شرایط فروش ویژه لیفان 820','شرایط فروش ویژه لیفان 820','<p><s>​</s><img title=\"فروش وِیژه لیفان 820 - نمایندگی 1732 کرمان موتور\" src=\"http://www.kermanmotor1732.com/uploads/posts/2015-08/1439447873_20140425_s_2014_04_20140425_lifan_820.jpg\" alt=\"فروش وِیژه لیفان 820 - نمایندگی 1732 کرمان موتور\"></p>','<p>بزودی ...</p>\r\n','لیفان820, لیفان 820, lifan 820, lifan820, محصولات لیفان, لیفان کرمان موتور, فروش لیفان 820, پیش فروش لیفان 820, لیفان 820 چجور ماشینی است؟, کیفیت لیفان 820, مزایا لیفان, معایب لیفان 820'),(92,3,'شرایط فروش ویژه لیفان 820','شرایط فروش ویژه لیفان 820','شرایط فروش ویژه لیفان 820','<p>فروش لیفان 820</p>','<p>بزودی ...</p>\r\n',''),(90,1,'پیش فروش و فروش ویژه لیفان X50 - مرداد 1394','پیش فروش و فروش ویژه لیفان X50 - مرداد 1394','پیش فروش و فروش ویژه لیفان X50 - مرداد 1394','<p><u>​</u><img style=\"text-align: center; word-spacing: 1.10000002384186px;\" title=\"لیفان ایکس 50 - نمایندگی 1732 کرمان موتور\" src=\"http://www.kermanmotor1732.com/uploads/posts/2015-06/1433687207_x50-2.jpg\" alt=\"لیفان ایکس 50 - نمایندگی 1732 کرمان موتور\"></p>','<table>\r\n	<tbody>\r\n		<tr>\r\n			<td class=\"download-sales\"><a href=\"/sales/X50A-Mordad94.pdf\" rel=\"nofollow\" target=\"_blank\">فروش ویژه لیفان X50 اتوماتیک&nbsp;<span class=\"red_co str\">- مرداد 1394</span></a></td>\r\n		</tr>\r\n	</tbody>\r\n</table>\r\n','لیفان ایکس50, لیفان ایکس 50, لیفان شاسی بلند, شاسی بلند کرمان موتور, کرمان موتور, نمایندگی 1732 کرمان موتور, کرمان موتور 1732, LIFAN X50, اطلاعات لیفان X50, تصاویر لیفان X50, تصاویر لیفان ایکس 50, خودرو X50, خودرو لیفان, خودرو لیفان ایکس 50, شاسی بلند ارز'),(90,3,'پیش فروش و فروش ویژه لیفان X50 - مرداد 1394','پیش فروش و فروش ویژه لیفان X50 - مرداد 1394','پیش فروش و فروش ویژه لیفان X50 - مرداد 1394','<p><u>​</u><img style=\"text-align: center; word-spacing: 1.10000002384186px;\" title=\"لیفان ایکس 50 - نمایندگی 1732 کرمان موتور\" src=\"http://www.kermanmotor1732.com/uploads/posts/2015-06/1433687207_x50-2.jpg\" alt=\"لیفان ایکس 50 - نمایندگی 1732 کرمان موتور\"></p>','<table>\r\n	<tbody>\r\n		<tr>\r\n			<td class=\"download-sales\"><a href=\"/sales/X50A-Mordad94.pdf\" rel=\"nofollow\" target=\"_blank\">فروش ویژه لیفان X50 اتوماتیک&nbsp;<span class=\"red_co str\">- مرداد 1394</span></a></td>\r\n		</tr>\r\n	</tbody>\r\n</table>\r\n','لیفان ایکس50, لیفان ایکس 50, لیفان شاسی بلند, شاسی بلند کرمان موتور, کرمان موتور, نمایندگی 1732 کرمان موتور, کرمان موتور 1732, LIFAN X50, اطلاعات لیفان X50, تصاویر لیفان X50, تصاویر لیفان ایکس 50, خودرو X50, خودرو لیفان, خودرو لیفان ایکس 50, شاسی بلند ارز'),(63,1,'پیش فروش و فروش ویژه جک اس 5 - مهر 1394','پیش فروش و فروش ویژه جک اس 5 - مهر 1394','پیش فروش و فروش ویژه جک اس 5 - مهر 1394','<p>​<img title=\"جک اس 5 - نمایندگی 1732 کرمان موتور\" src=\"http://www.kermanmotor1732.com/uploads/posts/1417375505_page_37793_8_img_0401.jpg\" alt=\"جک اس 5\" width=\"431\" height=\"287\"></p>','<table>\r\n	<tbody>\r\n		<tr>\r\n			<td class=\"download-sales\"><a href=\"/sales/s5-9407.pdf\" rel=\"nofollow\" target=\"_blank\">فروش ویژه جک اس 5&nbsp;<span class=\"red_co str\">- مهر 1394</span></a></td>\r\n		</tr>\r\n	</tbody>\r\n</table>\r\n','فروش ویژه جک اس 5, فروش جک, اس5, اس 5, S5, Jac, پیش فروش جک اس5, جک اس 5, jac s5, کرمان موتور جک اس5, کرمان موتور جک اس 5, کرمان موتور اس5, کرمان موتور اس 5, فروش کرمان موتور, شرایط فروش کرمان موتور'),(63,3,'پیش فروش و فروش ویژه جک اس 5 - مهر 1394','پیش فروش و فروش ویژه جک اس 5 - مهر 1394','پیش فروش و فروش ویژه جک اس 5 - مهر 1394','<p>​<img title=\"جک اس 5 - نمایندگی 1732 کرمان موتور\" src=\"http://www.kermanmotor1732.com/uploads/posts/1417375505_page_37793_8_img_0401.jpg\" alt=\"جک اس 5\" width=\"431\" height=\"287\"></p>','<table>\r\n	<tbody>\r\n		<tr>\r\n			<td class=\"download-sales\"><a href=\"/sales/s5-9407.pdf\" rel=\"nofollow\" target=\"_blank\">فروش ویژه جک اس 5&nbsp;<span class=\"red_co str\">- مهر 1394</span></a></td>\r\n		</tr>\r\n	</tbody>\r\n</table>\r\n','فروش ویژه جک اس 5, فروش جک, اس5, اس 5, S5, Jac, پیش فروش جک اس5, جک اس 5, jac s5, کرمان موتور جک اس5, کرمان موتور جک اس 5, کرمان موتور اس5, کرمان موتور اس 5, فروش کرمان موتور, شرایط فروش کرمان موتور'),(32,1,'شرایط فروش مهر 1394 محصولات کرمان موتور','شرایط فروش مهر 1394 محصولات کرمان موتور','شرایط فروش مهر 1394 محصولات کرمان موتور','<p style=\"text-align: center;\"><em>​</em><img title=\"شرایط فروش محصولات کرمان موتور - نمایندگی 1732 کرمان موتور\" src=\"http://www.kermanmotor1732.com/uploads/posts/2015-08/1439447741_26501_952.jpg\" alt=\"شرایط فروش محصولات کرمان موتور - نمایندگی 1732 کرمان موتور\"></p>','<table>\r\n	<tbody>\r\n		<tr>\r\n			<td class=\"download-sales\">\r\n			<p><a href=\"/sales/j5d-9407.pdf\" rel=\"nofollow\" target=\"_blank\">شرایط فروش جی5 مدل 1500 دنده ای - مهر 94</a></p>\r\n			</td>\r\n		</tr>\r\n		<tr>\r\n			<td class=\"download-sales\">\r\n			<p><a href=\"/sales/j5-9407.pdf\" rel=\"nofollow\" target=\"_blank\">شرایط فروش جی5 مدل 1800 اتوماتیک -&nbsp;مهر 94</a></p>\r\n			</td>\r\n		</tr>\r\n		<tr>\r\n			<td class=\"download-sales\">\r\n			<p><a href=\"/sales/j5d-9407-aghsati.pdf\" rel=\"nofollow\" target=\"_blank\">شرایط فروش اقساطی جی5 مدل 1500 دنده ای - مهر 94</a></p>\r\n			</td>\r\n		</tr>\r\n		<tr>\r\n			<td class=\"download-sales\">\r\n			<p><a href=\"/sales/j5a-9407-aghsati.pdf\" rel=\"nofollow\" target=\"_blank\">شرایط فروش اقساطی جی5 مدل 1800 اتوماتیک -&nbsp;مهر 94</a></p>\r\n			</td>\r\n		</tr>\r\n		<tr>\r\n			<td class=\"download-sales\">\r\n			<p><a href=\"/sales/x60-9407.pdf\" rel=\"nofollow\" target=\"_blank\">شرایط فروش لیفان ایکس60 - مهر 94</a>&nbsp;</p>\r\n			</td>\r\n		</tr>\r\n	</tbody>\r\n</table>\r\n','فروش کرمان موتور, لیفان, جک قسطی, جک اتوماتیک, محصولات جک, جی5, جی 5, کرمان موتور, جک اس5, جک اس 5, شرایط فروش کرمان موتور, جی 5 اتوماتیک, جی5 اتومات, لیفان 620, لیفان ایکس 60, ایکس60'),(32,3,'شرایط فروش آبان 1394 محصولات کرمان موتور','شرایط فروش آبان 1394 محصولات کرمان موتور','شرایط فروش آبان 1394 محصولات کرمان موتور','<p style=\"text-align: center;\"><em>​</em><img title=\"شرایط فروش محصولات کرمان موتور - نمایندگی 1732 کرمان موتور\" data-cke-saved-src=\"http://www.kermanmotor1732.com/uploads/posts/2015-08/1439447741_26501_952.jpg\" src=\"http://www.kermanmotor1732.com/uploads/posts/2015-08/1439447741_26501_952.jpg\" alt=\"شرایط فروش محصولات کرمان موتور - نمایندگی 1732 کرمان موتور\"></p>','<table>\r\n	<tbody>\r\n		<tr>\r\n			<td class=\"download-sales\">\r\n			<p><a href=\"/sales/s5-9408.pdf\" rel=\"nofollow\" target=\"_blank\">شرایط فروش اس5 - آبان 94</a>&nbsp;</p>\r\n			</td>\r\n		</tr>\r\n		<tr>\r\n			<td class=\"download-sales\">\r\n			<p><a href=\"/sales/j5d-9408.pdf\" rel=\"nofollow\" target=\"_blank\">شرایط فروش جی5 مدل 1500 دنده ای - آبان 94</a>&nbsp;</p>\r\n			</td>\r\n		</tr>\r\n		<tr>\r\n			<td class=\"download-sales\">\r\n			<p><a href=\"/sales/j5a-9408.pdf\" rel=\"nofollow\" target=\"_blank\">شرایط فروش جی5 مدل 1800 اتوماتیک -&nbsp;آبان 94</a>&nbsp;</p>\r\n			</td>\r\n		</tr>\r\n		<tr>\r\n			<td class=\"download-sales\">\r\n			<p><a href=\"/sales/j5d-9408-aghsati.pdf\" rel=\"nofollow\" target=\"_blank\">شرایط فروش اقساطی جی5 مدل 1500 دنده ای - آبان 94</a></p>\r\n			</td>\r\n		</tr>\r\n		<tr>\r\n			<td class=\"download-sales\">\r\n			<p><a href=\"/sales/j5a-9408-aghsati.pdf\" rel=\"nofollow\" target=\"_blank\">شرایط فروش اقساطی جی5 مدل 1800 اتوماتیک -&nbsp;آبان 94</a>&nbsp;</p>\r\n			</td>\r\n		</tr>\r\n		<tr>\r\n			<td class=\"download-sales\">\r\n			<p><a href=\"/sales/x60-9408.pdf\" rel=\"nofollow\" target=\"_blank\">شرایط فروش لیفان ایکس60 - آبان 94</a>&nbsp;</p>\r\n			</td>\r\n		</tr>\r\n		<tr>\r\n			<td class=\"download-sales\">\r\n			<p><a href=\"/sales/x60-9408-aghsati.pdf\" rel=\"nofollow\" target=\"_blank\">شرایط فروش اقساطی لیفان ایکس60 - آبان 94</a>&nbsp;</p>\r\n			</td>\r\n		</tr>\r\n	</tbody>\r\n</table>\r\n',''),(85,1,'فروش ویژه محصولات لیفان نمایندگی 1732 کرمان موتور','فروش ویژه محصولات لیفان نمایندگی 1732 کرمان موتور','فروش ویژه محصولات لیفان نمایندگی 1732 کرمان موتور','<p><em>​</em><img title=\"لیفان 620 - نمایندگی 1732 کرمان موتور\" src=\"http://www.kermanmotor1732.com/uploads/posts/2015-10/1444155231_ad0f924s-960.jpg\" alt=\"لیفان 620 - نمایندگی 1732 کرمان موتور\"></p>','<p style=\"text-align: center;\"><img alt=\"لیفان - نمایندگی 1732 کرمان موتور\" src=\"http://www.kermanmotor1732.com/uploads/posts/2015-10/1444200232_lifan620-x60.jpg\" title=\"لیفان - نمایندگی 1732 کرمان موتور\" /></p>\r\n','فروش لیفان, فروش لیفان620, فروش لیفان ایکس60, لیفان ایکس60, نمایندگی 1732, کرمان موتور'),(85,3,'فروش ویژه محصولات لیفان نمایندگی 1732 کرمان موتور','فروش ویژه محصولات لیفان نمایندگی 1732 کرمان موتور','فروش ویژه محصولات لیفان نمایندگی 1732 کرمان موتور','<p><em>​</em><img title=\"لیفان 620 - نمایندگی 1732 کرمان موتور\" src=\"http://www.kermanmotor1732.com/uploads/posts/2015-10/1444155231_ad0f924s-960.jpg\" alt=\"لیفان 620 - نمایندگی 1732 کرمان موتور\"></p>','<p style=\"text-align: center;\"><img alt=\"لیفان - نمایندگی 1732 کرمان موتور\" src=\"http://www.kermanmotor1732.com/uploads/posts/2015-10/1444200232_lifan620-x60.jpg\" title=\"لیفان - نمایندگی 1732 کرمان موتور\" /></p>\r\n','فروش لیفان, فروش لیفان620, فروش لیفان ایکس60, لیفان ایکس60, نمایندگی 1732, کرمان موتور'),(86,1,'اولین تجربه رانندگی با کراس اوور کوچک لیفان X50','اولین تجربه رانندگی با کراس اوور کوچک لیفان X50','اولین تجربه رانندگی با کراس اوور کوچک لیفان X50','<p style=\"text-align: center;\">​<img title=\"لیفان ایکس 50 - نمایندگی 1732 کرمان موتور\" src=\"http://www.kermanmotor1732.com/uploads/posts/2015-06/1433687207_x50-2.jpg\" alt=\"لیفان ایکس 50 - نمایندگی 1732 کرمان موتور\"></p><p>مهمان جدید لیفان در بازار ایران نه یک شاسی بلند تمام عیار است و نه یک هاچبک ساده . از کد X در نامش مشخص است که لیفان آن را به عنوان یک کراس اور روانه بازار کرده است و عدد 50 در پس آن از قرار گرفتن در ابعادی پایین تر از شاسی بلند آشنای X60 خبر میدهد.</p><p>X50؛جدیدترین محصول لیفان چین است که مدت زیادی از ورودش به بازار های جهانی نظیر روسیه و خود چین نمیگذرد اما در همین مدت محدود موفق به جلب نظر مشتریانی شده که در اولویت نخست به دنبال خودرویی زیبا و البته با قیمت مناسب هستند.</p>','<p><strong>طراحی ظاهری :</strong></p>\r\n\r\n<p>جذابیت ظاهری نخستین نکته ای است که خودروسازان چینی در جهان به واسطه آن موفق به کسب موفقیت های فراوان شده اند. X50 در این معادله خوب می درخشد . طراحی نمای جلو آن بی شباهت به برندهای مطرح اروپایی نیست و در عقب نیز اگر نگوییم شباهت زیادی به آلفارومئو جولیتا دارد کم لطفی کرده ایم . به هر حال آنچه در نهایت مورد توجه قرار میگیرد تلفیق زیبایی است که بر چهره X50 نشسته. در نمای جلو چراغهای بادامی در تلفیق با نوار LED نمایی مدرن به X50 بخشیده اند . جلوپنجره کوچک یادآور هاچبک های شهری ایتالیایی است و تمام این نکات از شرکت طراح ایتالیایی همراه لیفان در خلق X50 نشات میگیرد. در نمای جلو X50 یکی از جذابترین آپشن هایی که در نگاه نخست جلب توجه میکند ، نوارهای افقی LED روشنایی در روز اطراف سپر خودرو است که در خودروهای زیر 70 میلیون تومان ایران کمتر به چشم میخورد و در زیبایی ظاهری این خودرو تاثیر بسزایی دارد.</p>\r\n\r\n<p>X50 در نگاه نخست بیشتر به یک خودرو هاچبک نزدیک است که کمی بیش از این کلاس ارتفاع گرفته است . این خودرو در کلاس کراس اورهای کوچک شهری قرار میگیرد که در سبد محصولات لیفان یک کلاس پایین تر از مدل X60 حضور دارد. حداقل ارتفاع این خودرو از سطح زمین در حالت خالی 208 میلیمتر است اما زمانی که ظرفیت سرنشینان ، بار و باک این خودرو پر باشد و وزنش از حدود 1150 کیلوگرم به حدود 1.6 تن برسد حداقل ارتفاع آن از سطح زمین به 166 میلیمتر خواهد رسید که در این حالت مشابه یک خودرو سواری بدون سرنشین و بار است. در طراحی نمای عقب ، اصول یک هاچبک اروپایی کاملا رعایت شده و چراغهای عقب کاملا شما را به یاد آلفارومئو جولیتا خواهد انداخت. بخشی از سپر عقب به رنگ مشکی است که دو چراغ شبرنگ روی آن نصب شده اند و در پایین سپر دیفیوزر نقره ای هر چند به نظر نمیرسد عملکرد فنی خاصی داشته باشد اما به پوشاندن زیربندی خودرو و نمای زیبای عقب خودرو کمک شایانی کرده است . در نمای جانبی مهمترین نکته ای که باز هم X50 را فراتر از قیمتش جلوه میدهد و آن را جوان پسند میکند طراحی خاص رینگ های آلومینیومی نقره ای و مشکی است که روی تایر های 195/60 R15 این خودرو نصب شده است.</p>\r\n\r\n<p>&nbsp;</p>\r\n\r\n<p>&nbsp;</p>\r\n\r\n<p>با ورود به اتاق X50 ، فضایی سنتی ، مدرن و اسپرت یکجا روبرو چشمانتان نقش میبندد.زمینه قرمز نمایشگرهای پشت فرمان که به سه قسمت تقسیم شدهاند بیش از هر بخش دیگری جلب توجه میکند . در بخش میانی نمایشگر دیجیتالی سرعت قرار دارد و نمایشگر دور موتور اطراف آن به صورت آنالوگ است.در نمایشگرهای سمت چپ ، وضعیت دنده و سوخت موجود نمایش داده میشود و در مجموعه سمت راست ،کامپیوتر سفری ( با قابلیت نمایش مصرف سوخت میانگین ، کارکرد ، فاصله باقیمانده تا پمپ بنزین و &hellip; ) در کنار نمایشگر آمپر قرار گرفته است .</p>\r\n\r\n<p>&nbsp;</p>\r\n\r\n<p>صندلی ها با روکش پارهای نشیمن عریض و مناسبی دارند و تنظیم آنها به صورت دستی انجام میگیرد اما جهت های زیادی را برای تغییر شرایط نشیمن در اختیار شما نمیگذارد.سیستم صوتی با 4 بلندگو به ورودی های AUX و USB مجهز شده است و قالب کلی آن قابل جایگزینی با مانیتور های رسمی لیفان است که البته هنوز کرمان موتور برنامهای برای عرضه این نمایشگر را اعلام نکرده است . سیستم تهویه مطبوع عملکرد الکتریکی دارد اما به صورت اتوماتیک عمل نمیکند و باید به صورت دستی تنظیم شود. در سمت راست ترمز دستی ورودیهای AUX و USB قرار گرفته اند و در پایین آن کلید روشن و خاموش شدن سیستم کنترل پایداری ESP است. یکی از نکات مثبت در کابین X50 که در فاصله محوری 2.5 متری این خودرو قرار گرفته است فضای مناسب پا و نشیمن سرنشینان است و در عین حال در جایجای اتاق فضاهای نگهدارندهای تعبیه شده است به گونهای که برای قرار دادن اشیاء اضافی هیچگاه به کمبود فضا در اطرافتان برخورد نخواهید کرد. کنترل ارتفاع چراغهای جلو،تنظیم برقی آینهها و کنترل سیستم مرکزی قفل دربها از طریق کلید های سمت چپ فرمان امکانپذیر است و سیستم صوتی نیز از طریق کلیدهایی که روی فرمان تعبیه شدهاند کنترل میشود. سانروف دو حالته نیز از جمله آپشنهایی است که قطعا روی این کراس اور کوچک مورد توجه مشتریان قرار خواهد گرفت.</p>\r\n\r\n<p>معمولا وقتی یک خودرو چینی قرار است قیمتی حدود 50 میلیون تومان داشته باشد حداکثر انتظار مشتریان از آن ترمز ABS و سیستم توزیع الکترونیکی نیروی ترمز EBD است و شاید بتوان امیدوار بود که سیستم ترمز هر 4 چرخ آن دیسکی باشد . X50 ضمن بهره گیری تمام این آپشنهای ایمنی و راحت کردن خیال مشتریان با استفاده از برند بوش،به تکنولوژی مجهز است که در خودروهای بالای 70 میلیون تومان به چشم میخورد و آن آپشن چیزی نیست جز سیستم کنترل پایداری ESP که از طریق کلیدی در کنار ترمزدستی روشن یا خاموش میشود . این سیستم با اسکن نتایج محاسبات سنسورهای نصب شده در 4 چرخ،در صورت تشخیص خروج خودرو از محور حرکتی با اعمال ترمز روی چرخ مورد نظر از سر خوردن یا انحراف خودرو جلوگیری میکند.دربهای خودرو پس از رسیدن به سرعت 20 کیلومتر در ساعت به صورت اتوماتیک قفل میشوند و 2 کیسه هوا برای سرنشینان جلو مکمل مهمترین آپشنهای ایمنی این خودرو هستند. برای ایمنی یک خودرو همه چیز در آپشن ها و تکنولوژی خلاصه نمیشود بلکه ساختار بدنه نیز میتواند تاثیر زیادی داشته باشد.42 درصد از ساختار بدنه لیفان X50 با فولاد پراستحکام ساخته شده است و تنظیم و طراحی شاسی با همکاری کمپانی مطرح میرا انگلستان صورت گرفته است. این خودرو از نسخه 9 سیستم ABS ، EBD و ترمز کمکی BAS بوش بهره میبرد و سیستم ESP و کنترل کشش آن نیز توسط بوش طراحی شده است.</p>\r\n\r\n<p>بخشی از آپشن های ایمنی در خدمت امنیت سرنشینان هستند و بخشی دیگر در خدمت امنیت خودرو .X50 در حالت استاندارد حدود 20 سانتیمتر بالاتر از زمین میایستد که حدود 4 سانتیمتر بیشتر از یک خودروسواری معمولی است و همین امر موجب میشود این خودرو امکان تردد در جاده های خاکی بدون وارد آمدن خسارت به زیربندی را نیز داشته باشد اما رسما به دنبال آفرود نیست و همین که عنوان کراساور را یدک میکشد برای توجیه این ارتفاع کافی است.</p>\r\n\r\n<p>لیفان از جمله خودروسازان چینی است که به سازی پیشرانه ها بر پایه نمونه های موفق در محصولات جدید را همواره در دستور کار قرار میدهد . از آنجایی که کراس اوور کوچک X50 وزنی حدود 1150 کیلوگرم و در حد و اندازه های یک پژو 405 دارد ، پیشرانه 1.5 لیتری با کد LF برای آن انتخاب شده که در نسخه جدیدش به تکنولوژی هوشمند زمانبندی متغیر سوپاپ (iVVT) مجهز شده است.حداکثر توان این پیشرانه در دور موتور 6000 به 102 اسب بخار میرسد و حداکثر گشتاورش نیز بین دور موتور 3500 تا 4500 عدد 133 نیوتون متر را نشان میدهد. از آنجایی که X50 کراس اوور شهری به حساب می آید و راندمان بهینه در صدر خصوصیاتش قرار دارد انتقال نیرو به محور جلو انجام میشود و نخستین X50 مورد آزمایش ما در ایران برای انجام این وظیفه به گیربکس اتوماتیک CVT (گیربکس ضریب متغیر پیوسته) مجهز بود اما این آخرین انتخاب کرمان موتور برای X50 در ایران نیست چرا که قرار است این کراس اور با گیربکس 5 سرعته دستی و قیمتی کمتر از نمونه مجهز به گیربکس اتوماتیک CVT نیز به بازار کشور عرضه شود.</p>\r\n\r\n<p>&nbsp;</p>\r\n\r\n<p style=\"text-align: center;\"><img alt=\"لیفان ایکس 50 - نمایندگی 1732 کرمان موتور\" src=\"http://www.kermanmotor1732.com/uploads/posts/2015-06/1433687170_x50-1.jpg\" title=\"لیفان ایکس 50 - نمایندگی 1732 کرمان موتور\" /></p>\r\n\r\n<p>&nbsp;</p>\r\n\r\n<p>&nbsp;</p>\r\n\r\n<p>گیربکس CVT به دلیل بهره گیری از تعداد زیاد چرخدنده،حالت توقف و ضربه تعویض دنده ها را به سرنشینان القا نمیکند و در هنگام تعویض دنده افت توان احساس نمیشود اما در عین حال بسیاری از کارشناسان معتقدند این گیربکس بیش از آنکه به رانندگی اسپرت کمک کند در راستای رانندگی یکنواخت و بدون وقفه در تعویض دنده ها و همچنین کاهش مصرف سوخت موثر است . گیربکس CVT این خودرو امکان تعویض به صورت دستی را برای راننده محیا نمیکند اما حالت S (اسپرت) برای افزایش شتاب و استارت حرکت برای آن تعریف شده که در مقابل موجب افزایش مصرف سوخت خودرو نیز میشود . مصرف سوخت X50 بنا به اعلام شرکت لیفان با گیربکس CVT 6.5 لیتر در 100 کیلومتر است و با استفاده از گیربکس دستی این رقم به حدود 6.3 لیتر میرسد. با توجه به تجهیز کامپیوتر سفری این خودرو به سامانه اعلام مصرف میانگین سوخت در طول آزمایش پرفشار ما ، مصرف سوخت این خودرو رقمی حدود 8.5 لیتر در 100 کیلومتر را نشان میداد.</p>\r\n\r\n<p>سیستم تعلیق X50 در جلو از نوع مستقل مک فرسون است و در عقب نیز از سیستم تعلیق مستقل Semi-Trailing Arm بهره میبرد که در مقایسه با دیگر سیستم تعلیق ها انعطافپذیری قابل قبولی دارد و فضای کمتری را اشغال میکند وبیشتر در خودروهای کراس اور مورد استفاده قرار میگیرد.یکی از مهمترین مشخصات فنی X50 که به قول ایرانی ها هندلینگ دقیق و مناسبی را فراهم میکند سیستم فرمان EPS برقی است که بهره گیری از آن در این خودرو کوچکجثه رانندگی در فضاهای محدود را بسیار سهل میکند و همچنین حداقل شعاع گردش 9.6 متری ، در طول آزمایش مانور در خیابان ها و کوچه های نسبتا کم عرض را ساده می ساخت.</p>\r\n\r\n<p>شرکت لیفان از X50 به عنوان برگ برنده در بازارهای موفق خارجی همچون روسیه یاد میکند اما اولین نکتهای که با نشستن در اتاق X50 ممکن است شما را آزار دهد ، ارتفاع اتاق است که با باز کردن آفتابگیر فضای دیدتان را کور میکند. صندلی نرمی خوبی دارد و در رانندگی بلند مدت به دلیل بهرهگیری از روکش پارچهای موجب عرق کردن در هوا گرم و یا سرد شدن در هوای سرد نمی شود.دسترسی به کلیه کلید ها و آپشن ها نیز با ارگونومی مناسب امکان پذیر است. با روشن شدن خودرو صدای غرندهای از پیشرانه 1.5 لیتری به گوش نمیرسد و عایق بندی و شرایط صدای داخل اتاق مشابه پژو 206 و حتی در وضعیت بهتری است . گیربکس CVT را برای آغاز حرکت با فشردن پدال ترمز در حالت D قرار میدهیم و حرکت را آغاز میکنیم. X50 هر چند در ظاهر و کابین المان های اسپرتی را به شما نشان میدهد اما در شروع حرکت با گیربکس CVT نباید انتظار شروعی توفانی را داشته باشید چرا که در این خودرو تمرکز روی رانندگی اقتصادی بیش از حالت اسپرت است. شروع حرکت معمولا با تاخیر و کندی اندکی همراه است اما به دلیل بازه 1000 دور موتوری حداکثر گشتاور 133 نیوتون متر ، با ورود به دنده 2 کشش خودرو مکث اولیه را از ذهن شما پاک میکند اما شتاب صفر تا صد بسیار خوبی را رقم نمیزند. فرمان برقی با دقت بالا دقیق است و به خصوص در مانور های شهری و خارج از جاده عملکرد دقیقی را به نمایش میگذارد. ترمز های خودرو به واسطه بهره گیری از ترمز های دیسکی در جلو و عقب و تکنولوژی های روز ، عملکرد مناسبی دارند و توزیع وزن مناسب اتاق از سر خوردن بیش از حد خودرو جلوگیری میکند.</p>\r\n\r\n<p>&nbsp;</p>\r\n\r\n<p style=\"text-align: center;\"><img alt=\"لیفان ایکس 50 - نمایندگی 1732 کرمان موتور\" src=\"http://www.kermanmotor1732.com/uploads/posts/2015-06/1433687133_x50.jpg\" title=\"لیفان ایکس 50 - نمایندگی 1732 کرمان موتور\" /></p>\r\n\r\n<p>&nbsp;</p>\r\n\r\n<p>X50 در مجموع برای یک رانندگی شهری هر آنچه نیاز دارید را در اختیارتان میگذارد و با استفاده از گیربکس اتوماتیک CVT در کنار قیمت اقتصادی ، شرایط ایده آل برای استفاده از تکنولوژی های مدرن با قیمتی مناسب را فراهم میکند. قیمت آن در حدود یک هاچبک هموطنش است اما در عین حال قرارگیری اش در کلاس کراس اورها میتواند در عبور از مسیرهای شنی و خاکی خیال شما را راحت کند که مانند هاچ بک های معمولی زیربندی و جلوبندی خودروتان مستعد آسیب دیدن نیست. لیفان تا حدی به این خودرو اعتماد دارد که آن را برای شرکت در مسابقات رالی نیز تجهیز کرده است. سیستم کنترل پایداری ESP،چراغ های روشنایی در روز LED ، سانروف ، طراحی زیبا و قیمت مناسب مواردی هستند که X50 را در بازار آینده خودرو ایران متمایز میکنند و تنها فاکتوری که لیفان و کرمان موتور باید روی آن تمرکز داشته باشند کیفیت است که تنها در آزمایش و بررسی درازمدت قابل بررسی است .</p>\r\n\r\n<p>شرکت کرمان موتور هنوز قیمت رسمی این محصول را برای بازار ایران اعلام نکرده است و نمونه های اولیه طی هفته گذشته به ایران وارد شدند که خودرو مورد آزمایش نیز از همین دسته خودروهاست . X50 تنها یک رقیب همکلاس در بازار ایران دارد که شاید خیلی کم به چشمتان خورده باشد . این خودرو گری توال M4 نام دارد و همانند X50 در دسته کراس اورهای کوچک شهری قرار میگیرد اما قیمتی فراتر از 60 میلیون تومان دارد و در عین حال عرضه آن به بازار بسیار محدود است. X50 طی ماههای نخست عرضه به بازار چین تاکنون توانسته در جمع 50 شاسی بلند پرفروش این کشور قرار بگیرد و به رقم 4هزار دستگاهی در ماه برسد که نشان دهنده نتیجه مشابه خودروهای مطرحی همچون هیوندای سانتافه ، میتسوبیشی ASX و نیسان قشقایی است.</p>\r\n','آپشنهای لیفان X50, ارزش لیفان ایکس50, آزمایش فنی لیفان X50, اطلاعات لیفان ایکس50, امکانات لیفان X50, امکانات لیفان ایکس 50, ایکس50 چطور ماشینی است, ایکس50 یا هاوال ام4, بررسی فنی لیفان X50, بررسی فنی لیفان ایکس50, بررسی لیفان X50, تجربه رانندگی با لیفان X'),(86,3,'اولین تجربه رانندگی با کراس اوور کوچک لیفان X50','اولین تجربه رانندگی با کراس اوور کوچک لیفان X50','اولین تجربه رانندگی با کراس اوور کوچک لیفان X50','<p style=\"text-align: center;\">​<img title=\"لیفان ایکس 50 - نمایندگی 1732 کرمان موتور\" src=\"http://www.kermanmotor1732.com/uploads/posts/2015-06/1433687207_x50-2.jpg\" alt=\"لیفان ایکس 50 - نمایندگی 1732 کرمان موتور\"></p><p>مهمان جدید لیفان در بازار ایران نه یک شاسی بلند تمام عیار است و نه یک هاچبک ساده . از کد X در نامش مشخص است که لیفان آن را به عنوان یک کراس اور روانه بازار کرده است و عدد 50 در پس آن از قرار گرفتن در ابعادی پایین تر از شاسی بلند آشنای X60 خبر میدهد.</p><p>X50؛جدیدترین محصول لیفان چین است که مدت زیادی از ورودش به بازار های جهانی نظیر روسیه و خود چین نمیگذرد اما در همین مدت محدود موفق به جلب نظر مشتریانی شده که در اولویت نخست به دنبال خودرویی زیبا و البته با قیمت مناسب هستند.</p>','<p><strong>طراحی ظاهری :</strong></p>\r\n\r\n<p>جذابیت ظاهری نخستین نکته ای است که خودروسازان چینی در جهان به واسطه آن موفق به کسب موفقیت های فراوان شده اند. X50 در این معادله خوب می درخشد . طراحی نمای جلو آن بی شباهت به برندهای مطرح اروپایی نیست و در عقب نیز اگر نگوییم شباهت زیادی به آلفارومئو جولیتا دارد کم لطفی کرده ایم . به هر حال آنچه در نهایت مورد توجه قرار میگیرد تلفیق زیبایی است که بر چهره X50 نشسته. در نمای جلو چراغهای بادامی در تلفیق با نوار LED نمایی مدرن به X50 بخشیده اند . جلوپنجره کوچک یادآور هاچبک های شهری ایتالیایی است و تمام این نکات از شرکت طراح ایتالیایی همراه لیفان در خلق X50 نشات میگیرد. در نمای جلو X50 یکی از جذابترین آپشن هایی که در نگاه نخست جلب توجه میکند ، نوارهای افقی LED روشنایی در روز اطراف سپر خودرو است که در خودروهای زیر 70 میلیون تومان ایران کمتر به چشم میخورد و در زیبایی ظاهری این خودرو تاثیر بسزایی دارد.</p>\r\n\r\n<p>X50 در نگاه نخست بیشتر به یک خودرو هاچبک نزدیک است که کمی بیش از این کلاس ارتفاع گرفته است . این خودرو در کلاس کراس اورهای کوچک شهری قرار میگیرد که در سبد محصولات لیفان یک کلاس پایین تر از مدل X60 حضور دارد. حداقل ارتفاع این خودرو از سطح زمین در حالت خالی 208 میلیمتر است اما زمانی که ظرفیت سرنشینان ، بار و باک این خودرو پر باشد و وزنش از حدود 1150 کیلوگرم به حدود 1.6 تن برسد حداقل ارتفاع آن از سطح زمین به 166 میلیمتر خواهد رسید که در این حالت مشابه یک خودرو سواری بدون سرنشین و بار است. در طراحی نمای عقب ، اصول یک هاچبک اروپایی کاملا رعایت شده و چراغهای عقب کاملا شما را به یاد آلفارومئو جولیتا خواهد انداخت. بخشی از سپر عقب به رنگ مشکی است که دو چراغ شبرنگ روی آن نصب شده اند و در پایین سپر دیفیوزر نقره ای هر چند به نظر نمیرسد عملکرد فنی خاصی داشته باشد اما به پوشاندن زیربندی خودرو و نمای زیبای عقب خودرو کمک شایانی کرده است . در نمای جانبی مهمترین نکته ای که باز هم X50 را فراتر از قیمتش جلوه میدهد و آن را جوان پسند میکند طراحی خاص رینگ های آلومینیومی نقره ای و مشکی است که روی تایر های 195/60 R15 این خودرو نصب شده است.</p>\r\n\r\n<p>&nbsp;</p>\r\n\r\n<p>&nbsp;</p>\r\n\r\n<p>با ورود به اتاق X50 ، فضایی سنتی ، مدرن و اسپرت یکجا روبرو چشمانتان نقش میبندد.زمینه قرمز نمایشگرهای پشت فرمان که به سه قسمت تقسیم شدهاند بیش از هر بخش دیگری جلب توجه میکند . در بخش میانی نمایشگر دیجیتالی سرعت قرار دارد و نمایشگر دور موتور اطراف آن به صورت آنالوگ است.در نمایشگرهای سمت چپ ، وضعیت دنده و سوخت موجود نمایش داده میشود و در مجموعه سمت راست ،کامپیوتر سفری ( با قابلیت نمایش مصرف سوخت میانگین ، کارکرد ، فاصله باقیمانده تا پمپ بنزین و &hellip; ) در کنار نمایشگر آمپر قرار گرفته است .</p>\r\n\r\n<p>&nbsp;</p>\r\n\r\n<p>صندلی ها با روکش پارهای نشیمن عریض و مناسبی دارند و تنظیم آنها به صورت دستی انجام میگیرد اما جهت های زیادی را برای تغییر شرایط نشیمن در اختیار شما نمیگذارد.سیستم صوتی با 4 بلندگو به ورودی های AUX و USB مجهز شده است و قالب کلی آن قابل جایگزینی با مانیتور های رسمی لیفان است که البته هنوز کرمان موتور برنامهای برای عرضه این نمایشگر را اعلام نکرده است . سیستم تهویه مطبوع عملکرد الکتریکی دارد اما به صورت اتوماتیک عمل نمیکند و باید به صورت دستی تنظیم شود. در سمت راست ترمز دستی ورودیهای AUX و USB قرار گرفته اند و در پایین آن کلید روشن و خاموش شدن سیستم کنترل پایداری ESP است. یکی از نکات مثبت در کابین X50 که در فاصله محوری 2.5 متری این خودرو قرار گرفته است فضای مناسب پا و نشیمن سرنشینان است و در عین حال در جایجای اتاق فضاهای نگهدارندهای تعبیه شده است به گونهای که برای قرار دادن اشیاء اضافی هیچگاه به کمبود فضا در اطرافتان برخورد نخواهید کرد. کنترل ارتفاع چراغهای جلو،تنظیم برقی آینهها و کنترل سیستم مرکزی قفل دربها از طریق کلید های سمت چپ فرمان امکانپذیر است و سیستم صوتی نیز از طریق کلیدهایی که روی فرمان تعبیه شدهاند کنترل میشود. سانروف دو حالته نیز از جمله آپشنهایی است که قطعا روی این کراس اور کوچک مورد توجه مشتریان قرار خواهد گرفت.</p>\r\n\r\n<p>معمولا وقتی یک خودرو چینی قرار است قیمتی حدود 50 میلیون تومان داشته باشد حداکثر انتظار مشتریان از آن ترمز ABS و سیستم توزیع الکترونیکی نیروی ترمز EBD است و شاید بتوان امیدوار بود که سیستم ترمز هر 4 چرخ آن دیسکی باشد . X50 ضمن بهره گیری تمام این آپشنهای ایمنی و راحت کردن خیال مشتریان با استفاده از برند بوش،به تکنولوژی مجهز است که در خودروهای بالای 70 میلیون تومان به چشم میخورد و آن آپشن چیزی نیست جز سیستم کنترل پایداری ESP که از طریق کلیدی در کنار ترمزدستی روشن یا خاموش میشود . این سیستم با اسکن نتایج محاسبات سنسورهای نصب شده در 4 چرخ،در صورت تشخیص خروج خودرو از محور حرکتی با اعمال ترمز روی چرخ مورد نظر از سر خوردن یا انحراف خودرو جلوگیری میکند.دربهای خودرو پس از رسیدن به سرعت 20 کیلومتر در ساعت به صورت اتوماتیک قفل میشوند و 2 کیسه هوا برای سرنشینان جلو مکمل مهمترین آپشنهای ایمنی این خودرو هستند. برای ایمنی یک خودرو همه چیز در آپشن ها و تکنولوژی خلاصه نمیشود بلکه ساختار بدنه نیز میتواند تاثیر زیادی داشته باشد.42 درصد از ساختار بدنه لیفان X50 با فولاد پراستحکام ساخته شده است و تنظیم و طراحی شاسی با همکاری کمپانی مطرح میرا انگلستان صورت گرفته است. این خودرو از نسخه 9 سیستم ABS ، EBD و ترمز کمکی BAS بوش بهره میبرد و سیستم ESP و کنترل کشش آن نیز توسط بوش طراحی شده است.</p>\r\n\r\n<p>بخشی از آپشن های ایمنی در خدمت امنیت سرنشینان هستند و بخشی دیگر در خدمت امنیت خودرو .X50 در حالت استاندارد حدود 20 سانتیمتر بالاتر از زمین میایستد که حدود 4 سانتیمتر بیشتر از یک خودروسواری معمولی است و همین امر موجب میشود این خودرو امکان تردد در جاده های خاکی بدون وارد آمدن خسارت به زیربندی را نیز داشته باشد اما رسما به دنبال آفرود نیست و همین که عنوان کراساور را یدک میکشد برای توجیه این ارتفاع کافی است.</p>\r\n\r\n<p>لیفان از جمله خودروسازان چینی است که به سازی پیشرانه ها بر پایه نمونه های موفق در محصولات جدید را همواره در دستور کار قرار میدهد . از آنجایی که کراس اوور کوچک X50 وزنی حدود 1150 کیلوگرم و در حد و اندازه های یک پژو 405 دارد ، پیشرانه 1.5 لیتری با کد LF برای آن انتخاب شده که در نسخه جدیدش به تکنولوژی هوشمند زمانبندی متغیر سوپاپ (iVVT) مجهز شده است.حداکثر توان این پیشرانه در دور موتور 6000 به 102 اسب بخار میرسد و حداکثر گشتاورش نیز بین دور موتور 3500 تا 4500 عدد 133 نیوتون متر را نشان میدهد. از آنجایی که X50 کراس اوور شهری به حساب می آید و راندمان بهینه در صدر خصوصیاتش قرار دارد انتقال نیرو به محور جلو انجام میشود و نخستین X50 مورد آزمایش ما در ایران برای انجام این وظیفه به گیربکس اتوماتیک CVT (گیربکس ضریب متغیر پیوسته) مجهز بود اما این آخرین انتخاب کرمان موتور برای X50 در ایران نیست چرا که قرار است این کراس اور با گیربکس 5 سرعته دستی و قیمتی کمتر از نمونه مجهز به گیربکس اتوماتیک CVT نیز به بازار کشور عرضه شود.</p>\r\n\r\n<p>&nbsp;</p>\r\n\r\n<p style=\"text-align: center;\"><img alt=\"لیفان ایکس 50 - نمایندگی 1732 کرمان موتور\" src=\"http://www.kermanmotor1732.com/uploads/posts/2015-06/1433687170_x50-1.jpg\" title=\"لیفان ایکس 50 - نمایندگی 1732 کرمان موتور\" /></p>\r\n\r\n<p>&nbsp;</p>\r\n\r\n<p>&nbsp;</p>\r\n\r\n<p>گیربکس CVT به دلیل بهره گیری از تعداد زیاد چرخدنده،حالت توقف و ضربه تعویض دنده ها را به سرنشینان القا نمیکند و در هنگام تعویض دنده افت توان احساس نمیشود اما در عین حال بسیاری از کارشناسان معتقدند این گیربکس بیش از آنکه به رانندگی اسپرت کمک کند در راستای رانندگی یکنواخت و بدون وقفه در تعویض دنده ها و همچنین کاهش مصرف سوخت موثر است . گیربکس CVT این خودرو امکان تعویض به صورت دستی را برای راننده محیا نمیکند اما حالت S (اسپرت) برای افزایش شتاب و استارت حرکت برای آن تعریف شده که در مقابل موجب افزایش مصرف سوخت خودرو نیز میشود . مصرف سوخت X50 بنا به اعلام شرکت لیفان با گیربکس CVT 6.5 لیتر در 100 کیلومتر است و با استفاده از گیربکس دستی این رقم به حدود 6.3 لیتر میرسد. با توجه به تجهیز کامپیوتر سفری این خودرو به سامانه اعلام مصرف میانگین سوخت در طول آزمایش پرفشار ما ، مصرف سوخت این خودرو رقمی حدود 8.5 لیتر در 100 کیلومتر را نشان میداد.</p>\r\n\r\n<p>سیستم تعلیق X50 در جلو از نوع مستقل مک فرسون است و در عقب نیز از سیستم تعلیق مستقل Semi-Trailing Arm بهره میبرد که در مقایسه با دیگر سیستم تعلیق ها انعطافپذیری قابل قبولی دارد و فضای کمتری را اشغال میکند وبیشتر در خودروهای کراس اور مورد استفاده قرار میگیرد.یکی از مهمترین مشخصات فنی X50 که به قول ایرانی ها هندلینگ دقیق و مناسبی را فراهم میکند سیستم فرمان EPS برقی است که بهره گیری از آن در این خودرو کوچکجثه رانندگی در فضاهای محدود را بسیار سهل میکند و همچنین حداقل شعاع گردش 9.6 متری ، در طول آزمایش مانور در خیابان ها و کوچه های نسبتا کم عرض را ساده می ساخت.</p>\r\n\r\n<p>شرکت لیفان از X50 به عنوان برگ برنده در بازارهای موفق خارجی همچون روسیه یاد میکند اما اولین نکتهای که با نشستن در اتاق X50 ممکن است شما را آزار دهد ، ارتفاع اتاق است که با باز کردن آفتابگیر فضای دیدتان را کور میکند. صندلی نرمی خوبی دارد و در رانندگی بلند مدت به دلیل بهرهگیری از روکش پارچهای موجب عرق کردن در هوا گرم و یا سرد شدن در هوای سرد نمی شود.دسترسی به کلیه کلید ها و آپشن ها نیز با ارگونومی مناسب امکان پذیر است. با روشن شدن خودرو صدای غرندهای از پیشرانه 1.5 لیتری به گوش نمیرسد و عایق بندی و شرایط صدای داخل اتاق مشابه پژو 206 و حتی در وضعیت بهتری است . گیربکس CVT را برای آغاز حرکت با فشردن پدال ترمز در حالت D قرار میدهیم و حرکت را آغاز میکنیم. X50 هر چند در ظاهر و کابین المان های اسپرتی را به شما نشان میدهد اما در شروع حرکت با گیربکس CVT نباید انتظار شروعی توفانی را داشته باشید چرا که در این خودرو تمرکز روی رانندگی اقتصادی بیش از حالت اسپرت است. شروع حرکت معمولا با تاخیر و کندی اندکی همراه است اما به دلیل بازه 1000 دور موتوری حداکثر گشتاور 133 نیوتون متر ، با ورود به دنده 2 کشش خودرو مکث اولیه را از ذهن شما پاک میکند اما شتاب صفر تا صد بسیار خوبی را رقم نمیزند. فرمان برقی با دقت بالا دقیق است و به خصوص در مانور های شهری و خارج از جاده عملکرد دقیقی را به نمایش میگذارد. ترمز های خودرو به واسطه بهره گیری از ترمز های دیسکی در جلو و عقب و تکنولوژی های روز ، عملکرد مناسبی دارند و توزیع وزن مناسب اتاق از سر خوردن بیش از حد خودرو جلوگیری میکند.</p>\r\n\r\n<p>&nbsp;</p>\r\n\r\n<p style=\"text-align: center;\"><img alt=\"لیفان ایکس 50 - نمایندگی 1732 کرمان موتور\" src=\"http://www.kermanmotor1732.com/uploads/posts/2015-06/1433687133_x50.jpg\" title=\"لیفان ایکس 50 - نمایندگی 1732 کرمان موتور\" /></p>\r\n\r\n<p>&nbsp;</p>\r\n\r\n<p>X50 در مجموع برای یک رانندگی شهری هر آنچه نیاز دارید را در اختیارتان میگذارد و با استفاده از گیربکس اتوماتیک CVT در کنار قیمت اقتصادی ، شرایط ایده آل برای استفاده از تکنولوژی های مدرن با قیمتی مناسب را فراهم میکند. قیمت آن در حدود یک هاچبک هموطنش است اما در عین حال قرارگیری اش در کلاس کراس اورها میتواند در عبور از مسیرهای شنی و خاکی خیال شما را راحت کند که مانند هاچ بک های معمولی زیربندی و جلوبندی خودروتان مستعد آسیب دیدن نیست. لیفان تا حدی به این خودرو اعتماد دارد که آن را برای شرکت در مسابقات رالی نیز تجهیز کرده است. سیستم کنترل پایداری ESP،چراغ های روشنایی در روز LED ، سانروف ، طراحی زیبا و قیمت مناسب مواردی هستند که X50 را در بازار آینده خودرو ایران متمایز میکنند و تنها فاکتوری که لیفان و کرمان موتور باید روی آن تمرکز داشته باشند کیفیت است که تنها در آزمایش و بررسی درازمدت قابل بررسی است .</p>\r\n\r\n<p>شرکت کرمان موتور هنوز قیمت رسمی این محصول را برای بازار ایران اعلام نکرده است و نمونه های اولیه طی هفته گذشته به ایران وارد شدند که خودرو مورد آزمایش نیز از همین دسته خودروهاست . X50 تنها یک رقیب همکلاس در بازار ایران دارد که شاید خیلی کم به چشمتان خورده باشد . این خودرو گری توال M4 نام دارد و همانند X50 در دسته کراس اورهای کوچک شهری قرار میگیرد اما قیمتی فراتر از 60 میلیون تومان دارد و در عین حال عرضه آن به بازار بسیار محدود است. X50 طی ماههای نخست عرضه به بازار چین تاکنون توانسته در جمع 50 شاسی بلند پرفروش این کشور قرار بگیرد و به رقم 4هزار دستگاهی در ماه برسد که نشان دهنده نتیجه مشابه خودروهای مطرحی همچون هیوندای سانتافه ، میتسوبیشی ASX و نیسان قشقایی است.</p>\r\n','آپشنهای لیفان X50, ارزش لیفان ایکس50, آزمایش فنی لیفان X50, اطلاعات لیفان ایکس50, امکانات لیفان X50, امکانات لیفان ایکس 50, ایکس50 چطور ماشینی است, ایکس50 یا هاوال ام4, بررسی فنی لیفان X50, بررسی فنی لیفان ایکس50, بررسی لیفان X50, تجربه رانندگی با لیفان X'),(143,1,'شرایط فروش اقساطی ویژه j5 اتوماتيک طرح 50-50','شرایط فروش اقساطی ویژه j5 اتوماتيک طرح 50-50','شرایط فروش اقساطی ویژه j5 اتوماتيک طرح 50-50','<p><br></p>','<table>\r\n	<tbody>\r\n		<tr>\r\n			<td class=\"download-sales\"><a href=\"/sales/j5-5050-9408.pdf\" rel=\"nofollow\" target=\"_blank\">شرایط فروش ویژه j5 مدل 1800 اتوماتیک -&nbsp;<span class=\"str red_co\">طزح 50 - 50</span></a></td>\r\n		</tr>\r\n	</tbody>\r\n</table>\r\n',''),(143,3,'شرایط فروش اقساطی ویژه j5 اتوماتيک طرح 50-50','شرایط فروش اقساطی ویژه j5 اتوماتيک طرح 50-50','شرایط فروش اقساطی ویژه j5 اتوماتيک طرح 50-50','<p><br></p>','<table>\r\n	<tbody>\r\n		<tr>\r\n			<td class=\"download-sales\"><a href=\"/sales/j5-5050-9408.pdf\" rel=\"nofollow\" target=\"_blank\">شرایط فروش ویژه j5 مدل 1800 اتوماتیک -&nbsp;<span class=\"str red_co\">طزح 50 - 50</span></a></td>\r\n		</tr>\r\n	</tbody>\r\n</table>\r\n',''),(144,1,'SideAdvert','SideAdvert','SideAdvert','<p><br></p>','<p><a href=\"/category/lifan.html\"><img alt=\"محصولات لیفان\" class=\"adv_side\" src=\"/ck/browser/upload/files/side/lifan.jpg\" style=\"width: 270px; height: 200px;\" /></a></p>\r\n','sideadvert,'),(144,3,'SideAdvert','SideAdvert','SideAdvert','<p><br></p>','<p><a href=\"/category/lifan.html\"><img alt=\"محصولات لیفان\" class=\"adv_side\" src=\"/ck/browser/upload/files/side/lifan.jpg\" style=\"width: 270px; height: 135px;\" /></a></p>\r\n\r\n<p><a href=\"/category/jac.html\"><img alt=\"محصولات جک\" class=\"adv_side\" src=\"/ck/browser/upload/files/side/jac.jpg\" style=\"width: 270px; height: 113px;\" /></a></p>\r\n','sideadvert');

/*Table structure for table `countries` */

DROP TABLE IF EXISTS `countries`;

CREATE TABLE `countries` (
  `id` int(10) unsigned NOT NULL AUTO_INCREMENT,
  `name` varchar(150) COLLATE utf8_unicode_ci DEFAULT NULL,
  `iso_code` char(2) COLLATE utf8_unicode_ci DEFAULT NULL,
  `iso_code_3` char(3) COLLATE utf8_unicode_ci DEFAULT NULL,
  `status` tinyint(4) DEFAULT NULL,
  `created_at` timestamp NULL DEFAULT '0000-00-00 00:00:00',
  `updated_at` timestamp NULL DEFAULT '0000-00-00 00:00:00',
  PRIMARY KEY (`id`)
) ENGINE=InnoDB AUTO_INCREMENT=240 DEFAULT CHARSET=utf8 COLLATE=utf8_unicode_ci;

/*Data for the table `countries` */

insert  into `countries`(`id`,`name`,`iso_code`,`iso_code_3`,`status`,`created_at`,`updated_at`) values (1,'Afghanistan','AF','AFG',1,'0000-00-00 00:00:00','0000-00-00 00:00:00'),(2,'Albania','AL','ALB',1,'0000-00-00 00:00:00','0000-00-00 00:00:00'),(3,'Algeria','DZ','DZA',1,'0000-00-00 00:00:00','0000-00-00 00:00:00'),(4,'American Samoa','AS','ASM',1,'0000-00-00 00:00:00','0000-00-00 00:00:00'),(5,'Andorra','AD','AND',1,'0000-00-00 00:00:00','0000-00-00 00:00:00'),(6,'Angola','AO','AGO',1,'0000-00-00 00:00:00','0000-00-00 00:00:00'),(7,'Anguilla','AI','AIA',1,'0000-00-00 00:00:00','0000-00-00 00:00:00'),(8,'Antarctica','AQ','ATA',1,'0000-00-00 00:00:00','0000-00-00 00:00:00'),(9,'Antigua and Barbuda','AG','ATG',1,'0000-00-00 00:00:00','0000-00-00 00:00:00'),(10,'Argentina','AR','ARG',1,'0000-00-00 00:00:00','0000-00-00 00:00:00'),(11,'Armenia','AM','ARM',1,'0000-00-00 00:00:00','0000-00-00 00:00:00'),(12,'Aruba','AW','ABW',1,'0000-00-00 00:00:00','0000-00-00 00:00:00'),(13,'Australia','AU','AUS',1,'0000-00-00 00:00:00','0000-00-00 00:00:00'),(14,'Austria','AT','AUT',5,'0000-00-00 00:00:00','0000-00-00 00:00:00'),(15,'Azerbaijan','AZ','AZE',1,'0000-00-00 00:00:00','0000-00-00 00:00:00'),(16,'Bahamas','BS','BHS',1,'0000-00-00 00:00:00','0000-00-00 00:00:00'),(17,'Bahrain','BH','BHR',1,'0000-00-00 00:00:00','0000-00-00 00:00:00'),(18,'Bangladesh','BD','BGD',1,'0000-00-00 00:00:00','0000-00-00 00:00:00'),(19,'Barbados','BB','BRB',1,'0000-00-00 00:00:00','0000-00-00 00:00:00'),(20,'Belarus','BY','BLR',1,'0000-00-00 00:00:00','0000-00-00 00:00:00'),(21,'Belgium','BE','BEL',1,'0000-00-00 00:00:00','0000-00-00 00:00:00'),(22,'Belize','BZ','BLZ',1,'0000-00-00 00:00:00','0000-00-00 00:00:00'),(23,'Benin','BJ','BEN',1,'0000-00-00 00:00:00','0000-00-00 00:00:00'),(24,'Bermuda','BM','BMU',1,'0000-00-00 00:00:00','0000-00-00 00:00:00'),(25,'Bhutan','BT','BTN',1,'0000-00-00 00:00:00','0000-00-00 00:00:00'),(26,'Bolivia','BO','BOL',1,'0000-00-00 00:00:00','0000-00-00 00:00:00'),(27,'Bosnia and Herzegowina','BA','BIH',1,'0000-00-00 00:00:00','0000-00-00 00:00:00'),(28,'Botswana','BW','BWA',1,'0000-00-00 00:00:00','0000-00-00 00:00:00'),(29,'Bouvet Island','BV','BVT',1,'0000-00-00 00:00:00','0000-00-00 00:00:00'),(30,'Brazil','BR','BRA',1,'0000-00-00 00:00:00','0000-00-00 00:00:00'),(31,'British Indian Ocean Territory','IO','IOT',1,'0000-00-00 00:00:00','0000-00-00 00:00:00'),(32,'Brunei Darussalam','BN','BRN',1,'0000-00-00 00:00:00','0000-00-00 00:00:00'),(33,'Bulgaria','BG','BGR',1,'0000-00-00 00:00:00','0000-00-00 00:00:00'),(34,'Burkina Faso','BF','BFA',1,'0000-00-00 00:00:00','0000-00-00 00:00:00'),(35,'Burundi','BI','BDI',1,'0000-00-00 00:00:00','0000-00-00 00:00:00'),(36,'Cambodia','KH','KHM',1,'0000-00-00 00:00:00','0000-00-00 00:00:00'),(37,'Cameroon','CM','CMR',1,'0000-00-00 00:00:00','0000-00-00 00:00:00'),(38,'Canada','CA','CAN',1,'0000-00-00 00:00:00','0000-00-00 00:00:00'),(39,'Cape Verde','CV','CPV',1,'0000-00-00 00:00:00','0000-00-00 00:00:00'),(40,'Cayman Islands','KY','CYM',1,'0000-00-00 00:00:00','0000-00-00 00:00:00'),(41,'Central African Republic','CF','CAF',1,'0000-00-00 00:00:00','0000-00-00 00:00:00'),(42,'Chad','TD','TCD',1,'0000-00-00 00:00:00','0000-00-00 00:00:00'),(43,'Chile','CL','CHL',1,'0000-00-00 00:00:00','0000-00-00 00:00:00'),(44,'China','CN','CHN',1,'0000-00-00 00:00:00','0000-00-00 00:00:00'),(45,'Christmas Island','CX','CXR',1,'0000-00-00 00:00:00','0000-00-00 00:00:00'),(46,'Cocos (Keeling) Islands','CC','CCK',1,'0000-00-00 00:00:00','0000-00-00 00:00:00'),(47,'Colombia','CO','COL',1,'0000-00-00 00:00:00','0000-00-00 00:00:00'),(48,'Comoros','KM','COM',1,'0000-00-00 00:00:00','0000-00-00 00:00:00'),(49,'Congo','CG','COG',1,'0000-00-00 00:00:00','0000-00-00 00:00:00'),(50,'Cook Islands','CK','COK',1,'0000-00-00 00:00:00','0000-00-00 00:00:00'),(51,'Costa Rica','CR','CRI',1,'0000-00-00 00:00:00','0000-00-00 00:00:00'),(52,'Cote D\'Ivoire','CI','CIV',1,'0000-00-00 00:00:00','0000-00-00 00:00:00'),(53,'Croatia','HR','HRV',1,'0000-00-00 00:00:00','0000-00-00 00:00:00'),(54,'Cuba','CU','CUB',1,'0000-00-00 00:00:00','0000-00-00 00:00:00'),(55,'Cyprus','CY','CYP',1,'0000-00-00 00:00:00','0000-00-00 00:00:00'),(56,'Czech Republic','CZ','CZE',1,'0000-00-00 00:00:00','0000-00-00 00:00:00'),(57,'Denmark','DK','DNK',1,'0000-00-00 00:00:00','0000-00-00 00:00:00'),(58,'Djibouti','DJ','DJI',1,'0000-00-00 00:00:00','0000-00-00 00:00:00'),(59,'Dominica','DM','DMA',1,'0000-00-00 00:00:00','0000-00-00 00:00:00'),(60,'Dominican Republic','DO','DOM',1,'0000-00-00 00:00:00','0000-00-00 00:00:00'),(61,'East Timor','TP','TMP',1,'0000-00-00 00:00:00','0000-00-00 00:00:00'),(62,'Ecuador','EC','ECU',1,'0000-00-00 00:00:00','0000-00-00 00:00:00'),(63,'Egypt','EG','EGY',1,'0000-00-00 00:00:00','0000-00-00 00:00:00'),(64,'El Salvador','SV','SLV',1,'0000-00-00 00:00:00','0000-00-00 00:00:00'),(65,'Equatorial Guinea','GQ','GNQ',1,'0000-00-00 00:00:00','0000-00-00 00:00:00'),(66,'Eritrea','ER','ERI',1,'0000-00-00 00:00:00','0000-00-00 00:00:00'),(67,'Estonia','EE','EST',1,'0000-00-00 00:00:00','0000-00-00 00:00:00'),(68,'Ethiopia','ET','ETH',1,'0000-00-00 00:00:00','0000-00-00 00:00:00'),(69,'Falkland Islands (Malvinas)','FK','FLK',1,'0000-00-00 00:00:00','0000-00-00 00:00:00'),(70,'Faroe Islands','FO','FRO',1,'0000-00-00 00:00:00','0000-00-00 00:00:00'),(71,'Fiji','FJ','FJI',1,'0000-00-00 00:00:00','0000-00-00 00:00:00'),(72,'Finland','FI','FIN',1,'0000-00-00 00:00:00','0000-00-00 00:00:00'),(73,'France','FR','FRA',1,'0000-00-00 00:00:00','0000-00-00 00:00:00'),(74,'France, Metropolitan','FX','FXX',1,'0000-00-00 00:00:00','0000-00-00 00:00:00'),(75,'French Guiana','GF','GUF',1,'0000-00-00 00:00:00','0000-00-00 00:00:00'),(76,'French Polynesia','PF','PYF',1,'0000-00-00 00:00:00','0000-00-00 00:00:00'),(77,'French Southern Territories','TF','ATF',1,'0000-00-00 00:00:00','0000-00-00 00:00:00'),(78,'Gabon','GA','GAB',1,'0000-00-00 00:00:00','0000-00-00 00:00:00'),(79,'Gambia','GM','GMB',1,'0000-00-00 00:00:00','0000-00-00 00:00:00'),(80,'Georgia','GE','GEO',1,'0000-00-00 00:00:00','0000-00-00 00:00:00'),(81,'Germany','DE','DEU',5,'0000-00-00 00:00:00','0000-00-00 00:00:00'),(82,'Ghana','GH','GHA',1,'0000-00-00 00:00:00','0000-00-00 00:00:00'),(83,'Gibraltar','GI','GIB',1,'0000-00-00 00:00:00','0000-00-00 00:00:00'),(84,'Greece','GR','GRC',1,'0000-00-00 00:00:00','0000-00-00 00:00:00'),(85,'Greenland','GL','GRL',1,'0000-00-00 00:00:00','0000-00-00 00:00:00'),(86,'Grenada','GD','GRD',1,'0000-00-00 00:00:00','0000-00-00 00:00:00'),(87,'Guadeloupe','GP','GLP',1,'0000-00-00 00:00:00','0000-00-00 00:00:00'),(88,'Guam','GU','GUM',1,'0000-00-00 00:00:00','0000-00-00 00:00:00'),(89,'Guatemala','GT','GTM',1,'0000-00-00 00:00:00','0000-00-00 00:00:00'),(90,'Guinea','GN','GIN',1,'0000-00-00 00:00:00','0000-00-00 00:00:00'),(91,'Guinea-bissau','GW','GNB',1,'0000-00-00 00:00:00','0000-00-00 00:00:00'),(92,'Guyana','GY','GUY',1,'0000-00-00 00:00:00','0000-00-00 00:00:00'),(93,'Haiti','HT','HTI',1,'0000-00-00 00:00:00','0000-00-00 00:00:00'),(94,'Heard and Mc Donald Islands','HM','HMD',1,'0000-00-00 00:00:00','0000-00-00 00:00:00'),(95,'Honduras','HN','HND',1,'0000-00-00 00:00:00','0000-00-00 00:00:00'),(96,'Hong Kong','HK','HKG',1,'0000-00-00 00:00:00','0000-00-00 00:00:00'),(97,'Hungary','HU','HUN',1,'0000-00-00 00:00:00','0000-00-00 00:00:00'),(98,'Iceland','IS','ISL',1,'0000-00-00 00:00:00','0000-00-00 00:00:00'),(99,'India','IN','IND',1,'0000-00-00 00:00:00','0000-00-00 00:00:00'),(100,'Indonesia','ID','IDN',1,'0000-00-00 00:00:00','0000-00-00 00:00:00'),(101,'Iran','IR','IRN',1,'0000-00-00 00:00:00','0000-00-00 00:00:00'),(102,'Iraq','IQ','IRQ',1,'0000-00-00 00:00:00','0000-00-00 00:00:00'),(103,'Ireland','IE','IRL',1,'0000-00-00 00:00:00','0000-00-00 00:00:00'),(104,'Israel','IL','ISR',1,'0000-00-00 00:00:00','0000-00-00 00:00:00'),(105,'Italy','IT','ITA',1,'0000-00-00 00:00:00','0000-00-00 00:00:00'),(106,'Jamaica','JM','JAM',1,'0000-00-00 00:00:00','0000-00-00 00:00:00'),(107,'Japan','JP','JPN',1,'0000-00-00 00:00:00','0000-00-00 00:00:00'),(108,'Jordan','JO','JOR',1,'0000-00-00 00:00:00','0000-00-00 00:00:00'),(109,'Kazakhstan','KZ','KAZ',1,'0000-00-00 00:00:00','0000-00-00 00:00:00'),(110,'Kenya','KE','KEN',1,'0000-00-00 00:00:00','0000-00-00 00:00:00'),(111,'Kiribati','KI','KIR',1,'0000-00-00 00:00:00','0000-00-00 00:00:00'),(112,'Korea, Democratic People\'s Republic of','KP','PRK',1,'0000-00-00 00:00:00','0000-00-00 00:00:00'),(113,'Korea, Republic of','KR','KOR',1,'0000-00-00 00:00:00','0000-00-00 00:00:00'),(114,'Kuwait','KW','KWT',1,'0000-00-00 00:00:00','0000-00-00 00:00:00'),(115,'Kyrgyzstan','KG','KGZ',1,'0000-00-00 00:00:00','0000-00-00 00:00:00'),(116,'Lao People\'s Democratic Republic','LA','LAO',1,'0000-00-00 00:00:00','0000-00-00 00:00:00'),(117,'Latvia','LV','LVA',1,'0000-00-00 00:00:00','0000-00-00 00:00:00'),(118,'Lebanon','LB','LBN',1,'0000-00-00 00:00:00','0000-00-00 00:00:00'),(119,'Lesotho','LS','LSO',1,'0000-00-00 00:00:00','0000-00-00 00:00:00'),(120,'Liberia','LR','LBR',1,'0000-00-00 00:00:00','0000-00-00 00:00:00'),(121,'Libyan Arab Jamahiriya','LY','LBY',1,'0000-00-00 00:00:00','0000-00-00 00:00:00'),(122,'Liechtenstein','LI','LIE',1,'0000-00-00 00:00:00','0000-00-00 00:00:00'),(123,'Lithuania','LT','LTU',1,'0000-00-00 00:00:00','0000-00-00 00:00:00'),(124,'Luxembourg','LU','LUX',1,'0000-00-00 00:00:00','0000-00-00 00:00:00'),(125,'Macau','MO','MAC',1,'0000-00-00 00:00:00','0000-00-00 00:00:00'),(126,'Macedonia, The Former Yugoslav Republic of','MK','MKD',1,'0000-00-00 00:00:00','0000-00-00 00:00:00'),(127,'Madagascar','MG','MDG',1,'0000-00-00 00:00:00','0000-00-00 00:00:00'),(128,'Malawi','MW','MWI',1,'0000-00-00 00:00:00','0000-00-00 00:00:00'),(129,'Malaysia','MY','MYS',1,'0000-00-00 00:00:00','0000-00-00 00:00:00'),(130,'Maldives','MV','MDV',1,'0000-00-00 00:00:00','0000-00-00 00:00:00'),(131,'Mali','ML','MLI',1,'0000-00-00 00:00:00','0000-00-00 00:00:00'),(132,'Malta','MT','MLT',1,'0000-00-00 00:00:00','0000-00-00 00:00:00'),(133,'Marshall Islands','MH','MHL',1,'0000-00-00 00:00:00','0000-00-00 00:00:00'),(134,'Martinique','MQ','MTQ',1,'0000-00-00 00:00:00','0000-00-00 00:00:00'),(135,'Mauritania','MR','MRT',1,'0000-00-00 00:00:00','0000-00-00 00:00:00'),(136,'Mauritius','MU','MUS',1,'0000-00-00 00:00:00','0000-00-00 00:00:00'),(137,'Mayotte','YT','MYT',1,'0000-00-00 00:00:00','0000-00-00 00:00:00'),(138,'Mexico','MX','MEX',1,'0000-00-00 00:00:00','0000-00-00 00:00:00'),(139,'Micronesia, Federated States of','FM','FSM',1,'0000-00-00 00:00:00','0000-00-00 00:00:00'),(140,'Moldova, Republic of','MD','MDA',1,'0000-00-00 00:00:00','0000-00-00 00:00:00'),(141,'Monaco','MC','MCO',1,'0000-00-00 00:00:00','0000-00-00 00:00:00'),(142,'Mongolia','MN','MNG',1,'0000-00-00 00:00:00','0000-00-00 00:00:00'),(143,'Montserrat','MS','MSR',1,'0000-00-00 00:00:00','0000-00-00 00:00:00'),(144,'Morocco','MA','MAR',1,'0000-00-00 00:00:00','0000-00-00 00:00:00'),(145,'Mozambique','MZ','MOZ',1,'0000-00-00 00:00:00','0000-00-00 00:00:00'),(146,'Myanmar','MM','MMR',1,'0000-00-00 00:00:00','0000-00-00 00:00:00'),(147,'Namibia','NA','NAM',1,'0000-00-00 00:00:00','0000-00-00 00:00:00'),(148,'Nauru','NR','NRU',1,'0000-00-00 00:00:00','0000-00-00 00:00:00'),(149,'Nepal','NP','NPL',1,'0000-00-00 00:00:00','0000-00-00 00:00:00'),(150,'Netherlands','NL','NLD',1,'0000-00-00 00:00:00','0000-00-00 00:00:00'),(151,'Netherlands Antilles','AN','ANT',1,'0000-00-00 00:00:00','0000-00-00 00:00:00'),(152,'New Caledonia','NC','NCL',1,'0000-00-00 00:00:00','0000-00-00 00:00:00'),(153,'New Zealand','NZ','NZL',1,'0000-00-00 00:00:00','0000-00-00 00:00:00'),(154,'Nicaragua','NI','NIC',1,'0000-00-00 00:00:00','0000-00-00 00:00:00'),(155,'Niger','NE','NER',1,'0000-00-00 00:00:00','0000-00-00 00:00:00'),(156,'Nigeria','NG','NGA',1,'0000-00-00 00:00:00','0000-00-00 00:00:00'),(157,'Niue','NU','NIU',1,'0000-00-00 00:00:00','0000-00-00 00:00:00'),(158,'Norfolk Island','NF','NFK',1,'0000-00-00 00:00:00','0000-00-00 00:00:00'),(159,'Northern Mariana Islands','MP','MNP',1,'0000-00-00 00:00:00','0000-00-00 00:00:00'),(160,'Norway','NO','NOR',1,'0000-00-00 00:00:00','0000-00-00 00:00:00'),(161,'Oman','OM','OMN',1,'0000-00-00 00:00:00','0000-00-00 00:00:00'),(162,'Pakistan','PK','PAK',1,'0000-00-00 00:00:00','0000-00-00 00:00:00'),(163,'Palau','PW','PLW',1,'0000-00-00 00:00:00','0000-00-00 00:00:00'),(164,'Panama','PA','PAN',1,'0000-00-00 00:00:00','0000-00-00 00:00:00'),(165,'Papua New Guinea','PG','PNG',1,'0000-00-00 00:00:00','0000-00-00 00:00:00'),(166,'Paraguay','PY','PRY',1,'0000-00-00 00:00:00','0000-00-00 00:00:00'),(167,'Peru','PE','PER',1,'0000-00-00 00:00:00','0000-00-00 00:00:00'),(168,'Philippines','PH','PHL',1,'0000-00-00 00:00:00','0000-00-00 00:00:00'),(169,'Pitcairn','PN','PCN',1,'0000-00-00 00:00:00','0000-00-00 00:00:00'),(170,'Poland','PL','POL',1,'0000-00-00 00:00:00','0000-00-00 00:00:00'),(171,'Portugal','PT','PRT',1,'0000-00-00 00:00:00','0000-00-00 00:00:00'),(172,'Puerto Rico','PR','PRI',1,'0000-00-00 00:00:00','0000-00-00 00:00:00'),(173,'Qatar','QA','QAT',1,'0000-00-00 00:00:00','0000-00-00 00:00:00'),(174,'Reunion','RE','REU',1,'0000-00-00 00:00:00','0000-00-00 00:00:00'),(175,'Romania','RO','ROM',1,'0000-00-00 00:00:00','0000-00-00 00:00:00'),(176,'Russian Federation','RU','RUS',1,'0000-00-00 00:00:00','0000-00-00 00:00:00'),(177,'Rwanda','RW','RWA',1,'0000-00-00 00:00:00','0000-00-00 00:00:00'),(178,'Saint Kitts and Nevis','KN','KNA',1,'0000-00-00 00:00:00','0000-00-00 00:00:00'),(179,'Saint Lucia','LC','LCA',1,'0000-00-00 00:00:00','0000-00-00 00:00:00'),(180,'Saint Vincent and the Grenadines','VC','VCT',1,'0000-00-00 00:00:00','0000-00-00 00:00:00'),(181,'Samoa','WS','WSM',1,'0000-00-00 00:00:00','0000-00-00 00:00:00'),(182,'San Marino','SM','SMR',1,'0000-00-00 00:00:00','0000-00-00 00:00:00'),(183,'Sao Tome and Principe','ST','STP',1,'0000-00-00 00:00:00','0000-00-00 00:00:00'),(184,'Saudi Arabia','SA','SAU',1,'0000-00-00 00:00:00','0000-00-00 00:00:00'),(185,'Senegal','SN','SEN',1,'0000-00-00 00:00:00','0000-00-00 00:00:00'),(186,'Seychelles','SC','SYC',1,'0000-00-00 00:00:00','0000-00-00 00:00:00'),(187,'Sierra Leone','SL','SLE',1,'0000-00-00 00:00:00','0000-00-00 00:00:00'),(188,'Singapore','SG','SGP',4,'0000-00-00 00:00:00','0000-00-00 00:00:00'),(189,'Slovakia (Slovak Republic)','SK','SVK',1,'0000-00-00 00:00:00','0000-00-00 00:00:00'),(190,'Slovenia','SI','SVN',1,'0000-00-00 00:00:00','0000-00-00 00:00:00'),(191,'Solomon Islands','SB','SLB',1,'0000-00-00 00:00:00','0000-00-00 00:00:00'),(192,'Somalia','SO','SOM',1,'0000-00-00 00:00:00','0000-00-00 00:00:00'),(193,'South Africa','ZA','ZAF',1,'0000-00-00 00:00:00','0000-00-00 00:00:00'),(194,'South Georgia and the South Sandwich Islands','GS','SGS',1,'0000-00-00 00:00:00','0000-00-00 00:00:00'),(195,'Spain','ES','ESP',3,'0000-00-00 00:00:00','0000-00-00 00:00:00'),(196,'Sri Lanka','LK','LKA',1,'0000-00-00 00:00:00','0000-00-00 00:00:00'),(197,'St. Helena','SH','SHN',1,'0000-00-00 00:00:00','0000-00-00 00:00:00'),(198,'St. Pierre and Miquelon','PM','SPM',1,'0000-00-00 00:00:00','0000-00-00 00:00:00'),(199,'Sudan','SD','SDN',1,'0000-00-00 00:00:00','0000-00-00 00:00:00'),(200,'Suriname','SR','SUR',1,'0000-00-00 00:00:00','0000-00-00 00:00:00'),(201,'Svalbard and Jan Mayen Islands','SJ','SJM',1,'0000-00-00 00:00:00','0000-00-00 00:00:00'),(202,'Swaziland','SZ','SWZ',1,'0000-00-00 00:00:00','0000-00-00 00:00:00'),(203,'Sweden','SE','SWE',1,'0000-00-00 00:00:00','0000-00-00 00:00:00'),(204,'Switzerland','CH','CHE',1,'0000-00-00 00:00:00','0000-00-00 00:00:00'),(205,'Syrian Arab Republic','SY','SYR',1,'0000-00-00 00:00:00','0000-00-00 00:00:00'),(206,'Taiwan','TW','TWN',1,'0000-00-00 00:00:00','0000-00-00 00:00:00'),(207,'Tajikistan','TJ','TJK',1,'0000-00-00 00:00:00','0000-00-00 00:00:00'),(208,'Tanzania, United Republic of','TZ','TZA',1,'0000-00-00 00:00:00','0000-00-00 00:00:00'),(209,'Thailand','TH','THA',1,'0000-00-00 00:00:00','0000-00-00 00:00:00'),(210,'Togo','TG','TGO',1,'0000-00-00 00:00:00','0000-00-00 00:00:00'),(211,'Tokelau','TK','TKL',1,'0000-00-00 00:00:00','0000-00-00 00:00:00'),(212,'Tonga','TO','TON',1,'0000-00-00 00:00:00','0000-00-00 00:00:00'),(213,'Trinidad and Tobago','TT','TTO',1,'0000-00-00 00:00:00','0000-00-00 00:00:00'),(214,'Tunisia','TN','TUN',1,'0000-00-00 00:00:00','0000-00-00 00:00:00'),(215,'Turkey','TR','TUR',1,'0000-00-00 00:00:00','0000-00-00 00:00:00'),(216,'Turkmenistan','TM','TKM',1,'0000-00-00 00:00:00','0000-00-00 00:00:00'),(217,'Turks and Caicos Islands','TC','TCA',1,'0000-00-00 00:00:00','0000-00-00 00:00:00'),(218,'Tuvalu','TV','TUV',1,'0000-00-00 00:00:00','0000-00-00 00:00:00'),(219,'Uganda','UG','UGA',1,'0000-00-00 00:00:00','0000-00-00 00:00:00'),(220,'Ukraine','UA','UKR',1,'0000-00-00 00:00:00','0000-00-00 00:00:00'),(221,'United Arab Emirates','AE','ARE',1,'0000-00-00 00:00:00','0000-00-00 00:00:00'),(222,'United Kingdom','GB','GBR',1,'0000-00-00 00:00:00','0000-00-00 00:00:00'),(223,'United States','US','USA',2,'0000-00-00 00:00:00','0000-00-00 00:00:00'),(224,'United States Minor Outlying Islands','UM','UMI',1,'0000-00-00 00:00:00','0000-00-00 00:00:00'),(225,'Uruguay','UY','URY',1,'0000-00-00 00:00:00','0000-00-00 00:00:00'),(226,'Uzbekistan','UZ','UZB',1,'0000-00-00 00:00:00','0000-00-00 00:00:00'),(227,'Vanuatu','VU','VUT',1,'0000-00-00 00:00:00','0000-00-00 00:00:00'),(228,'Vatican City State (Holy See)','VA','VAT',1,'0000-00-00 00:00:00','0000-00-00 00:00:00'),(229,'Venezuela','VE','VEN',1,'0000-00-00 00:00:00','0000-00-00 00:00:00'),(230,'Viet Nam','VN','VNM',1,'0000-00-00 00:00:00','0000-00-00 00:00:00'),(231,'Virgin Islands (British)','VG','VGB',1,'0000-00-00 00:00:00','0000-00-00 00:00:00'),(232,'Virgin Islands (U.S.)','VI','VIR',1,'0000-00-00 00:00:00','0000-00-00 00:00:00'),(233,'Wallis and Futuna Islands','WF','WLF',1,'0000-00-00 00:00:00','0000-00-00 00:00:00'),(234,'Western Sahara','EH','ESH',1,'0000-00-00 00:00:00','0000-00-00 00:00:00'),(235,'Yemen','YE','YEM',1,'0000-00-00 00:00:00','0000-00-00 00:00:00'),(236,'Yugoslavia','YU','YUG',1,'0000-00-00 00:00:00','0000-00-00 00:00:00'),(237,'Zaire','ZR','ZAR',1,'0000-00-00 00:00:00','0000-00-00 00:00:00'),(238,'Zambia','ZM','ZMB',1,'0000-00-00 00:00:00','0000-00-00 00:00:00'),(239,'Zimbabwe','ZW','ZWE',1,'0000-00-00 00:00:00','0000-00-00 00:00:00');

/*Table structure for table `emails` */

DROP TABLE IF EXISTS `emails`;

CREATE TABLE `emails` (
  `id` int(10) unsigned NOT NULL AUTO_INCREMENT,
  `user_id` int(11) NOT NULL,
  `subject` varchar(255) COLLATE utf8_unicode_ci NOT NULL,
  `media_id` int(11) NOT NULL,
  `url_attach` text COLLATE utf8_unicode_ci,
  `message` text COLLATE utf8_unicode_ci NOT NULL,
  `created_at` timestamp NOT NULL DEFAULT '0000-00-00 00:00:00',
  `updated_at` timestamp NOT NULL DEFAULT '0000-00-00 00:00:00',
  PRIMARY KEY (`id`)
) ENGINE=InnoDB AUTO_INCREMENT=5 DEFAULT CHARSET=utf8 COLLATE=utf8_unicode_ci;

/*Data for the table `emails` */

insert  into `emails`(`id`,`user_id`,`subject`,`media_id`,`url_attach`,`message`,`created_at`,`updated_at`) values (1,1,'sdfsdf sdf',0,NULL,'test','2015-07-17 10:35:49','2015-07-17 10:35:49'),(2,12,'retyertyrbrth',0,NULL,'fgthrftgh','2015-07-17 18:32:23','2015-07-17 18:32:23'),(3,2,'',0,'','','2015-09-24 14:59:43','2015-09-24 14:59:43'),(4,13,'',0,'','','2015-09-24 14:59:43','2015-09-24 14:59:43');

/*Table structure for table `employee` */

DROP TABLE IF EXISTS `employee`;

CREATE TABLE `employee` (
  `id` int(10) unsigned NOT NULL AUTO_INCREMENT,
  `firstname` varchar(255) COLLATE utf8_unicode_ci DEFAULT NULL,
  `lastname` varchar(255) COLLATE utf8_unicode_ci DEFAULT NULL,
  `type_employee` varchar(255) COLLATE utf8_unicode_ci NOT NULL DEFAULT 'employee',
  `email` varchar(255) COLLATE utf8_unicode_ci DEFAULT NULL,
  `password` varchar(60) COLLATE utf8_unicode_ci DEFAULT NULL,
  `mobile` varchar(32) COLLATE utf8_unicode_ci DEFAULT NULL,
  `short_description` text COLLATE utf8_unicode_ci,
  `description` text COLLATE utf8_unicode_ci,
  `gender` enum('male','female') COLLATE utf8_unicode_ci DEFAULT NULL,
  `status` tinyint(4) DEFAULT NULL,
  `last_ip_connection` varchar(32) COLLATE utf8_unicode_ci DEFAULT NULL,
  `last_connection` datetime DEFAULT NULL,
  `remember_token` varchar(100) COLLATE utf8_unicode_ci DEFAULT NULL,
  `created_at` timestamp NULL DEFAULT '0000-00-00 00:00:00',
  `updated_at` timestamp NULL DEFAULT '0000-00-00 00:00:00',
  PRIMARY KEY (`id`),
  UNIQUE KEY `employee_email_unique` (`email`)
) ENGINE=InnoDB AUTO_INCREMENT=2 DEFAULT CHARSET=utf8 COLLATE=utf8_unicode_ci;

/*Data for the table `employee` */

insert  into `employee`(`id`,`firstname`,`lastname`,`type_employee`,`email`,`password`,`mobile`,`short_description`,`description`,`gender`,`status`,`last_ip_connection`,`last_connection`,`remember_token`,`created_at`,`updated_at`) values (1,'HAMiD','khorshid','employee','techniconline@yahoo.com','$2y$10$X7YJm8aQrd/5O.avANvAcOx4U3FowwdWr7xwQSigzMz2y0ZYCyXl6','',NULL,NULL,'male',1,'::1','0000-00-00 00:00:00','stta6UsBBOtnNzJ0ZZoqVkQrwRgLtpAaL9Ld43iixxUVujkPbstANx4bBHik','0000-00-00 00:00:00','2015-11-29 19:39:22');

/*Table structure for table `faq` */

DROP TABLE IF EXISTS `faq`;

CREATE TABLE `faq` (
  `id` int(10) unsigned NOT NULL AUTO_INCREMENT,
  `type` varchar(100) COLLATE utf8_unicode_ci NOT NULL,
  `created_at` timestamp NOT NULL DEFAULT '0000-00-00 00:00:00',
  `updated_at` timestamp NOT NULL DEFAULT '0000-00-00 00:00:00',
  PRIMARY KEY (`id`)
) ENGINE=InnoDB DEFAULT CHARSET=utf8 COLLATE=utf8_unicode_ci;

/*Data for the table `faq` */

/*Table structure for table `faq_lang` */

DROP TABLE IF EXISTS `faq_lang`;

CREATE TABLE `faq_lang` (
  `faq_id` int(11) NOT NULL,
  `lang_id` tinyint(4) NOT NULL,
  `question` text COLLATE utf8_unicode_ci NOT NULL,
  `answer` text COLLATE utf8_unicode_ci NOT NULL
) ENGINE=InnoDB DEFAULT CHARSET=utf8 COLLATE=utf8_unicode_ci;

/*Data for the table `faq_lang` */

/*Table structure for table `feature_group` */

DROP TABLE IF EXISTS `feature_group`;

CREATE TABLE `feature_group` (
  `id` int(10) unsigned NOT NULL AUTO_INCREMENT,
  `position` smallint(6) NOT NULL,
  `status` tinyint(1) NOT NULL DEFAULT '1',
  `created_at` timestamp NOT NULL DEFAULT '0000-00-00 00:00:00',
  `updated_at` timestamp NOT NULL DEFAULT '0000-00-00 00:00:00',
  PRIMARY KEY (`id`)
) ENGINE=InnoDB AUTO_INCREMENT=11 DEFAULT CHARSET=utf8 COLLATE=utf8_unicode_ci;

/*Data for the table `feature_group` */

insert  into `feature_group`(`id`,`position`,`status`,`created_at`,`updated_at`) values (1,1,1,'2015-08-14 13:32:59','2015-10-27 07:39:15'),(2,1,1,'2015-09-22 18:08:49','2015-09-22 18:08:49'),(3,1,1,'2015-09-22 18:09:21','2015-10-27 07:39:42'),(5,1,1,'2015-10-27 07:39:53','2015-10-27 07:39:53'),(6,1,1,'2015-10-27 07:40:03','2015-10-27 07:40:03'),(7,1,1,'2015-10-27 07:40:12','2015-10-27 07:40:12'),(8,1,1,'2015-10-27 07:40:20','2015-10-27 07:40:20'),(9,1,1,'2015-10-27 07:40:32','2015-10-27 07:40:32'),(10,1,1,'2015-10-27 07:40:42','2015-10-27 07:40:42');

/*Table structure for table `feature_group_lang` */

DROP TABLE IF EXISTS `feature_group_lang`;

CREATE TABLE `feature_group_lang` (
  `feature_group_id` int(11) NOT NULL,
  `lang_id` int(11) NOT NULL,
  `name` varchar(255) COLLATE utf8_unicode_ci NOT NULL
) ENGINE=InnoDB DEFAULT CHARSET=utf8 COLLATE=utf8_unicode_ci;

/*Data for the table `feature_group_lang` */

insert  into `feature_group_lang`(`feature_group_id`,`lang_id`,`name`) values (1,1,'گروه اول'),(1,3,'مشخصات تولید کننده'),(2,1,'گروه دوم'),(2,3,'مشخصات فنی بدنه'),(3,1,'گروه سوم'),(3,3,'مشخصات فنی موتور'),(5,1,'مشخصات جعبه دنده ( Transmission )'),(5,3,'مشخصات جعبه دنده ( Transmission )'),(6,1,'سیستم ترمزها'),(6,3,'سیستم ترمزها'),(7,1,'سیستم تعلیق و فرمان'),(7,3,'سیستم تعلیق و فرمان'),(8,1,'عملکرد اتومبیل'),(8,3,'عملکرد اتومبیل'),(9,1,'محدوده گارانتی'),(9,3,'محدوده گارانتی'),(10,1,'امکانات رفاهی و آپشن ها'),(10,3,'امکانات رفاهی و آپشن ها');

/*Table structure for table `feature_group_relation` */

DROP TABLE IF EXISTS `feature_group_relation`;

CREATE TABLE `feature_group_relation` (
  `id` int(10) unsigned NOT NULL AUTO_INCREMENT,
  `feature_id` int(11) NOT NULL,
  `feature_group_id` int(11) NOT NULL,
  PRIMARY KEY (`id`)
) ENGINE=InnoDB AUTO_INCREMENT=97 DEFAULT CHARSET=utf8 COLLATE=utf8_unicode_ci;

/*Data for the table `feature_group_relation` */

insert  into `feature_group_relation`(`id`,`feature_id`,`feature_group_id`) values (20,11,1),(21,12,1),(48,28,5),(49,29,5),(51,31,6),(54,34,7),(55,35,7),(56,36,8),(57,37,8),(58,38,8),(59,39,8),(60,40,8),(61,41,8),(62,42,8),(77,57,10),(78,58,9),(79,18,3),(80,19,3),(81,23,3),(82,24,3),(83,25,3),(84,26,3),(85,27,3),(86,61,3),(87,62,3),(88,2,2),(89,3,2),(90,6,2),(91,7,2),(92,15,2),(93,16,2),(94,17,2),(95,59,2),(96,60,2);

/*Table structure for table `feature_product` */

DROP TABLE IF EXISTS `feature_product`;

CREATE TABLE `feature_product` (
  `feature_id` int(11) NOT NULL,
  `product_id` int(11) NOT NULL,
  `feature_value_id` int(11) NOT NULL
) ENGINE=InnoDB DEFAULT CHARSET=utf8 COLLATE=utf8_unicode_ci;

/*Data for the table `feature_product` */

insert  into `feature_product`(`feature_id`,`product_id`,`feature_value_id`) values (11,3,43),(15,3,46),(28,3,51),(41,3,54),(12,3,115),(2,3,116),(6,3,117),(7,3,118),(16,3,119),(17,3,120),(59,3,121),(60,3,122),(18,3,86),(19,3,123),(24,3,124),(25,3,90),(26,3,125),(61,3,92),(62,3,93),(29,3,94),(31,3,126),(34,3,96),(35,3,97),(36,3,127),(57,3,128),(11,4,43),(3,4,1),(3,4,10),(28,4,51),(28,4,56),(41,4,55),(12,4,129),(2,4,130),(6,4,131),(7,4,132),(16,4,133),(17,4,134),(59,4,135),(60,4,136),(18,4,137),(19,4,138),(24,4,139),(25,4,140),(26,4,141),(61,4,142),(11,2,42),(3,2,1),(3,2,2),(3,2,9),(15,2,45),(28,2,56),(41,2,54),(12,2,100),(2,2,61),(6,2,62),(7,2,63),(16,2,101),(17,2,102),(59,2,103),(60,2,104),(18,2,105),(19,2,106),(24,2,89),(25,2,107),(26,2,108),(61,2,92),(62,2,109),(29,2,110),(31,2,111),(34,2,112),(35,2,97),(36,2,113),(57,2,114),(11,1,43),(3,1,1),(15,1,46),(28,1,51),(41,1,54),(12,1,78),(2,1,79),(6,1,80),(7,1,81),(16,1,82),(17,1,83),(59,1,84),(60,1,85),(18,1,86),(19,1,87),(23,1,88),(24,1,89),(25,1,90),(26,1,91),(61,1,92),(62,1,93),(29,1,94),(31,1,95),(34,1,96),(35,1,97),(36,1,98),(57,1,99);

/*Table structure for table `feature_value` */

DROP TABLE IF EXISTS `feature_value`;

CREATE TABLE `feature_value` (
  `id` int(10) unsigned NOT NULL AUTO_INCREMENT,
  `feature_id` int(11) NOT NULL,
  `created_at` timestamp NOT NULL DEFAULT '0000-00-00 00:00:00',
  `updated_at` timestamp NOT NULL DEFAULT '0000-00-00 00:00:00',
  PRIMARY KEY (`id`)
) ENGINE=InnoDB AUTO_INCREMENT=148 DEFAULT CHARSET=utf8 COLLATE=utf8_unicode_ci;

/*Data for the table `feature_value` */

insert  into `feature_value`(`id`,`feature_id`,`created_at`,`updated_at`) values (1,3,'2015-08-15 15:43:19','2015-08-15 15:43:19'),(2,3,'2015-08-15 15:50:51','2015-08-15 15:50:51'),(3,2,'2015-08-15 18:45:45','2015-08-15 18:45:45'),(9,3,'2015-09-24 05:16:45','2015-09-24 05:16:45'),(10,3,'2015-09-24 06:50:50','2015-09-24 06:50:50'),(26,2,'2015-09-24 07:23:03','2015-09-24 07:23:03'),(27,6,'2015-09-24 07:23:03','2015-09-24 07:23:03'),(28,7,'2015-09-24 07:23:03','2015-09-24 07:23:03'),(29,2,'2015-09-24 08:07:58','2015-09-24 08:07:58'),(30,6,'2015-09-24 08:07:58','2015-09-24 08:07:58'),(31,7,'2015-09-24 08:07:58','2015-09-24 08:07:58'),(32,6,'2015-09-24 15:21:59','2015-09-24 15:21:59'),(33,2,'2015-10-01 16:08:43','2015-10-01 16:08:43'),(34,6,'2015-10-01 16:08:43','2015-10-01 16:08:43'),(35,7,'2015-10-01 16:08:43','2015-10-01 16:08:43'),(36,2,'2015-10-01 16:09:29','2015-10-01 16:09:29'),(41,10,'2015-10-09 15:30:07','2015-10-09 15:30:07'),(42,11,'2015-10-27 11:58:17','2015-10-27 11:58:17'),(43,11,'2015-10-27 12:00:29','2015-10-27 12:00:29'),(45,15,'2015-10-27 12:02:46','2015-10-27 12:02:46'),(46,15,'2015-10-27 12:03:18','2015-10-27 12:03:18'),(47,16,'2015-10-27 12:05:49','2015-10-27 12:05:49'),(48,19,'2015-10-27 12:09:50','2015-10-27 12:09:50'),(49,19,'2015-10-27 12:10:32','2015-10-27 12:10:32'),(51,28,'2015-10-27 12:11:55','2015-10-27 12:11:55'),(54,41,'2015-10-27 12:12:42','2015-10-27 12:12:42'),(55,41,'2015-10-27 12:13:00','2015-10-27 12:13:00'),(56,28,'2015-10-27 16:25:26','2015-10-27 16:25:26'),(58,12,'2015-10-27 17:52:10','2015-10-27 17:52:10'),(60,12,'2015-10-27 18:10:13','2015-10-27 18:10:13'),(61,2,'2015-10-27 18:12:12','2015-10-27 18:12:12'),(62,6,'2015-10-27 18:12:12','2015-10-27 18:12:12'),(63,7,'2015-10-27 18:12:12','2015-10-27 18:12:12'),(65,17,'2015-10-27 18:12:12','2015-10-27 18:12:12'),(66,18,'2015-10-27 19:47:20','2015-10-27 19:47:20'),(69,23,'2015-10-28 16:01:27','2015-10-28 16:01:27'),(70,24,'2015-10-28 16:01:27','2015-10-28 16:01:27'),(71,25,'2015-10-28 16:01:27','2015-10-28 16:01:27'),(72,25,'2015-10-28 16:01:46','2015-10-28 16:01:46'),(73,27,'2015-10-28 16:01:46','2015-10-28 16:01:46'),(75,16,'2015-10-31 20:27:36','2015-10-31 20:27:36'),(76,16,'2015-11-01 07:46:06','2015-11-01 07:46:06'),(77,17,'2015-11-01 07:46:06','2015-11-01 07:46:06'),(78,12,'2015-11-11 07:17:11','2015-11-11 07:17:11'),(79,2,'2015-11-11 07:17:11','2015-11-11 07:17:11'),(80,6,'2015-11-11 07:17:11','2015-11-11 07:17:11'),(81,7,'2015-11-11 07:17:11','2015-11-11 07:17:11'),(82,16,'2015-11-11 07:17:11','2015-11-11 07:17:11'),(83,17,'2015-11-11 07:17:11','2015-11-11 07:17:11'),(84,59,'2015-11-11 11:38:42','2015-11-11 11:38:42'),(85,60,'2015-11-11 11:38:42','2015-11-11 11:38:42'),(86,18,'2015-11-11 11:38:42','2015-11-11 11:38:42'),(87,19,'2015-11-11 11:41:28','2015-11-11 11:41:28'),(88,23,'2015-11-11 11:41:28','2015-11-11 11:41:28'),(89,24,'2015-11-11 11:41:28','2015-11-11 11:41:28'),(90,25,'2015-11-11 11:41:28','2015-11-11 11:41:28'),(91,26,'2015-11-11 11:41:28','2015-11-11 11:41:28'),(92,61,'2015-11-11 11:41:28','2015-11-11 11:41:28'),(93,62,'2015-11-11 11:41:28','2015-11-11 11:41:28'),(94,29,'2015-11-11 11:41:28','2015-11-11 11:41:28'),(95,31,'2015-11-11 11:41:28','2015-11-11 11:41:28'),(96,34,'2015-11-11 11:42:20','2015-11-11 11:42:20'),(97,35,'2015-11-11 11:42:20','2015-11-11 11:42:20'),(98,36,'2015-11-11 11:42:20','2015-11-11 11:42:20'),(99,57,'2015-11-11 12:10:03','2015-11-11 12:10:03'),(100,12,'2015-11-11 13:35:17','2015-11-11 13:35:17'),(101,16,'2015-11-11 13:35:17','2015-11-11 13:35:17'),(102,17,'2015-11-11 13:35:17','2015-11-11 13:35:17'),(103,59,'2015-11-11 13:35:17','2015-11-11 13:35:17'),(104,60,'2015-11-11 13:35:17','2015-11-11 13:35:17'),(105,18,'2015-11-11 13:35:17','2015-11-11 13:35:17'),(106,19,'2015-11-11 13:35:17','2015-11-11 13:35:17'),(107,25,'2015-11-11 13:35:17','2015-11-11 13:35:17'),(108,26,'2015-11-11 13:35:17','2015-11-11 13:35:17'),(109,62,'2015-11-11 13:35:17','2015-11-11 13:35:17'),(110,29,'2015-11-11 13:35:17','2015-11-11 13:35:17'),(111,31,'2015-11-11 13:35:17','2015-11-11 13:35:17'),(112,34,'2015-11-11 13:35:17','2015-11-11 13:35:17'),(113,36,'2015-11-11 13:35:17','2015-11-11 13:35:17'),(114,57,'2015-11-11 13:35:17','2015-11-11 13:35:17'),(115,12,'2015-11-11 13:38:08','2015-11-11 13:38:08'),(116,2,'2015-11-11 13:38:08','2015-11-11 13:38:08'),(117,6,'2015-11-11 13:38:08','2015-11-11 13:38:08'),(118,7,'2015-11-11 13:38:09','2015-11-11 13:38:09'),(119,16,'2015-11-11 13:38:09','2015-11-11 13:38:09'),(120,17,'2015-11-11 13:38:09','2015-11-11 13:38:09'),(121,59,'2015-11-11 13:38:09','2015-11-11 13:38:09'),(122,60,'2015-11-11 13:38:09','2015-11-11 13:38:09'),(123,19,'2015-11-11 13:38:09','2015-11-11 13:38:09'),(124,24,'2015-11-11 13:38:09','2015-11-11 13:38:09'),(125,26,'2015-11-11 13:38:09','2015-11-11 13:38:09'),(126,31,'2015-11-11 13:38:09','2015-11-11 13:38:09'),(127,36,'2015-11-11 13:38:09','2015-11-11 13:38:09'),(128,57,'2015-11-11 13:38:09','2015-11-11 13:38:09'),(129,12,'2015-11-14 07:39:50','2015-11-14 07:39:50'),(130,2,'2015-11-14 07:39:50','2015-11-14 07:39:50'),(131,6,'2015-11-14 07:39:50','2015-11-14 07:39:50'),(132,7,'2015-11-14 07:39:50','2015-11-14 07:39:50'),(133,16,'2015-11-14 07:39:50','2015-11-14 07:39:50'),(134,17,'2015-11-14 07:39:50','2015-11-14 07:39:50'),(135,59,'2015-11-14 07:39:50','2015-11-14 07:39:50'),(136,60,'2015-11-14 07:39:50','2015-11-14 07:39:50'),(137,18,'2015-11-14 09:43:09','2015-11-14 09:43:09'),(138,19,'2015-11-14 09:43:09','2015-11-14 09:43:09'),(139,24,'2015-11-14 09:43:09','2015-11-14 09:43:09'),(140,25,'2015-11-14 09:43:09','2015-11-14 09:43:09'),(141,26,'2015-11-14 09:43:09','2015-11-14 09:43:09'),(142,61,'2015-11-14 09:43:09','2015-11-14 09:43:09'),(143,29,'2015-11-14 09:43:09','2015-11-14 09:43:09'),(144,36,'2015-11-14 09:43:09','2015-11-14 09:43:09'),(145,57,'2015-11-14 09:43:09','2015-11-14 09:43:09'),(146,57,'2015-11-14 09:43:31','2015-11-14 09:43:31'),(147,57,'2015-11-14 10:31:24','2015-11-14 10:31:24');

/*Table structure for table `feature_value_lang` */

DROP TABLE IF EXISTS `feature_value_lang`;

CREATE TABLE `feature_value_lang` (
  `feature_value_id` int(11) NOT NULL,
  `lang_id` int(11) NOT NULL,
  `value` varchar(255) COLLATE utf8_unicode_ci NOT NULL,
  `title` varchar(255) COLLATE utf8_unicode_ci DEFAULT NULL
) ENGINE=InnoDB DEFAULT CHARSET=utf8 COLLATE=utf8_unicode_ci;

/*Data for the table `feature_value_lang` */

insert  into `feature_value_lang`(`feature_value_id`,`lang_id`,`value`,`title`) values (1,1,'#ff0000','red'),(1,3,'#ff0000','قرمز'),(2,1,'#469e00','green'),(2,3,'#469e00','سبز'),(9,1,'#fbff00','زرد'),(9,3,'#fbff00','زرد'),(10,1,'#0054ce','آبی'),(10,3,'#0054ce','آبی'),(26,1,'2500',''),(26,3,'2500',''),(27,1,'315',''),(27,3,'315',''),(28,1,'165',''),(28,3,'165',''),(29,1,'2510',''),(29,3,'2510',''),(30,1,'400',''),(30,3,'400',''),(31,1,'150',''),(31,3,'150',''),(32,1,'550',''),(32,3,'550',''),(33,1,'1500',''),(33,3,'1500',''),(34,1,'245',''),(34,3,'245',''),(35,1,'160',''),(35,3,'160',''),(36,1,'1500 kg',''),(36,3,'1500 kg',''),(41,1,'0',''),(41,3,'0',''),(42,1,'جک','جک'),(42,3,'جک','جک'),(43,1,'لیفان','لیفان'),(43,3,'لیفان','لیفان'),(45,1,'4','4'),(45,3,'4','4'),(46,1,'5','5'),(46,3,'5','5'),(47,1,'205/55 R 16','205/55 R 16'),(47,3,'205/55 R 16','205/55 R 16'),(48,1,'بنزین سوز','بنزین سوز'),(48,3,'بنزین سوز','بنزین سوز'),(49,1,'دوگانه سوز','دوگانه سوز'),(49,3,'دوگانه سوز','دوگانه سوز'),(51,1,'جعبه دنده دستی','جعبه دنده دستی'),(51,3,'جعبه دنده دستی','جعبه دنده دستی'),(54,1,'یورو 4','یورو 4'),(54,3,'یورو 4','یورو 4'),(55,1,'یورو 5','یورو 5'),(55,3,'یورو 5','یورو 5'),(56,1,'جعبه دنده اتوماتیک','جعبه دنده اتوماتیک'),(56,3,'جعبه دنده اتوماتیک','جعبه دنده اتوماتیک'),(58,1,'J5',''),(58,3,'J5',''),(60,1,'جک J5 اتوماتیک',''),(60,3,'جک J5 اتوماتیک',''),(61,1,'1355',''),(61,3,'1355',''),(62,1,'4590',''),(62,3,'4590',''),(63,1,'1765',''),(63,3,'1765',''),(65,1,'205/55 R 16',''),(65,3,'205/55 R 16',''),(66,1,'205/55 R 16',''),(66,3,'205/55 R 16',''),(69,1,'انژکتوری تزریق چند نقطه ای',''),(69,3,'انژکتوری تزریق چند نقطه ای',''),(70,1,'55 لیتر',''),(70,3,'55 لیتر',''),(71,1,'',''),(71,3,'',''),(72,1,'141 اسب بخار در 6000 دور در دقیقه',''),(72,3,'',''),(73,1,'',''),(73,3,'',''),(75,1,'205/55 R 16',''),(75,3,'205/55 R 16',''),(76,1,'R 2565',''),(76,3,'R 2565',''),(77,1,'R256',''),(77,3,'R256',''),(78,1,'ایکس 60',''),(78,3,'ایکس 60',''),(79,1,'1330',''),(79,3,'1330',''),(80,1,'4325',''),(80,3,'4325',''),(81,1,'1790',''),(81,3,'1790',''),(82,1,'رادیال 16 - 215/65 ',''),(82,3,'رادیال 16 - 215/65 ',''),(83,1,'رادیال 16 - 215/65 ',''),(83,3,'رادیال 16 - 215/65 ',''),(84,1,'1690',''),(84,3,'1690',''),(85,1,'2600',''),(85,3,'2600',''),(86,1,'1794',''),(86,3,'1794',''),(87,1,'بنزین سوز',''),(87,3,'بنزین سوز',''),(88,1,'بنزین سوز - بدون دلکو یک کوئل به ازاء هر شمع، انژکتور چند نقطه ای تحت نظارت و کنترل سیستم الکترونیکی موتور (EFI) با تزریق سوخت کاملا ترتیبی - 16 سوپاپه و مجهز به دومیل سوپاپ از بالا ، مجهز به سیستم VVT ( قابلیت هوشمند آوانس کردن میل سوپاپ ورودی) ',''),(88,3,'بنزین سوز - بدون دلکو یک کوئل به ازاء هر شمع، انژکتور چند نقطه ای تحت نظارت و کنترل سیستم الکترونیکی موتور (EFI) با تزریق سوخت کاملا ترتیبی - 16 سوپاپه و مجهز به دومیل سوپاپ از بالا ، مجهز به سیستم VVT ( قابلیت هوشمند آوانس کردن میل سوپاپ ورودی) ',''),(89,1,'55',''),(89,3,'55',''),(90,1,' 6000@131 ',''),(90,3,' 6000@131 ',''),(91,1,' 4200@168 ',''),(91,3,' 4200@168 ',''),(92,1,' 4 سیلندر خطی، 16 سوپاپه (2 سوپاپ ورودی و 2 سوپاپ خروجی به ازاء هر سیلندر)، 2 میل سوپاپ در سر سیلندر (DOHC) با قابلیت تغییر زمانبندی سوپاپها ',''),(92,3,' 4 سیلندر خطی، 16 سوپاپه (2 سوپاپ ورودی و 2 سوپاپ خروجی به ازاء هر سیلندر)، 2 میل سوپاپ در سر سیلندر (DOHC) با قابلیت تغییر زمانبندی سوپاپها ',''),(93,1,' 1 : 10/0 ',''),(93,3,' 1 : 10/0 ',''),(94,1,' 5 سرعته دستی ',''),(94,3,' 5 سرعته دستی ',''),(95,1,'جلو دیسک دو جداره با قابلیت تهویه و خنک شونده، عقب دیسک - مجهز به ترمز ضد قفل (A.B.S) چهار کاناله (تمامی چرخها) - قابلیت توزیع هوشمند نیروی ترمزی بر حسب وزن و بار (E.B.D)',''),(95,3,'جلو دیسک دو جداره با قابلیت تهویه و خنک شونده، عقب دیسک - مجهز به ترمز ضد قفل (A.B.S) چهار کاناله (تمامی چرخها) - قابلیت توزیع هوشمند نیروی ترمزی بر حسب وزن و بار (E.B.D)',''),(96,1,' جلو، فنر حلقوی با ستون مک فرسون - عقب، تیرچه یک تکه و فنر حلقوی ',''),(96,3,' جلو، فنر حلقوی با ستون مک فرسون - عقب، تیرچه یک تکه و فنر حلقوی ',''),(97,1,' چرخ دنده شانه ای (Rack & Pinion)، کمک هیدرولیکی ',''),(97,3,' چرخ دنده شانه ای (Rack & Pinion)، کمک هیدرولیکی ',''),(98,1,'170',''),(98,3,'170',''),(99,1,' سیستم کولر و تهویه مطبوع، آئینه های جانبی برقی، کیسه هوای راننده و سرنشین جلو، ترمز ABS چهارکاناله و EBD، سنسور دنده عقب، قفل ایمنی کودک، چراغ ترمز سوم، گرم کن شیشه عقب، سان روف دو حالته برقی با شیشه چاپ سیلک مانع تابش مستقیم نور خورشید، شیشه بالابر برقی',''),(99,3,' سیستم کولر و تهویه مطبوع، آئینه های جانبی برقی، کیسه هوای راننده و سرنشین جلو، ترمز ABS چهارکاناله و EBD، سنسور دنده عقب، قفل ایمنی کودک، چراغ ترمز سوم، گرم کن شیشه عقب، سان روف دو حالته برقی با شیشه چاپ سیلک مانع تابش مستقیم نور خورشید، شیشه بالابر برقی',''),(100,1,'جی ۵ (۱۸۰۰ سی سی)',''),(100,3,'جی ۵ (۱۸۰۰ سی سی)',''),(101,1,' رادیال 16 - 205/55 ',''),(101,3,' رادیال 16 - 205/55 ',''),(102,1,' رادیال 16 - 205/55 ',''),(102,3,' رادیال 16 - 205/55 ',''),(103,1,'1465',''),(103,3,'1465',''),(104,1,'2710',''),(104,3,'2710',''),(105,1,'1834',''),(105,3,'1834',''),(106,1,' بنزین سوز - طراحی میتسوبیشی پاشش چند نقطه ای MPI ',''),(106,3,' بنزین سوز - طراحی میتسوبیشی پاشش چند نقطه ای MPI ',''),(107,1,' 6500@140/7 ',''),(107,3,' 6500@140/7 ',''),(108,1,' 5000@165 ',''),(108,3,' 5000@165 ',''),(109,1,'-',''),(109,3,'-',''),(110,1,' 4 سرعته اتوماتیک جلو، Tip Tronic ',''),(110,3,' 4 سرعته اتوماتیک جلو، Tip Tronic ',''),(111,1,' جلو دیسک دو جداره با قابلیت تهویه و خنک شونده، عقب دیسک - مجهز به ترمز ضد قفل (A.B.S) چهار کاناله (تمامی چرخها) – قابلیت توزیع هوشمند نیروی ترمزی بر حسب وزن و بار (E.B.D) ',''),(111,3,' جلو دیسک دو جداره با قابلیت تهویه و خنک شونده، عقب دیسک - مجهز به ترمز ضد قفل (A.B.S) چهار کاناله (تمامی چرخها) – قابلیت توزیع هوشمند نیروی ترمزی بر حسب وزن و بار (E.B.D) ',''),(112,1,' جلو، فنر حلقوی با ستون مک فرسون – عقب فنر حلقوی و اتصال جناقی دوبل مستقل ',''),(112,3,' جلو، فنر حلقوی با ستون مک فرسون – عقب فنر حلقوی و اتصال جناقی دوبل مستقل ',''),(113,1,'175',''),(113,3,'175',''),(114,1,' کیسه هوای راننده و سرنشین جلو، کمربند ایمنی سرنشینان جلو پیش کشنده، کمربند ایمنی سرنشینان عقب، کمربند ایمنی با تنظیم ارتفاع، سیستم ضد سرقت، قفل ایمنی کودک، ترمز ABS و EBD فرمان هیدرولیک با قابلیت تنظیم ارتفاع، سیستم تهویه مطبوع خودکار، گرمکن شیشه عقب، سن',''),(114,3,' کیسه هوای راننده و سرنشین جلو، کمربند ایمنی سرنشینان جلو پیش کشنده، کمربند ایمنی سرنشینان عقب، کمربند ایمنی با تنظیم ارتفاع، سیستم ضد سرقت، قفل ایمنی کودک، ترمز ABS و EBD فرمان هیدرولیک با قابلیت تنظیم ارتفاع، سیستم تهویه مطبوع خودکار، گرمکن شیشه عقب، سن',''),(115,1,' ۶۲۰ (۱۸۰۰ سی سی)',''),(115,3,' ۶۲۰ (۱۸۰۰ سی سی)',''),(116,1,'1155',''),(116,3,'1155',''),(117,1,'4550',''),(117,3,'4550',''),(118,1,'1705',''),(118,3,'1705',''),(119,1,' رادیال 15 - 195/60 ',''),(119,3,' رادیال 15 - 195/60 ',''),(120,1,' رادیال 15 - 195/60 ',''),(120,3,' رادیال 15 - 195/60 ',''),(121,1,'1495',''),(121,3,'1495',''),(122,1,'2605',''),(122,3,'2605',''),(123,1,' بنزین سوز، بدون دلکو و به ازاء هر شمع یک کوئل، انژکتور چند نقطه ای تحت نظارت و کنترل سیستم الکترونیکی موتور (EFI) با تزریق سوخت کاملاً ترتیبی، 16 سوپاپه و مجهز به دوميل سوپاپ از بالا ',''),(123,3,' بنزین سوز، بدون دلکو و به ازاء هر شمع یک کوئل، انژکتور چند نقطه ای تحت نظارت و کنترل سیستم الکترونیکی موتور (EFI) با تزریق سوخت کاملاً ترتیبی، 16 سوپاپه و مجهز به دوميل سوپاپ از بالا ',''),(124,1,'58',''),(124,3,'58',''),(125,1,' 4200@160 ',''),(125,3,' 4200@160 ',''),(126,1,' جلو دیسک دو جداره، عقب دیسک، مجهز به ترمز ضد قفل (A.B.S) در هر 4 چرخ (چهار کاناله) ',''),(126,3,' جلو دیسک دو جداره، عقب دیسک، مجهز به ترمز ضد قفل (A.B.S) در هر 4 چرخ (چهار کاناله) ',''),(127,1,' 200 ',''),(127,3,' 200 ',''),(128,1,' سان روف دو حالته برقی با شیشه چاپ سیلک مانع تابش مستقیم نور خورشید، دوربین دید عقب، رهیاب ماهواره ای GPS، کیسه هوای راننده و سرنشین جلو، سیستم هشدار دهنده باز بودن درب، DVD Player با 6 باند ورودی IPOD/SD Card با پورت USB، سیستم ضد سرقت، قفل ایمنی کودک، ت',''),(128,3,' سان روف دو حالته برقی با شیشه چاپ سیلک مانع تابش مستقیم نور خورشید، دوربین دید عقب، رهیاب ماهواره ای GPS، کیسه هوای راننده و سرنشین جلو، سیستم هشدار دهنده باز بودن درب، DVD Player با 6 باند ورودی IPOD/SD Card با پورت USB، سیستم ضد سرقت، قفل ایمنی کودک، ت',''),(129,1,' ایکس ۵۰',''),(129,3,' ایکس ۵۰',''),(130,1,'1505',''),(130,3,'1505',''),(131,1,'4430',''),(131,3,'4430',''),(132,1,'1840',''),(132,3,'1840',''),(133,1,' رینگ 15 اینچ آلومینیومی ',''),(133,3,' رینگ 15 اینچ آلومینیومی ',''),(134,1,' رینگ 15 اینچ آلومینیومی ',''),(134,3,' رینگ 15 اینچ آلومینیومی ',''),(135,1,'1540',''),(135,3,'1540',''),(136,1,'2550',''),(136,3,'2550',''),(137,1,'1500',''),(137,3,'1500',''),(138,1,' بنزین سوز و مجهز به سیستم زمانبندی متغیر سوپاپ ها VVT ',''),(138,3,' بنزین سوز و مجهز به سیستم زمانبندی متغیر سوپاپ ها VVT ',''),(139,1,'42',''),(139,3,'42',''),(140,1,' 102 اسب بخار در دور موتور 6000 دور در دقیقه ',''),(140,3,' 102 اسب بخار در دور موتور 6000 دور در دقیقه ',''),(141,1,' 133 نیوتن متر در طیف دور موتوری 3500 الی 4500 دور در دقیقه ',''),(141,3,' 133 نیوتن متر در طیف دور موتوری 3500 الی 4500 دور در دقیقه ',''),(142,1,' 4 سیلندر، 16 سوپاپ DOHC ',''),(142,3,' 4 سیلندر، 16 سوپاپ DOHC ',''),(143,1,' 5 سرعته دستی | اتوماتیک CVT ',''),(143,3,' 5 سرعته دستی | اتوماتیک CVT ',''),(144,1,' 160 | 170 ',''),(144,3,' 160 | 170 ',''),(145,1,' مجهز به سیستم ISOFIX، دارای 4 بلندگو، سیستم پخش CD با خروجی USB، AUX، سنسور دنده عقب، کنترل سیستم صوتی ار روی فرمان، کیسه هوای راننده و سرنشین جلو، سیستم توزیع الکترونیکی نیروی ترمز EBD، سیستم ترمز ضد قفل ABS، سیستم ترمز کمکی BAS، صندلی چرمی، کامپیوتر سف',''),(145,3,' مجهز به سیستم ISOFIX، دارای 4 بلندگو، سیستم پخش CD با خروجی USB، AUX، سنسور دنده عقب، کنترل سیستم صوتی ار روی فرمان، کیسه هوای راننده و سرنشین جلو، سیستم توزیع الکترونیکی نیروی ترمز EBD، سیستم ترمز ضد قفل ABS، سیستم ترمز کمکی BAS، صندلی چرمی، کامپیوتر سف',''),(146,1,' مجهز به سیستم ISOFIX، دارای 4 بلندگو، سیستم پخش CD با خروجی USB، AUX، سنسور دنده عقب، کنترل سیستم صوتی ار روی فرمان، کیسه هوای راننده و سرنشین جلو، سیستم توزیع الکترونیکی نیروی ترمز EBD، سیستم ترمز ضد قفل ABS، سیستم ترمز کمکی BAS، صندلی چرمی، کامپیوتر سف',''),(146,3,' مجهز به سیستم ISOFIX، دارای 4 بلندگو، سیستم پخش CD با خروجی USB، AUX، سنسور دنده عقب، کنترل سیستم صوتی ار روی فرمان، کیسه هوای راننده و سرنشین جلو، سیستم توزیع الکترونیکی نیروی ترمز EBD، سیستم ترمز ضد قفل ABS، سیستم ترمز کمکی BAS، صندلی چرمی، کامپیوتر سف',''),(147,1,' مجهز به سیستم ISOFIX، دارای 4 بلندگو، سیستم پخش CD با خروجی USB، AUX، سنسور دنده عقب، کنترل سیستم صوتی ار روی فرمان، کیسه هوای راننده و سرنشین جلو، سیستم توزیع الکترونیکی نیروی ترمز EBD، سیستم ترمز ضد قفل ABS، سیستم ترمز کمکی BAS، صندلی چرمی، کامپیوتر سف',''),(147,3,' مجهز به سیستم ISOFIX، دارای 4 بلندگو، سیستم پخش CD با خروجی USB، AUX، سنسور دنده عقب، کنترل سیستم صوتی ار روی فرمان، کیسه هوای راننده و سرنشین جلو، سیستم توزیع الکترونیکی نیروی ترمز EBD، سیستم ترمز ضد قفل ABS، سیستم ترمز کمکی BAS، صندلی چرمی، کامپیوتر سف','');

/*Table structure for table `features` */

DROP TABLE IF EXISTS `features`;

CREATE TABLE `features` (
  `id` int(10) unsigned NOT NULL AUTO_INCREMENT,
  `type` enum('text','color','integer') COLLATE utf8_unicode_ci NOT NULL,
  `position` smallint(6) NOT NULL,
  `custom` tinyint(1) NOT NULL DEFAULT '0',
  `status` tinyint(1) NOT NULL DEFAULT '1',
  `created_at` timestamp NOT NULL DEFAULT '0000-00-00 00:00:00',
  `updated_at` timestamp NOT NULL DEFAULT '0000-00-00 00:00:00',
  PRIMARY KEY (`id`)
) ENGINE=InnoDB AUTO_INCREMENT=63 DEFAULT CHARSET=utf8 COLLATE=utf8_unicode_ci;

/*Data for the table `features` */

insert  into `features`(`id`,`type`,`position`,`custom`,`status`,`created_at`,`updated_at`) values (2,'integer',1,1,1,'2015-08-14 06:51:47','2015-08-15 18:45:13'),(3,'color',1,0,1,'2015-08-14 08:09:09','2015-08-14 08:09:09'),(6,'integer',1,1,1,'2015-09-22 17:35:45','2015-09-22 17:35:45'),(7,'integer',1,1,1,'2015-09-22 17:36:01','2015-09-22 17:36:01'),(11,'text',1,0,1,'2015-10-27 07:42:38','2015-10-27 07:42:38'),(12,'text',1,1,1,'2015-10-27 07:43:43','2015-10-27 07:43:43'),(15,'text',1,0,1,'2015-10-27 07:44:59','2015-10-27 07:44:59'),(16,'text',1,1,1,'2015-10-27 07:45:25','2015-10-27 19:47:38'),(17,'text',1,1,1,'2015-10-27 07:45:36','2015-10-27 12:07:06'),(18,'text',1,1,1,'2015-10-27 07:46:11','2015-10-27 12:08:41'),(19,'text',1,1,1,'2015-10-27 07:46:29','2015-11-11 11:39:16'),(23,'text',1,1,1,'2015-10-27 07:57:29','2015-10-27 07:57:29'),(24,'text',1,1,1,'2015-10-27 07:57:43','2015-10-27 07:57:52'),(25,'text',1,1,1,'2015-10-27 07:58:12','2015-10-27 07:58:12'),(26,'text',1,1,1,'2015-10-27 07:58:21','2015-10-27 07:58:21'),(27,'text',1,1,1,'2015-10-27 07:58:30','2015-10-27 07:58:30'),(28,'text',1,0,1,'2015-10-27 07:58:46','2015-10-27 07:58:46'),(29,'integer',1,1,1,'2015-10-27 07:58:57','2015-10-27 07:58:57'),(31,'text',1,1,1,'2015-10-27 07:59:23','2015-10-27 07:59:23'),(34,'text',1,1,1,'2015-10-27 07:59:48','2015-10-27 07:59:57'),(35,'text',1,1,1,'2015-10-27 08:00:19','2015-10-27 08:00:19'),(36,'text',1,1,1,'2015-10-27 08:00:32','2015-10-27 08:00:32'),(37,'text',1,1,1,'2015-10-27 08:00:39','2015-10-27 08:00:39'),(38,'text',1,1,1,'2015-10-27 08:00:55','2015-10-27 08:00:55'),(39,'text',1,1,1,'2015-10-27 08:01:04','2015-10-27 08:01:04'),(40,'text',1,1,1,'2015-10-27 08:01:17','2015-10-27 08:01:17'),(41,'text',1,0,1,'2015-10-27 08:01:28','2015-10-27 08:01:28'),(42,'text',1,1,1,'2015-10-27 08:01:41','2015-10-27 12:13:15'),(57,'text',1,1,1,'2015-10-27 08:07:00','2015-10-27 08:07:00'),(58,'text',1,1,1,'2015-10-27 08:13:42','2015-10-27 08:13:42'),(59,'integer',1,1,1,'2015-10-27 16:34:36','2015-10-27 16:34:36'),(60,'integer',1,1,1,'2015-10-27 16:35:42','2015-10-27 16:35:42'),(61,'text',1,1,1,'2015-11-11 11:26:26','2015-11-11 11:26:26'),(62,'text',1,1,1,'2015-11-11 11:27:16','2015-11-11 11:27:16');

/*Table structure for table `features_lang` */

DROP TABLE IF EXISTS `features_lang`;

CREATE TABLE `features_lang` (
  `feature_id` int(11) NOT NULL,
  `lang_id` int(11) NOT NULL,
  `name` varchar(255) COLLATE utf8_unicode_ci NOT NULL
) ENGINE=InnoDB DEFAULT CHARSET=utf8 COLLATE=utf8_unicode_ci;

/*Data for the table `features_lang` */

insert  into `features_lang`(`feature_id`,`lang_id`,`name`) values (2,1,'Weight Product'),(2,3,'وزن خودرو  (کیلوگرم)'),(3,1,'Color Product'),(3,3,'رنگ خودرو'),(6,1,'طول'),(6,3,'طول خودرو  (میلی متر)'),(7,1,'عرض'),(7,3,'عرض خودرو (میلی متر)'),(11,1,'کارخانه تولید کننده	'),(11,3,'کارخانه تولید کننده	'),(12,1,'نام و مدل اتومبیل'),(12,3,'نام و مدل اتومبیل'),(15,1,'تعداد فضای سرنشینان'),(15,3,'تعداد فضای سرنشینان'),(16,1,'ابعاد و نوع لاستیک چرخهای جلو'),(16,3,'ابعاد و نوع لاستیک چرخهای جلو'),(17,1,'ابعاد و نوع لاستیک چرخهای عقب	'),(17,3,'ابعاد و نوع لاستیک چرخهای عقب'),(18,1,'حجم موتور'),(18,3,'حجم موتور'),(19,1,'نوع موتور'),(19,3,'نوع موتور'),(23,1,'سیستم سوخت رسانی'),(23,3,'سیستم سوخت رسانی'),(24,1,'ظرفیت باک'),(24,3,'ظرفیت باک'),(25,1,'حداکثر توان خروجی (دور بر دقیقه / اسب بخار)'),(25,3,'حداکثر توان خروجی (دور بر دقیقه / اسب بخار)'),(26,1,'حداکثر گشتاور خروجی (دور بر دقیقه / نیوتن متر)'),(26,3,'حداکثر گشتاور خروجی (دور بر دقیقه / نیوتن متر)'),(27,1,'توان خروجی حجمی (اسب بخار بر لیتر)'),(27,3,'توان خروجی حجمی (اسب بخار بر لیتر)'),(28,1,'نوع جعبه دنده'),(28,3,'نوع جعبه دنده'),(29,1,'تعداد دنده (جلو)'),(29,3,'تعداد دنده (جلو)'),(31,1,'نوع سیستم ترمز'),(31,3,'نوع سیستم ترمز'),(34,1,'نوع سیستم تعلیق'),(34,3,'نوع سیستم تعلیق'),(35,1,'نوع سیستم فرمان'),(35,3,'نوع سیستم فرمان'),(36,1,'حداکثر سرعت'),(36,3,'حداکثر سرعت'),(37,1,'شتاب 0 الی 100 (برحسب ثانیه)'),(37,3,'شتاب 0 الی 100 (برحسب ثانیه)'),(38,1,'مصرف سوخت شهری'),(38,3,'مصرف سوخت شهری'),(39,1,'مصرف سوخت جاده ایی'),(39,3,'مصرف سوخت جاده ایی'),(40,1,'سیکل ترکیبی مصرف سوخت'),(40,3,'سیکل ترکیبی مصرف سوخت'),(41,1,'استاندارد آلایندگی'),(41,3,'استاندارد آلایندگی'),(42,1,'ستاره ایمنی از مرکز استاندارد و ایمنی اروپا EURONCAP'),(42,3,'ستاره ایمنی از مرکز استاندارد و ایمنی اروپا EURONCAP'),(57,1,'دیگر تجهیزات و امکانات'),(57,3,'دیگر تجهیزات و امکانات'),(58,1,'محدوده گارانتی'),(58,3,'محدوده گارانتی'),(59,1,'عرض خودرو (میلی متر)'),(59,3,'ارتفاع خودرو (میلی متر)'),(60,1,'فاصله دو محور (میلی متر)'),(60,3,'فاصله دو محور (میلی متر)'),(61,1,'تعداد سیلندر، سوپاپها و آرایش میل سوپاپ '),(61,3,'تعداد سیلندر، سوپاپها و آرایش میل سوپاپ '),(62,1,'ضریب تراکم'),(62,3,'ضریب تراکم');

/*Table structure for table `info_users` */

DROP TABLE IF EXISTS `info_users`;

CREATE TABLE `info_users` (
  `user_id` int(10) unsigned NOT NULL,
  `persona` enum('student','trainee','another') COLLATE utf8_unicode_ci DEFAULT NULL,
  `education` enum('Terminale','Bac Pro','Bac Bac+1','Bac+2','Bac+3','Bac+4','Bac+5','Stagiaire','Autre') COLLATE utf8_unicode_ci DEFAULT NULL,
  `institution_type` enum('BTS IUT','Prépa Commerce','Prépa Ingénieur','Université','Ecole de Commerce','Ecole d`Ingénieur','Entreprise','Lycée','Autre') COLLATE utf8_unicode_ci DEFAULT NULL,
  `institution` varchar(150) COLLATE utf8_unicode_ci DEFAULT NULL,
  `institution_town` varchar(150) COLLATE utf8_unicode_ci DEFAULT NULL,
  `current_institution_type` enum('BTS IUT','Prépa Commerce','Prépa Ingénieur','Université','Ecole de Commerce','Ecole d`Ingénieur','Entreprise','Lycée','Autre') COLLATE utf8_unicode_ci DEFAULT NULL,
  `current_institution` varchar(150) COLLATE utf8_unicode_ci DEFAULT NULL,
  `current_institution_town` varchar(150) COLLATE utf8_unicode_ci DEFAULT NULL,
  `parent_guarantor` enum('OuiA','OuiB','Non') COLLATE utf8_unicode_ci DEFAULT NULL,
  `accuracy_information` tinyint(4) DEFAULT NULL,
  `personal_message` text COLLATE utf8_unicode_ci,
  `status` tinyint(4) DEFAULT NULL,
  `created_at` timestamp NULL DEFAULT '0000-00-00 00:00:00',
  `updated_at` timestamp NULL DEFAULT '0000-00-00 00:00:00',
  PRIMARY KEY (`user_id`),
  UNIQUE KEY `info_users_user_id_unique` (`user_id`)
) ENGINE=InnoDB DEFAULT CHARSET=utf8 COLLATE=utf8_unicode_ci;

/*Data for the table `info_users` */

/*Table structure for table `language` */

DROP TABLE IF EXISTS `language`;

CREATE TABLE `language` (
  `id` int(10) unsigned NOT NULL AUTO_INCREMENT,
  `name` varchar(255) COLLATE utf8_unicode_ci DEFAULT NULL,
  `is_code` varchar(3) COLLATE utf8_unicode_ci DEFAULT 'en',
  `language_code` varchar(10) COLLATE utf8_unicode_ci DEFAULT 'en-us',
  `date_format` varchar(10) COLLATE utf8_unicode_ci DEFAULT 'Y-m-d',
  `date_format_full` varchar(20) COLLATE utf8_unicode_ci DEFAULT 'Y-m-d H:i:s',
  `active` tinyint(4) DEFAULT '0',
  `is_rtl` tinyint(4) DEFAULT '0',
  `status` tinyint(4) DEFAULT '1',
  `created_at` timestamp NULL DEFAULT '0000-00-00 00:00:00',
  `updated_at` timestamp NULL DEFAULT '0000-00-00 00:00:00',
  PRIMARY KEY (`id`)
) ENGINE=InnoDB AUTO_INCREMENT=4 DEFAULT CHARSET=utf8 COLLATE=utf8_unicode_ci;

/*Data for the table `language` */

insert  into `language`(`id`,`name`,`is_code`,`language_code`,`date_format`,`date_format_full`,`active`,`is_rtl`,`status`,`created_at`,`updated_at`) values (1,'English','en','en-US','Y-m-d','Y-m-d H:i:s',1,0,1,'0000-00-00 00:00:00','0000-00-00 00:00:00'),(2,'French','fr','fr-FR','Y-m-d','Y-m-d H:i:s',1,0,1,'0000-00-00 00:00:00','0000-00-00 00:00:00'),(3,'Farsi','fa','fa','Y-m-d','Y-m-d H:i:s',1,1,1,'0000-00-00 00:00:00','0000-00-00 00:00:00');

/*Table structure for table `likes` */

DROP TABLE IF EXISTS `likes`;

CREATE TABLE `likes` (
  `id` int(11) NOT NULL AUTO_INCREMENT,
  `system` varchar(50) DEFAULT 'comment',
  `item_id` int(11) DEFAULT NULL,
  `user_id` int(11) DEFAULT '0',
  `status` tinyint(1) DEFAULT '1' COMMENT '1: is like , 2: is dislike',
  `created_at` datetime DEFAULT NULL,
  `updated_at` datetime DEFAULT NULL,
  PRIMARY KEY (`id`)
) ENGINE=InnoDB AUTO_INCREMENT=8 DEFAULT CHARSET=latin1;

/*Data for the table `likes` */

insert  into `likes`(`id`,`system`,`item_id`,`user_id`,`status`,`created_at`,`updated_at`) values (7,'comment',68,1,1,'2015-11-10 20:50:59','2015-11-10 20:51:07');

/*Table structure for table `links` */

DROP TABLE IF EXISTS `links`;

CREATE TABLE `links` (
  `id` int(10) unsigned NOT NULL AUTO_INCREMENT,
  `url` varchar(255) COLLATE utf8_unicode_ci NOT NULL,
  `title` varchar(255) COLLATE utf8_unicode_ci NOT NULL,
  `desc` text COLLATE utf8_unicode_ci NOT NULL,
  `created_at` timestamp NOT NULL DEFAULT '0000-00-00 00:00:00',
  `updated_at` timestamp NOT NULL DEFAULT '0000-00-00 00:00:00',
  PRIMARY KEY (`id`)
) ENGINE=InnoDB DEFAULT CHARSET=utf8 COLLATE=utf8_unicode_ci;

/*Data for the table `links` */

/*Table structure for table `media` */

DROP TABLE IF EXISTS `media`;

CREATE TABLE `media` (
  `id` int(10) unsigned NOT NULL AUTO_INCREMENT,
  `src` varchar(255) COLLATE utf8_unicode_ci DEFAULT NULL,
  `type` enum('image','video','doc') COLLATE utf8_unicode_ci DEFAULT NULL,
  `user_id` int(11) DEFAULT NULL,
  `employee_id` int(11) NOT NULL,
  `status` tinyint(4) DEFAULT NULL,
  `created_at` timestamp NULL DEFAULT '0000-00-00 00:00:00',
  `updated_at` timestamp NULL DEFAULT '0000-00-00 00:00:00',
  PRIMARY KEY (`id`)
) ENGINE=InnoDB AUTO_INCREMENT=384 DEFAULT CHARSET=utf8 COLLATE=utf8_unicode_ci;

/*Data for the table `media` */

insert  into `media`(`id`,`src`,`type`,`user_id`,`employee_id`,`status`,`created_at`,`updated_at`) values (320,'uploads/images/product/63216c32b32be0f0dc35069be485b56b/original.jpg','image',1,1,0,'2015-09-10 15:56:25','2015-09-19 17:08:14'),(321,'uploads/images/product/50cb4d928a0883aa9cc419a822b3d569/original.jpg','image',0,1,1,'2015-09-10 16:19:05','2015-09-10 16:19:05'),(322,'uploads/images/product/41297f7992bef6847197a3504fb819f5/original.jpg','image',0,1,1,'2015-09-19 16:59:42','2015-09-19 16:59:42'),(323,'uploads/images/product/31a0b849c2c872a1627b3cfd442b8449/original.jpg','image',0,1,1,'2015-09-19 16:59:42','2015-09-19 16:59:42'),(324,'uploads/images/product/78c39e2348f2639b4b3797782ca6579c/original.jpg','image',0,1,1,'2015-09-19 16:59:42','2015-09-19 16:59:42'),(325,'uploads/images/product/f78efdc9aaccb3911183ecdac19627b1/original.jpg','image',0,1,1,'2015-09-19 16:59:42','2015-09-19 16:59:42'),(326,'uploads/images/product/85fc60e833c33de593c55d4afb2166c6/original.jpg','image',0,1,1,'2015-09-19 16:59:42','2015-09-19 16:59:42'),(327,'uploads/images/product/d7dc4ff0d21c46e8dfd1954c6bd275e8/original.jpg','image',0,1,1,'2015-09-19 17:10:24','2015-09-19 17:10:24'),(328,'uploads/images/product/8c0f8b2104e37a2a7cd299df408104e3/original.jpg','image',0,1,1,'2015-09-19 17:10:24','2015-09-19 17:10:24'),(329,'uploads/images/product/2f37cda0f9b516a8433a0ffc75840538/original.jpg','image',0,1,1,'2015-09-19 17:10:24','2015-09-19 17:10:24'),(330,'uploads/images/product/0daf700e7f2e9d7a255b56bacbd208e2/original.jpg','image',0,1,1,'2015-09-19 17:10:24','2015-09-19 17:10:24'),(331,'uploads/images/product/c8189e169e331ccdeea9adab6fbf3a0c/original.jpg','image',0,1,1,'2015-09-19 17:10:24','2015-09-19 17:10:24'),(360,'uploads/images/comments/c975d8d40912421ba65c7e9efbe3d475/original.jpg','image',0,1,1,'2015-09-22 16:18:26','2015-09-22 16:18:26'),(361,'uploads/docs/comments/d44309fd880078c2be27b308e1eafbbc/original.doc','doc',0,1,1,'2015-09-22 16:26:49','2015-09-22 16:26:49'),(362,'uploads/images/comments/6e11a0c0a794a385d14811ef2e50c573/original.jpg','image',0,1,1,'2015-09-22 16:28:47','2015-09-22 16:28:47'),(363,'uploads/images/comments/163aa2ad04496a73fa1409614ec62cc8/original.jpg','image',999999999,0,1,'2015-09-24 04:05:03','2015-09-24 04:05:03'),(364,'uploads/images/comments/bd14943c6337184c1fc28b2b4d8521de/original.jpg','image',999999999,0,1,'2015-09-24 04:26:30','2015-09-24 04:26:30'),(365,'uploads/images/comments/28321f463b23c91335a7b3e24014f13b/original.jpg','image',999999999,0,1,'2015-09-24 04:28:45','2015-09-24 04:28:45'),(366,'uploads/images/comments/e2aba0c0f2ecc1756789ed72887cb461/original.jpg','image',999999999,0,1,'2015-09-24 04:47:05','2015-09-24 04:47:05'),(367,'uploads/images/comments/671654c4914e9cfe655a2ae841dc7130/original.jpg','image',999999999,0,1,'2015-09-24 04:58:06','2015-09-24 04:58:06'),(368,'uploads/images/comments/95aa31e4a37d3db415c511ca7f2b8def/original.jpg','image',999999999,0,1,'2015-09-24 04:59:00','2015-09-24 04:59:00'),(369,'uploads/images/comments/5ce612eb91e4e7512fb2cd269279060b/original.jpg','image',0,1,1,'2015-09-24 16:53:47','2015-09-24 16:53:47'),(370,'uploads/images/comments/bb92615e0213da9f81b6e1cf4faaff99/original.jpg','image',0,1,1,'2015-10-01 15:50:21','2015-10-01 15:50:21'),(371,'uploads/images/product/5bd2efe00e8ee82d078b96edb190250d/original.jpg','image',0,1,1,'2015-11-14 20:09:17','2015-11-14 20:09:17'),(372,'uploads/images/product/868855c4c87bbe69d6afc62dd59293d5/original.jpg','image',0,1,1,'2015-11-14 20:09:17','2015-11-14 20:09:17'),(373,'uploads/images/product/d2a1c1bd0e286027bb0e3009b462457a/original.jpg','image',0,1,1,'2015-11-14 20:09:17','2015-11-14 20:09:17'),(374,'uploads/images/product/412b95e56e756efc7a9ae74bfd8d31cc/original.jpg','image',0,1,1,'2015-11-14 20:09:17','2015-11-14 20:09:17'),(375,'uploads/images/product/dbcba27981f3d536953c361310239e61/original.jpg','image',0,1,1,'2015-11-14 20:09:17','2015-11-14 20:09:17'),(376,'uploads/images/content_gallery/16c32d35271f12928014c921ffc928b8/original.jpg','image',0,1,0,'2015-11-15 05:37:04','2015-11-15 05:37:48'),(377,'uploads/images/content_gallery/a196c2d561344da2deba44d6f4c30e43/original.jpg','image',0,1,0,'2015-11-15 06:45:28','2015-11-15 06:47:31'),(378,'uploads/images/content_gallery/3fe6dc2859cd343ad2f2e387b41d2604/original.jpg','image',0,1,1,'2015-11-15 07:16:17','2015-11-15 07:16:17'),(379,'uploads/images/content_gallery/a76e98e52081c9d1913362eb673d448b/original.jpg','image',0,1,1,'2015-11-15 07:17:52','2015-11-15 07:17:52'),(380,'uploads/images/content_gallery/565537e7ad1dfaefc56b227d24d26684/original.jpg','image',0,1,0,'2015-11-15 07:18:42','2015-11-15 07:26:57'),(381,'uploads/images/content_gallery/0b98f2d047396e209c980f534308411a/original.jpg','image',0,1,1,'2015-11-15 07:25:36','2015-11-15 07:30:38'),(382,'uploads/images/content_gallery/50a31c0b6754efba86185d587ca92ec1/original.jpg','image',0,1,1,'2015-11-15 07:26:24','2015-11-15 07:26:24'),(383,'uploads/images/content_gallery/aa608c97b3499bec6359415c143bc316/original.jpg','image',0,1,0,'2015-11-15 07:33:28','2015-11-15 07:33:37');

/*Table structure for table `menu_groups` */

DROP TABLE IF EXISTS `menu_groups`;

CREATE TABLE `menu_groups` (
  `id` int(10) unsigned NOT NULL AUTO_INCREMENT,
  `title` varchar(255) COLLATE utf8_unicode_ci DEFAULT NULL,
  `type` enum('0','1') COLLATE utf8_unicode_ci DEFAULT NULL,
  `created_at` timestamp NULL DEFAULT '0000-00-00 00:00:00',
  `updated_at` timestamp NULL DEFAULT '0000-00-00 00:00:00',
  PRIMARY KEY (`id`)
) ENGINE=InnoDB DEFAULT CHARSET=utf8 COLLATE=utf8_unicode_ci;

/*Data for the table `menu_groups` */

/*Table structure for table `menus` */

DROP TABLE IF EXISTS `menus`;

CREATE TABLE `menus` (
  `id` int(10) unsigned NOT NULL AUTO_INCREMENT,
  `root_id` int(11) NOT NULL,
  `parent_id` int(11) DEFAULT NULL,
  `lft` int(11) DEFAULT NULL,
  `rgt` int(11) DEFAULT NULL,
  `depth` int(11) DEFAULT NULL,
  `alias` text COLLATE utf8_unicode_ci NOT NULL,
  `url` varchar(255) COLLATE utf8_unicode_ci DEFAULT NULL,
  `image` varchar(255) COLLATE utf8_unicode_ci DEFAULT NULL,
  `thumbnail` varchar(255) COLLATE utf8_unicode_ci DEFAULT NULL,
  `created_at` timestamp NOT NULL DEFAULT '0000-00-00 00:00:00',
  `updated_at` timestamp NOT NULL DEFAULT '0000-00-00 00:00:00',
  PRIMARY KEY (`id`),
  KEY `menus_parent_id_index` (`parent_id`),
  KEY `menus_lft_index` (`lft`),
  KEY `menus_rgt_index` (`rgt`)
) ENGINE=InnoDB AUTO_INCREMENT=65 DEFAULT CHARSET=utf8 COLLATE=utf8_unicode_ci;

/*Data for the table `menus` */

insert  into `menus`(`id`,`root_id`,`parent_id`,`lft`,`rgt`,`depth`,`alias`,`url`,`image`,`thumbnail`,`created_at`,`updated_at`) values (1,1,NULL,1,54,0,'back-menu','',NULL,'','2015-06-04 11:22:05','2015-11-29 05:39:09'),(2,2,NULL,1,38,0,'front-menu',NULL,NULL,NULL,'2015-06-04 11:22:05','2015-10-13 08:22:21'),(3,1,1,2,19,1,'admin','',NULL,'','2015-06-04 11:22:05','2015-10-09 07:59:16'),(4,2,2,2,3,1,'home','/','false','','2015-06-04 11:22:05','2015-10-01 15:48:07'),(8,1,1,20,53,1,'managment',NULL,NULL,NULL,'2015-06-04 12:13:57','2015-11-29 05:39:09'),(19,1,3,3,4,2,'menu','backend/menu',NULL,'fa fa-building','2015-06-11 19:03:51','2015-07-02 16:16:49'),(21,1,8,21,28,2,'products','backend/product',NULL,'fa fa-car','2015-06-11 19:28:27','2015-10-09 07:59:16'),(24,1,3,5,6,2,'category','backend/category',NULL,'fa fa-reorder','2015-06-11 19:42:15','2015-07-02 16:17:10'),(27,1,3,7,8,2,'users','backend/users',NULL,'fa fa-users','2015-07-02 16:15:24','2015-07-02 16:17:33'),(28,1,3,9,10,2,'employees','backend/employees',NULL,'fa fa-users','2015-07-02 16:16:04','2015-07-19 18:40:47'),(29,1,8,41,42,2,'content','backend/content',NULL,'fa fa-columns','2015-07-03 09:33:37','2015-10-09 07:59:16'),(30,1,8,43,44,2,'news','backend/news',NULL,'fa fa-hacker-news','2015-07-05 20:22:44','2015-11-29 05:43:02'),(31,2,2,4,13,1,'events','',NULL,'','2015-07-05 20:28:28','2015-10-13 08:22:21'),(32,1,8,47,48,2,'links','backend/links',NULL,'fa fa-external-link','2015-07-06 20:25:02','2015-11-29 05:43:02'),(33,2,2,18,19,1,'links','links',NULL,'','2015-07-07 18:00:09','2015-10-13 08:22:21'),(34,1,8,49,50,2,'faq','backend/faq',NULL,'fa fa-question','2015-07-07 21:06:52','2015-11-29 05:43:02'),(35,2,37,25,26,2,'faq','faq',NULL,'','2015-07-07 22:50:19','2015-10-13 08:22:21'),(36,1,8,51,52,2,'messages','backend/messages',NULL,'fa fa-weixin','2015-07-08 20:46:50','2015-11-29 05:43:02'),(37,2,2,20,35,1,'contact-us','contact-us',NULL,'','2015-07-09 12:22:37','2015-10-13 08:22:21'),(38,1,3,11,12,2,'params','backend/params',NULL,'fa fa-pied-piper','2015-07-17 09:59:30','2015-07-23 15:56:36'),(40,1,21,24,25,3,'feature-product','backend/feature',NULL,'fa fa-folder-o','2015-08-13 06:05:57','2015-10-09 07:59:16'),(41,1,21,26,27,3,'feature-group','backend/featureGroup',NULL,'fa fa-flag','2015-08-14 08:39:21','2015-10-09 07:59:16'),(42,1,21,22,23,3,'product','backend/product',NULL,'fa fa-cab','2015-08-14 13:00:59','2015-10-09 07:59:16'),(45,2,31,5,10,2,'news','','false','','2015-08-27 06:20:58','2015-10-13 08:22:21'),(46,2,31,11,12,2,'weblog','weblog','false','fa fa-weixin','2015-08-27 06:21:40','2015-10-14 05:20:12'),(49,2,2,36,37,1,'sales-plan',NULL,NULL,NULL,'2015-08-27 10:14:55','2015-10-13 08:22:21'),(50,2,37,21,24,2,'contact-agency',NULL,NULL,NULL,'2015-08-27 10:16:50','2015-10-13 08:22:21'),(51,2,50,22,23,3,'contact-us-agency','contact-us','false','','2015-08-27 10:17:39','2015-11-29 20:01:52'),(52,2,37,27,34,2,'agency-in-social',NULL,NULL,NULL,'2015-08-27 10:19:49','2015-10-13 08:22:21'),(53,2,52,28,29,3,'facebook','',NULL,'fa fa-facebook','2015-08-27 10:20:43','2015-10-13 08:22:21'),(54,2,52,30,31,3,'twitter','',NULL,'fa fa-twitter','2015-08-27 10:21:03','2015-10-13 08:22:21'),(55,2,52,32,33,3,'google-plus','',NULL,'fa fa-google-plus','2015-08-27 10:21:24','2015-10-13 08:22:21'),(56,2,45,8,9,3,'rss','feed',NULL,'fa fa-rss','2015-08-27 10:25:33','2015-10-13 08:22:21'),(57,2,2,14,17,1,'online-services',NULL,NULL,NULL,'2015-08-27 10:28:39','2015-10-13 08:22:21'),(58,2,57,15,16,2,'online-services-kerman',NULL,NULL,NULL,'2015-08-27 10:29:25','2015-10-13 08:22:21'),(59,1,8,29,30,2,'manage-advert-slider','backend/advert','false','fa fa-image','2015-08-28 14:52:39','2015-10-09 07:59:16'),(60,1,3,13,18,2,'manage-access','','false','fa fa-cogs','2015-10-09 07:58:11','2015-10-09 08:31:07'),(61,1,60,14,15,3,'access-groups','backend/accessGroup','false','fa fa-group','2015-10-09 07:58:52','2015-10-09 08:29:44'),(62,1,60,16,17,3,'list-actions','backend/actionList','false','fa fa-desktop','2015-10-09 07:59:15','2015-10-09 08:30:33'),(63,2,45,6,7,3,'global-news','news','false','','2015-10-11 05:32:31','2015-10-13 08:22:21'),(64,1,8,45,46,2,'weblog','backend/weblog','false','fa fa-file-word-o','2015-11-29 05:39:09','2015-11-29 05:43:02');

/*Table structure for table `menus_lang` */

DROP TABLE IF EXISTS `menus_lang`;

CREATE TABLE `menus_lang` (
  `menus_id` int(11) NOT NULL,
  `lang_id` int(11) NOT NULL,
  `name` varchar(255) COLLATE utf8_unicode_ci NOT NULL,
  `desc` text COLLATE utf8_unicode_ci,
  `tag` varchar(255) COLLATE utf8_unicode_ci DEFAULT NULL
) ENGINE=InnoDB DEFAULT CHARSET=utf8 COLLATE=utf8_unicode_ci;

/*Data for the table `menus_lang` */

insert  into `menus_lang`(`menus_id`,`lang_id`,`name`,`desc`,`tag`) values (1,1,'BackMenu [en]',NULL,NULL),(1,3,'منوهای مدیریت','',NULL),(3,1,'admin [en]',NULL,NULL),(3,3,'مدیریت','',NULL),(19,1,'Menu [en]','',NULL),(19,3,'مدیریت منوها','',NULL),(24,1,'Category [en]','Category Descriptions [en]',NULL),(24,3,'مدیریت شاخه ها','Category Descriptions [fr]',NULL),(8,1,'managment [en]',NULL,NULL),(8,3,'مدیریت بخشها',NULL,NULL),(21,1,'aparment [en]',NULL,NULL),(21,3,'محصولات','',NULL),(2,1,'front-menu [en]',NULL,NULL),(2,3,'منوهای پنل کاربری',NULL,NULL),(4,1,'home [en]',NULL,NULL),(4,3,'خانه','',NULL),(27,1,'Users [en]','',NULL),(27,3,'کاربران','',NULL),(28,1,'Employees [en]','',NULL),(28,3,'کارمندان','',NULL),(29,1,'Content [en]','',NULL),(29,3,'مطالب سایت','',NULL),(30,1,'News [en]','',NULL),(30,3,'اخبار','',NULL),(31,1,'News [en]','',NULL),(31,3,'رویدادها','',NULL),(32,1,'Link','',NULL),(32,3,'مدیریت پیوند ها','',NULL),(33,1,'Links [en]','',NULL),(33,3,'پیوند ها','',NULL),(34,1,'FAQ [en]','',NULL),(34,3,'مدیریت پرسش و پاسخ','',NULL),(35,1,'FAQ',NULL,NULL),(35,3,'پرسش و پاسخ','',NULL),(36,1,'Messages',NULL,NULL),(36,3,'مدیریت پیامها','',NULL),(37,1,'Contact Us [en]','',NULL),(37,3,'ارتباط با ما','',NULL),(38,1,'Parameters [en]','',NULL),(38,3,'پارامترهای سیستم','',NULL),(40,1,'مدیریت ویژگی مححصولات',NULL,NULL),(40,3,'مدیریت ویژگی محصولات','',NULL),(41,1,'مدیریت گروه ویژگی ها',NULL,NULL),(41,3,'مدیریت گروه ویژگی ها','',NULL),(42,1,'مدیریت محصولات',NULL,NULL),(42,3,'مدیریت محصولات','',NULL),(45,1,'اخبار',NULL,NULL),(45,3,'اخبار','',NULL),(46,1,'وب لاگ',NULL,NULL),(46,3,'وب لاگ','',NULL),(49,1,'طرح های فروش',NULL,NULL),(49,3,'طرح های فروش',NULL,NULL),(50,1,'ارتباط با نمایندگی',NULL,NULL),(50,3,'ارتباط با نمایندگی',NULL,NULL),(51,1,'تماس با ما',NULL,NULL),(51,3,'تماس با ما','',NULL),(52,1,'صفحات نمایندگی در شبکه های اجتماعی',NULL,NULL),(52,3,'صفحات نمایندگی در شبکه های اجتماعی',NULL,NULL),(53,1,'فیس بوک',NULL,NULL),(53,3,'فیس بوک','',NULL),(54,1,'تویتر',NULL,NULL),(54,3,'تویتر','',NULL),(55,1,'گوگل',NULL,NULL),(55,3,'گوگل','',NULL),(56,1,'خلاصه اخبار',NULL,NULL),(56,3,'خلاصه اخبار','',NULL),(57,1,'خدمات آنلاین',NULL,NULL),(57,3,'خدمات آنلاین',NULL,NULL),(58,1,'خدمات آنلاین کرمان موتور',NULL,NULL),(58,3,'خدمات آنلاین کرمان موتور',NULL,NULL),(59,1,'مدیریت تبلیغات و اسلایدر',NULL,NULL),(59,3,'مدیریت تبلیغات و اسلایدر','',NULL),(60,1,'مدیریت دسترسی',NULL,NULL),(60,3,'مدیریت دسترسی','',NULL),(61,1,'گروه های کاربری',NULL,NULL),(61,3,'گروه های کاربری','',NULL),(62,1,'فهرست سیستمها',NULL,NULL),(62,3,'فهرست سیستمها','',NULL),(63,1,'اخبار دنیای خودرو',NULL,NULL),(63,3,'اخبار دنیای خودرو','',NULL),(64,1,'مدیریت وبلاگ ها',NULL,NULL),(64,3,'مدیریت وبلاگ ها','',NULL);

/*Table structure for table `migrations` */

DROP TABLE IF EXISTS `migrations`;

CREATE TABLE `migrations` (
  `migration` varchar(255) COLLATE utf8_unicode_ci NOT NULL,
  `batch` int(11) NOT NULL
) ENGINE=InnoDB DEFAULT CHARSET=utf8 COLLATE=utf8_unicode_ci;

/*Data for the table `migrations` */

insert  into `migrations`(`migration`,`batch`) values ('2014_10_12_000000_create_users_table',1),('2014_10_12_100000_create_password_resets_table',1),('2015_05_26_152343_create_info_users_table',1),('2015_05_26_160547_create_countries_table',1),('2015_05_29_074647_create_categories_table',1),('2015_05_29_160626_create_access_menu_table',2),('2015_05_29_161950_create_media_table',2),('2015_05_29_162125_create_apartment_room_category_map_table',2),('2015_05_29_163435_create_apartment_room_price_table',2),('2015_05_29_163655_create_apartments_table',2),('2015_05_29_164253_create_attach_table',2),('2015_05_29_164756_create_attach_documents_table',2),('2015_05_29_165354_create_attach_documents_feedback_table',2),('2015_05_29_165744_create_booking_table',2),('2015_05_29_170034_create_booking_details_table',2),('2015_05_29_170803_create_renew_rent_log_table',2),('2015_05_29_171006_create_rent_table',2),('2015_05_29_171332_create_room_category_table',2),('2015_05_29_171840_create_room_media_table',2),('2015_05_29_172057_create_rooms_table',2),('2015_05_29_150333_create_menu_groups_table',3),('2015_05_29_154510_create_menus_table',3),('2015_06_04_110450_rename_url_field_to_alias_in_menus',3),('2015_06_04_112355_delete_groupId_column_from_menus',3),('2015_06_05_090655_add_userId_field_to_apartment_room_price_table',4),('2015_06_05_114236_add_apartment_room_category_map_id_field_to_rooms_table',5),('2015_06_05_130341_add_user_id_to_rooms_table',6),('2015_06_10_131717_add_type_attachment_to_attach_table',7),('2015_06_10_132124_create_attach_type_table',7),('2015_06_08_210654_edit_menus_table_field',8),('2015_06_09_210559_add_url_field_to_menus',8),('2015_06_12_051817_add_description_to_attach_type_table',9),('2015_06_12_052750_rename_attachType_in_attach_type_table',10),('2015_06_12_064637_add_user_id_to_attach_type_table',11),('2015_06_12_084038_create_employee_table',12),('2015_06_12_084703_create_profile_table',12),('2015_06_12_084827_create_profile_lang_table',12),('2015_06_12_085130_create_language_table',12),('2015_06_12_125606_create_attach_type_group_table',13),('2015_06_12_131607_add_user_id_to_group_attach_type_table',14),('2015_06_12_131901_add_group_id_to_attach_table',15),('2015_06_12_151434_change_type_in_attach_table',16),('2015_06_15_153001_create_attach_type_group_lang_table',17),('2015_06_15_153040_create_attach_type_lang_table',17),('2015_06_15_153738_drop_field_on_attach_type_group',17),('2015_06_15_154355_drop_field_on_attach_type',17),('2015_06_16_153313_create_apartments_lang_table',18),('2015_06_16_153425_drop_field_apartments_table',18),('2015_06_16_172652_add_field_default_image_in_room_media',19),('2015_06_17_171236_create_room_category_lang_table',20),('2015_06_17_171328_drop_field_room_category_table',20),('2015_06_19_142217_create_parent_user_table',21),('2015_06_19_142546_drop_field_of_parent',21),('2015_06_20_175104_drop_address_fiels_table_parent',22),('2015_06_21_131814_add_field_to_attach_group',23),('2015_06_22_152136_add_field_to_media_for_employeeId',24),('2015_06_23_153956_add_field_to_attach_document',25),('2015_06_23_154240_drop_and_add_field_to_attach_document',26),('2015_06_22_205254_create_menus_lang_table',27),('2015_06_22_210918_drop_columns_from_menus_table',28),('2015_06_25_144518_create_categories_lang_table',29),('2015_06_26_091921_drop_column_from_categories_table',30),('2015_06_26_201746_create_contents_table',31),('2015_06_26_202634_create_contents_lang_table',31),('2015_06_27_190706_add_status_field_to_contents_table',31),('2015_06_29_150911_add_url_field_to_contents_table',31),('2015_06_29_150939_add_link_title_field_to_contents_lang_table',31),('2015_07_01_080650_add_subjectMessage_field_to_attach_doc_feedback',31),('2015_07_02_105211_add_assessor_user_id_to_rent_table',32),('2015_07_02_143918_change_booking_details_to_rent_table',33),('2015_07_01_201752_add_type_fields_to_reset_password_table',34),('2015_07_02_190436_delete_avatar_field_from_users_and_employees_tables',34),('2015_07_05_173149_add_type_field_to_content_table',35),('2015_07_06_203726_create_links_table',35),('2015_07_07_205508_create_faq_table',35),('2015_07_07_210031_create_faq_lang_table',35),('2015_07_08_040523_add_field_to_area_in_room_category',35),('2015_07_08_040712_add_field_to_price_apartment_room',35),('2015_07_08_040940_add_field_price_in_room',35),('2015_07_08_052049_create_table_room_pic',36),('2015_07_08_090820_add_field_desc_in_room',37),('2015_07_10_085554_add_culomn_type_faq',38),('2015_07_08_180127_create_contact_us_table',39),('2015_07_10_102051_add_to_id_to_contact_us_table',39),('2015_07_10_103332_change_type_of_to_field_in_contact_us_table',39),('2015_07_10_103624_change_type_of_to_field_in_contact_us_table_2',39),('2015_07_11_174629_create_table_billing',40),('2015_07_11_180043_create_billings_table',41),('2015_07_13_134716_create_parameters_table',42),('2015_07_14_180013_add_accepts_field_to_booking',43),('2015_07_16_151033_create_emails_table',44),('2015_07_17_051220_add_field_send_contract_to_booking',45),('2015_07_17_091603_change_type_of_value_in_parameters_table',46),('2015_07_18_101613_add_field_about_status_room',47),('2015_07_19_042307_add_accessories_field_to_billing',48),('2015_07_19_090810_add_rent_id_field_to_billing',49),('2015_07_19_145103_create_calendar_table',50),('2015_07_19_202737_add_color_to_calnedar_table',50),('2015_07_23_084524_add_city_field_to_users',51),('2015_08_06_172801_CreateTableFeatureProduct',52),('2015_08_06_172858_CreateTableFeatureProductLang',52),('2015_08_06_173022_CreateTableFeaturePrdRelation',52),('2015_08_06_173803_CreateTableFeaturePrdValue',52),('2015_08_06_173845_CreateTableFeaturePrdValueLang',52),('2015_08_06_180437_CreateTableFeatureGroup',52),('2015_08_06_180509_CreateTableFeatureGroupLang',52),('2015_08_06_180819_CreateTableFeatureGroupRel',52),('2015_08_15_153543_add_title_field_to_feature_value',53),('2015_08_15_154223_add_dates_field_to_feature_value',54),('2015_08_15_181916_add_custom_field_to_feature_value',55),('2015_08_24_162723_add_image_field_for_content',56),('2015_08_24_162808_add_short_content_field_for_content_lang',56),('2015_08_20_125104_create_table_template_mail',57),('2015_08_21_153433_crerate_table_room_status_item',57),('2015_08_21_153459_crerate_table_room_status',57),('2015_08_21_153756_crerate_table_room_status_item_lang',57),('2015_08_22_155329_change_field_template_mail',57),('2015_08_23_135042_drop_field_status_from_room',57),('2015_08_28_050653_create_table_advertisments_lang',58),('2015_08_28_050623_create_table_advertisments',59),('2015_08_28_153312_create_table_comments',60),('2015_09_14_161608_create_table_for_category_product',61);

/*Table structure for table `modules_media` */

DROP TABLE IF EXISTS `modules_media`;

CREATE TABLE `modules_media` (
  `id` int(10) unsigned NOT NULL AUTO_INCREMENT,
  `media_id` int(11) DEFAULT NULL,
  `system` varchar(255) COLLATE utf8_unicode_ci DEFAULT NULL,
  `item_id` int(11) DEFAULT NULL,
  `title` varchar(255) COLLATE utf8_unicode_ci DEFAULT NULL,
  `alias` varchar(50) COLLATE utf8_unicode_ci DEFAULT NULL,
  `is_public` tinyint(1) DEFAULT '1',
  `is_default` tinyint(1) DEFAULT '0',
  `user_id` int(11) DEFAULT '0',
  `employee_id` int(11) DEFAULT '0',
  `sort` tinyint(3) DEFAULT '1',
  `status` tinyint(1) DEFAULT '1',
  `created_at` timestamp NULL DEFAULT '0000-00-00 00:00:00',
  `updated_at` timestamp NULL DEFAULT '0000-00-00 00:00:00',
  PRIMARY KEY (`id`)
) ENGINE=InnoDB AUTO_INCREMENT=6 DEFAULT CHARSET=utf8 COLLATE=utf8_unicode_ci;

/*Data for the table `modules_media` */

insert  into `modules_media`(`id`,`media_id`,`system`,`item_id`,`title`,`alias`,`is_public`,`is_default`,`user_id`,`employee_id`,`sort`,`status`,`created_at`,`updated_at`) values (2,380,'content',142,NULL,NULL,1,0,NULL,1,1,0,'2015-11-15 07:18:44','2015-11-15 07:26:57'),(3,381,'content',142,'content-backend-381',NULL,1,0,NULL,1,1,1,'2015-11-15 07:25:36','2015-11-15 07:26:57'),(4,382,'content',142,'content-142-382',NULL,1,0,NULL,1,1,1,'2015-11-15 07:26:24','2015-11-15 07:26:57'),(5,383,'content',142,'content-142-383',NULL,1,0,NULL,1,1,0,'2015-11-15 07:33:29','2015-11-15 07:33:37');

/*Table structure for table `parameters` */

DROP TABLE IF EXISTS `parameters`;

CREATE TABLE `parameters` (
  `id` int(10) unsigned NOT NULL AUTO_INCREMENT,
  `name` varchar(255) COLLATE utf8_unicode_ci NOT NULL,
  `alias` varchar(255) COLLATE utf8_unicode_ci NOT NULL,
  `value` text COLLATE utf8_unicode_ci NOT NULL,
  `to_value` text COLLATE utf8_unicode_ci NOT NULL,
  `type` enum('pay','image','system','email','other') COLLATE utf8_unicode_ci NOT NULL,
  `status` smallint(6) NOT NULL,
  `created_at` timestamp NOT NULL DEFAULT '0000-00-00 00:00:00',
  `updated_at` timestamp NOT NULL DEFAULT '0000-00-00 00:00:00',
  PRIMARY KEY (`id`)
) ENGINE=InnoDB AUTO_INCREMENT=19 DEFAULT CHARSET=utf8 COLLATE=utf8_unicode_ci;

/*Data for the table `parameters` */

insert  into `parameters`(`id`,`name`,`alias`,`value`,`to_value`,`type`,`status`,`created_at`,`updated_at`) values (6,'book-1','index','book-1-index','','image',1,'2015-07-18 23:11:41','2015-07-18 23:11:41'),(7,'book-2','index','book-2-index','','image',1,'2015-07-18 23:11:57','2015-07-18 23:11:57'),(8,'book-3','index','book-3-index','','image',1,'2015-07-18 23:22:16','2015-07-18 23:22:16'),(9,'book-4','index','book-4-index','','image',1,'2015-07-18 23:22:40','2015-07-18 23:22:40'),(10,'fav-1','favicon','fav-1-favicon','','image',1,'2015-07-18 23:30:51','2015-07-18 23:30:51'),(11,'book-0','index','book-0-index','','image',1,'2015-07-19 00:19:43','2015-07-19 00:19:43'),(12,'facebook','social','http://www.facebook.com/studenest','facebook','system',1,'2015-07-21 19:51:19','2015-07-21 19:51:19'),(13,'twitter','social','http://www.twitter.com/studenest','twitter','system',1,'2015-07-21 19:52:19','2015-07-21 19:52:19'),(14,'instagram','social','http://www.instagram.com/studenest','instagram','system',1,'2015-07-21 19:52:54','2015-07-21 19:52:54'),(16,'keywords','metatag','studenest, booking, room, attach, content, test, Sajjad Kharazi, Ahmad Khorshidi, News','','system',1,'2015-07-23 16:06:52','2015-07-23 16:07:29'),(17,'test','metatag','test1, test2, test3','','system',1,'2015-07-23 17:19:27','2015-07-23 17:20:48'),(18,'rss','rss','feed','rss','system',1,'2015-07-23 17:26:08','2015-07-23 17:26:08');

/*Table structure for table `password_resets` */

DROP TABLE IF EXISTS `password_resets`;

CREATE TABLE `password_resets` (
  `email` varchar(255) COLLATE utf8_unicode_ci NOT NULL,
  `token` varchar(255) COLLATE utf8_unicode_ci NOT NULL,
  `created_at` timestamp NOT NULL DEFAULT '0000-00-00 00:00:00',
  `type` varchar(255) COLLATE utf8_unicode_ci NOT NULL,
  KEY `password_resets_email_index` (`email`),
  KEY `password_resets_token_index` (`token`),
  KEY `password_resets_type_index` (`type`)
) ENGINE=InnoDB DEFAULT CHARSET=utf8 COLLATE=utf8_unicode_ci;

/*Data for the table `password_resets` */

/*Table structure for table `product_categories` */

DROP TABLE IF EXISTS `product_categories`;

CREATE TABLE `product_categories` (
  `id` int(10) unsigned NOT NULL AUTO_INCREMENT,
  `product_id` int(11) NOT NULL,
  `categories_id` int(11) NOT NULL,
  `created_at` timestamp NOT NULL DEFAULT '0000-00-00 00:00:00',
  `updated_at` timestamp NOT NULL DEFAULT '0000-00-00 00:00:00',
  PRIMARY KEY (`id`)
) ENGINE=InnoDB AUTO_INCREMENT=80 DEFAULT CHARSET=utf8 COLLATE=utf8_unicode_ci;

/*Data for the table `product_categories` */

insert  into `product_categories`(`id`,`product_id`,`categories_id`,`created_at`,`updated_at`) values (63,3,3,'2015-11-11 13:38:09','2015-11-11 13:38:09'),(77,4,3,'2015-11-14 20:12:05','2015-11-14 20:12:05'),(78,2,25,'2015-12-03 15:49:43','2015-12-03 15:49:43'),(79,1,3,'2015-12-03 16:08:39','2015-12-03 16:08:39');

/*Table structure for table `product_media` */

DROP TABLE IF EXISTS `product_media`;

CREATE TABLE `product_media` (
  `id` int(10) unsigned NOT NULL AUTO_INCREMENT,
  `media_id` int(11) DEFAULT NULL,
  `product_id` int(11) DEFAULT NULL,
  `title` varchar(255) COLLATE utf8_unicode_ci DEFAULT NULL,
  `class` varchar(50) COLLATE utf8_unicode_ci DEFAULT NULL,
  `feature_value_selected` varchar(50) COLLATE utf8_unicode_ci DEFAULT NULL,
  `is_default` tinyint(4) DEFAULT NULL,
  `user_id` int(11) DEFAULT NULL,
  `sort` tinyint(3) DEFAULT '1',
  `status` tinyint(4) DEFAULT NULL,
  `created_at` timestamp NULL DEFAULT '0000-00-00 00:00:00',
  `updated_at` timestamp NULL DEFAULT '0000-00-00 00:00:00',
  PRIMARY KEY (`id`)
) ENGINE=InnoDB AUTO_INCREMENT=18 DEFAULT CHARSET=utf8 COLLATE=utf8_unicode_ci;

/*Data for the table `product_media` */

insert  into `product_media`(`id`,`media_id`,`product_id`,`title`,`class`,`feature_value_selected`,`is_default`,`user_id`,`sort`,`status`,`created_at`,`updated_at`) values (1,320,1,'لیفان ایکس ۶۰',NULL,NULL,1,1,1,0,'2015-09-10 15:57:47','2015-09-19 17:08:14'),(2,321,2,' جک جی ۵ اتوماتیک ۱۸۰۰ سی سی','','#ff0000',1,1,1,1,'2015-09-10 16:19:39','2015-12-03 15:49:43'),(3,322,1,'بیرونی','out-side','#fbff00',NULL,1,1,1,'2015-09-19 17:07:21','2015-12-03 16:08:39'),(4,324,1,'بیرونی','out-side','#0054ce',NULL,1,2,1,'2015-09-19 17:07:21','2015-12-03 16:08:39'),(5,323,1,'بیرونی','out-side','#469e00',1,1,3,1,'2015-09-19 17:07:21','2015-12-03 16:08:39'),(6,325,1,'بیرونی','out-side','#469e00',NULL,1,4,1,'2015-09-19 17:07:21','2015-12-03 16:08:39'),(7,326,1,'بیرونی','out-side','#469e00',NULL,1,5,1,'2015-09-19 17:07:21','2015-12-03 16:08:39'),(8,328,1,'داخلی','in-side','#469e00',NULL,1,6,1,'2015-09-19 17:10:42','2015-12-03 16:08:39'),(9,327,1,'داخلی','in-side','#469e00',NULL,1,7,1,'2015-09-19 17:10:42','2015-12-03 16:08:39'),(10,329,1,'داخلی','in-side','#469e00',NULL,1,8,1,'2015-09-19 17:10:42','2015-12-03 16:08:39'),(11,330,1,'داخلی','in-side','#469e00',NULL,1,9,1,'2015-09-19 17:10:42','2015-12-03 16:08:39'),(12,331,1,'داخلی','in-side','#469e00',NULL,1,10,1,'2015-09-19 17:10:42','2015-12-03 16:08:39'),(13,371,4,'','in-side',NULL,NULL,1,1,1,'2015-11-14 20:09:25','2015-11-14 20:12:05'),(14,372,4,'','out-side',NULL,1,1,1,1,'2015-11-14 20:09:25','2015-11-14 20:12:05'),(15,373,4,'','out-side',NULL,NULL,1,1,1,'2015-11-14 20:09:25','2015-11-14 20:12:05'),(16,375,4,'','out-side',NULL,NULL,1,1,1,'2015-11-14 20:09:25','2015-11-14 20:12:05'),(17,374,4,'','in-side',NULL,NULL,1,1,1,'2015-11-14 20:09:25','2015-11-14 20:12:05');

/*Table structure for table `products` */

DROP TABLE IF EXISTS `products`;

CREATE TABLE `products` (
  `id` int(10) unsigned NOT NULL AUTO_INCREMENT,
  `is_active` tinyint(1) DEFAULT '1',
  `active_date` datetime DEFAULT NULL,
  `category_id` int(11) DEFAULT NULL,
  `price` float(14,4) DEFAULT NULL,
  `quantity` int(10) DEFAULT '10',
  `condition` enum('new','gift') COLLATE utf8_unicode_ci DEFAULT 'new',
  `image` varchar(255) COLLATE utf8_unicode_ci DEFAULT NULL,
  `lat` varchar(30) COLLATE utf8_unicode_ci DEFAULT NULL,
  `lng` varchar(30) COLLATE utf8_unicode_ci DEFAULT NULL,
  `user_id` int(11) DEFAULT NULL,
  `status` tinyint(4) DEFAULT NULL,
  `created_at` timestamp NULL DEFAULT '0000-00-00 00:00:00',
  `updated_at` timestamp NULL DEFAULT '0000-00-00 00:00:00',
  PRIMARY KEY (`id`)
) ENGINE=InnoDB AUTO_INCREMENT=5 DEFAULT CHARSET=utf8 COLLATE=utf8_unicode_ci;

/*Data for the table `products` */

insert  into `products`(`id`,`is_active`,`active_date`,`category_id`,`price`,`quantity`,`condition`,`image`,`lat`,`lng`,`user_id`,`status`,`created_at`,`updated_at`) values (1,1,'2015-09-09 20:31:39',3,500.0000,10,'new','/uploads/images/product/1/1-1920x600.jpg','35.72797998544201','51.41543626785278',1,1,'2015-06-04 08:48:08','2015-09-20 18:12:03'),(2,1,'2015-09-10 19:46:00',25,150.0000,10,'new',NULL,'35.736777695657196','51.38580322265625',1,1,'2015-06-04 14:35:54','2015-09-14 16:56:04'),(3,1,'0000-00-00 00:00:00',3,0.0000,0,'gift',NULL,'','',1,1,'2015-10-20 07:57:02','2015-11-11 13:38:08'),(4,1,'2015-11-14 07:01:01',3,0.0000,0,'new','/uploads/images/product/4/4-1920x600.jpg',NULL,NULL,1,1,'2015-11-14 07:34:44','2015-11-14 20:07:28');

/*Table structure for table `products_lang` */

DROP TABLE IF EXISTS `products_lang`;

CREATE TABLE `products_lang` (
  `id` int(11) NOT NULL,
  `lang_id` int(11) NOT NULL,
  `title` varchar(255) COLLATE utf8_unicode_ci DEFAULT NULL,
  `alias` varchar(255) COLLATE utf8_unicode_ci DEFAULT NULL,
  `short_description` text COLLATE utf8_unicode_ci,
  `description` text COLLATE utf8_unicode_ci,
  PRIMARY KEY (`id`,`lang_id`)
) ENGINE=InnoDB DEFAULT CHARSET=utf8 COLLATE=utf8_unicode_ci;

/*Data for the table `products_lang` */

insert  into `products_lang`(`id`,`lang_id`,`title`,`alias`,`short_description`,`description`) values (1,1,'residence gallilee en',NULL,'short en<br>','description en<br>'),(1,3,'لیفان ایکس ۶۰','لیفان-ایکس-۶۰','سیستم کولر و تهویه مطبوع، آئینه های جانبی برقی، کیسه هوای راننده و سرنشین جلو، ترمز&nbsp;ABS&nbsp;چهارکاناله و&nbsp;EBD، سنسور دنده عقب، قفل ایمنی کودک، چراغ ترمز سوم، گرم کن شیشه عقب، سان روف دو حالته برقی با شیشه چاپ سیلک مانع تابش مستقیم نور خورشید، شیشه بالابر برقی، برف پاک کن عقب، چراغ مه شکن جلو و عقب، درب بازکن صندوق و باک از داخل، قفل مرکزی و سیستم هشدار دهنده باز بودن درب، سیستم ضد سرقت، قفل ایمنی کودک، فرمان هیدرولیکی تلسکوپی قابل تنظیم، سیستم تنظیم چراغها، پرده شیشه عقب، سیستم&nbsp;CD&nbsp;با 6 بلندگو<br>','<div class=\"full-width-section\">\r\n<div class=\"dt-sc-margin65\">&nbsp;</div>\r\n\r\n<div class=\"container\">\r\n<h2 class=\"aligncenter\">Our Team</h2>\r\n\r\n<p class=\"middle-align\">Contrary to popular belief, Lorem Ipsum is not simply random text. It has roots in a piece of classical<br />\r\nLatin literature from 45 BC, making it over 2000 years old.</p>\r\n\r\n<div class=\"dt-sc-hr-invisible-small\">&nbsp;</div>\r\n\r\n<div class=\"column dt-sc-one-fourth first\"><!-- **dt-sc-team - Starts** -->\r\n<div class=\"dt-sc-team\">\r\n<div class=\"image\"><img alt=\"iamge\" src=\"http://placehold.it/160x160&amp;text=Team\" /></div>\r\n<!-- **team-details - Starts** -->\r\n\r\n<div class=\"team-details\">\r\n<h6><a href=\"#\">James Dunlop</a></h6>\r\n\r\n<p>Head of the Department</p>\r\n</div>\r\n<!-- **team-details - Ends** --><!-- **dt-sc-social-icons - Starts** -->\r\n\r\n<ul class=\"dt-sc-social-icons\">\r\n	<li>&nbsp;</li>\r\n	<li>&nbsp;</li>\r\n	<li>&nbsp;</li>\r\n	<li>&nbsp;</li>\r\n	<li>&nbsp;</li>\r\n</ul>\r\n<!-- **dt-sc-social-icons - Ends** --></div>\r\n<!-- **dt-sc-team - Ends** --></div>\r\n<!-- **column - Ends** --><!-- **column - Starts** -->\r\n\r\n<div class=\"column dt-sc-one-fourth\"><!-- **dt-sc-team - Starts** -->\r\n<div class=\"dt-sc-team\">\r\n<div class=\"image\"><img alt=\"iamge\" src=\"http://placehold.it/160x160&amp;text=Team\" /></div>\r\n<!-- **team-details - Starts** -->\r\n\r\n<div class=\"team-details\">\r\n<h6><a href=\"#\">Mick Lousie</a></h6>\r\n\r\n<p>Head of the Department</p>\r\n</div>\r\n<!-- **team-details - Ends** --><!-- **dt-sc-social-icons - Starts** -->\r\n\r\n<ul class=\"dt-sc-social-icons\">\r\n	<li>&nbsp;</li>\r\n	<li>&nbsp;</li>\r\n	<li>&nbsp;</li>\r\n	<li>&nbsp;</li>\r\n	<li>&nbsp;</li>\r\n</ul>\r\n<!-- **dt-sc-social-icons - Ends** --></div>\r\n<!-- **dt-sc-team - Ends** --></div>\r\n<!-- **column - Ends** --><!-- **column - Starts** -->\r\n\r\n<div class=\"column dt-sc-one-fourth\"><!-- **dt-sc-team - Starts** -->\r\n<div class=\"dt-sc-team\">\r\n<div class=\"image\"><img alt=\"iamge\" src=\"http://placehold.it/160x160&amp;text=Team\" /></div>\r\n<!-- **team-details - Starts** -->\r\n\r\n<div class=\"team-details\">\r\n<h6><a href=\"#\">Jessie Alan</a></h6>\r\n\r\n<p>Head of the Department</p>\r\n</div>\r\n<!-- **team-details - Ends** --><!-- **dt-sc-social-icons - Starts** -->\r\n\r\n<ul class=\"dt-sc-social-icons\">\r\n	<li>&nbsp;</li>\r\n	<li>&nbsp;</li>\r\n	<li>&nbsp;</li>\r\n	<li>&nbsp;</li>\r\n	<li>&nbsp;</li>\r\n</ul>\r\n<!-- **dt-sc-social-icons - Ends** --></div>\r\n<!-- **dt-sc-team - Ends** --></div>\r\n<!-- **column - Ends** --><!-- **column - Starts** -->\r\n\r\n<div class=\"column dt-sc-one-fourth\"><!-- **dt-sc-team - Starts** -->\r\n<div class=\"dt-sc-team\">\r\n<div class=\"image\"><img alt=\"iamge\" src=\"http://placehold.it/160x160&amp;text=Team\" /></div>\r\n<!-- **team-details - Starts** -->\r\n\r\n<div class=\"team-details\">\r\n<h6><a href=\"#\">Karen Smith</a></h6>\r\n\r\n<p>Head of the Department</p>\r\n</div>\r\n<!-- **team-details - Ends** --><!-- **dt-sc-social-icons - Starts** -->\r\n\r\n<ul class=\"dt-sc-social-icons\">\r\n	<li>&nbsp;</li>\r\n	<li>&nbsp;</li>\r\n	<li>&nbsp;</li>\r\n	<li>&nbsp;</li>\r\n	<li>&nbsp;</li>\r\n</ul>\r\n<!-- **dt-sc-social-icons - Ends** --></div>\r\n<!-- **dt-sc-team - Ends** --></div>\r\n</div>\r\n\r\n<div class=\"dt-sc-margin30\">&nbsp;</div>\r\n\r\n<div class=\"hr-line\">&nbsp;</div>\r\n</div>\r\n\r\n<div class=\"full-width-section\">\r\n<div class=\"container\">\r\n<div class=\"dt-sc-hr-invisible\">&nbsp;</div>\r\n\r\n<div class=\"column dt-sc-one-column\">\r\n<h3 class=\"aligncenter\">Frequently Asking Questions</h3>\r\n\r\n<div class=\"dt-sc-margin20\">&nbsp;</div>\r\n\r\n<div class=\"dt-sc-toggle-frame-set-container\"><!-- **dt-sc-toggle-frame-set - Starts** -->\r\n<div class=\"dt-sc-toggle-frame-set\">\r\n<h5 class=\"dt-sc-toggle-accordion active\"><a href=\"#\">How to customize the templates in order</a></h5>\r\n\r\n<div class=\"dt-sc-toggle-content\">\r\n<div class=\"block\">Contrary to popular belief, Lorem Ipsum is not simply random text. It has roots in a piece of classical Latin literature from 45 BC, making it over 2000 years old this is the larger one. Phasellus viverra nulla ut metus varius laoreet. Quisque rutrum. Aenean imperdiet. Etiam ultricies nisi vel augue. Curabitur ullamcorper ultricies nisi. Nam eget dui. Etiam rhoncus.Contrary to popular belief, Lorem Ipsum is not simply random text. It has roots in a piece of classical Latin literature from 45 BC, making it over 2000 years old this is the larger one. Phasellus viverra nulla ut metus varius laoreet. Quisque rutrum. Aenean imperdiet. Etiam ultricies nisi vel augue. Curabitur ullamcorper ultricies nisi. Nam eget dui. Etiam rhoncus.</div>\r\n</div>\r\n\r\n<h5 class=\"dt-sc-toggle-accordion\"><a href=\"#\">How to make boxed width in Priority Template</a></h5>\r\n\r\n<div class=\"dt-sc-toggle-content\">\r\n<div class=\"block\">Contrary to popular belief, Lorem Ipsum is not simply random text. It has roots in a piece of classical Latin literature from 45 BC, making it over 2000 years old this is the larger one. Phasellus viverra nulla ut metus varius laoreet. Quisque rutrum. Aenean imperdiet. Etiam ultricies nisi vel augue. Curabitur ullamcorper ultricies nisi. Nam eget dui. Etiam rhoncus.Contrary to popular belief, Lorem Ipsum is not simply random text. It has roots in a piece of classical Latin literature from 45 BC, making it over 2000 years old this is the larger one. Phasellus viverra nulla ut metus varius laoreet. Quisque rutrum. Aenean imperdiet. Etiam ultricies nisi vel augue. Curabitur ullamcorper ultricies nisi. Nam eget dui. Etiam rhoncus.</div>\r\n</div>\r\n\r\n<h5 class=\"dt-sc-toggle-accordion\"><a href=\"#\">Choose skins and dark skins in HTML Template</a></h5>\r\n\r\n<div class=\"dt-sc-toggle-content\">\r\n<div class=\"block\">Contrary to popular belief, Lorem Ipsum is not simply random text. It has roots in a piece of classical Latin literature from 45 BC, making it over 2000 years old this is the larger one. Phasellus viverra nulla ut metus varius laoreet. Quisque rutrum. Aenean imperdiet. Etiam ultricies nisi vel augue. Curabitur ullamcorper ultricies nisi. Nam eget dui. Etiam rhoncus.Contrary to popular belief, Lorem Ipsum is not simply random text. It has roots in a piece of classical Latin literature from 45 BC, making it over 2000 years old this is the larger one. Phasellus viverra nulla ut metus varius laoreet. Quisque rutrum. Aenean imperdiet. Etiam ultricies nisi vel augue. Curabitur ullamcorper ultricies nisi. Nam eget dui. Etiam rhoncus.</div>\r\n</div>\r\n</div>\r\n<!-- **dt-sc-toggle-frame-set - Ends** --></div>\r\n</div>\r\n</div>\r\n</div>\r\n'),(2,1,'residence gallilee1',NULL,'ssss1','desc 1111'),(2,3,' جک جی ۵ اتوماتیک ۱۸۰۰ سی سی','جک-جی-۵-اتوماتیک-۱۸۰۰-سی-سی','کیسه هوای \r\nراننده و سرنشین جلو، کمربندهای ایمنی سرنشینان جلو مجهز به سیستم پیش \r\nکشنده، کمربندهای ایمنی سه نقطه ای سرنشینان عقب، کمربند های ایمنی با \r\nقابلیت تنظیم ارتفاع، مجهز به سیستم ISOFIX ، سیستم ضد سرقت، قفل ایمنی \r\nکودک، ترمز ABS و EBD، فرمان هیدرولیک با قابلیت تنظیم در دو جهت، سیستم \r\nتهویه مطبوع خودکار، گرمکن شیشه عقب، اخطار دهنده صوتی دنده عقب بر حسب \r\nفاصله، رینگ اسپورت آلومینیومی، چراغ مه شکن جلو و عقب، چراغ خطر لادری (دو\r\n درب جلو)، چراغ جلو و عقب هالوژن، شیششه بالابر جلو و عقب برقی، آینه \r\nجانبی برقی، صندلی و روکش فرمان چرمی، سیستم رادیو پخش MP۳/CD/USB با ۶ \r\nباند، تنظیم نور صفحه کیلومتر، صندلی جلو با قابلیت تنظیم در ۸ جهت، آنتن \r\nشیشه ای، آینه جانبی دارای گرمکن و چراغ راهنما، چراغ نقشه خوان، آینه \r\nآرایش چراغ دار، تنظیم زاویه نور چراغ های جلو از داخل اتاق، کاور موتور، \r\nچراغ جعبه داشبورد، قابلیت روشن شدن اتوماتیک چراغ های جلو، اخطار دهنده \r\nفشار باد چرخ ها (TPMS)، کلید پخش روی فرمان، هدرست جلو قابل تنظیم، دارای \r\nجعبه کنسول وسط، سان روف، محفظه عینک روی سقف، تودوزی مشکی، دریچه کولر \r\nسرنشین عقب، کلید به همراه ریموت کنترل&nbsp;(متعلقات ذکر شده بدون اطلاع قبلی \r\nقابل تغییر است)<br>','<p>desc</p>\r\n'),(3,1,'لیفان 620 - 1800 سی سی','لیفان-620-1800-سی-سی','طراحی شرکت ریکاردو انگلستان',''),(3,3,'لیفان 620 - 1800 سی سی','لیفان-620-1800-سی-سی','طراحی شرکت ریکاردو انگلستان',''),(4,1,'لیفان','لیفان','','<p>لیفان</p>\r\n'),(4,3,' ایکس ۵۰','ایکس-۵۰','','<p>لیفان</p>\r\n');

/*Table structure for table `profile` */

DROP TABLE IF EXISTS `profile`;

CREATE TABLE `profile` (
  `id` int(10) unsigned NOT NULL AUTO_INCREMENT,
  `created_at` timestamp NULL DEFAULT '0000-00-00 00:00:00',
  `updated_at` timestamp NULL DEFAULT '0000-00-00 00:00:00',
  PRIMARY KEY (`id`)
) ENGINE=InnoDB DEFAULT CHARSET=utf8 COLLATE=utf8_unicode_ci;

/*Data for the table `profile` */

/*Table structure for table `profile_lang` */

DROP TABLE IF EXISTS `profile_lang`;

CREATE TABLE `profile_lang` (
  `profile_id` int(11) NOT NULL,
  `lang_id` int(11) DEFAULT NULL,
  `title` varchar(255) COLLATE utf8_unicode_ci DEFAULT NULL,
  `created_at` timestamp NULL DEFAULT '0000-00-00 00:00:00',
  `updated_at` timestamp NULL DEFAULT '0000-00-00 00:00:00'
) ENGINE=InnoDB DEFAULT CHARSET=utf8 COLLATE=utf8_unicode_ci;

/*Data for the table `profile_lang` */

/*Table structure for table `renew_rent_log` */

DROP TABLE IF EXISTS `renew_rent_log`;

CREATE TABLE `renew_rent_log` (
  `id` int(10) unsigned NOT NULL AUTO_INCREMENT,
  `rent_id` int(11) DEFAULT NULL,
  `from_date` date DEFAULT NULL,
  `to_date` date DEFAULT NULL,
  `user_id` int(11) DEFAULT NULL,
  `renew_status` tinyint(4) DEFAULT NULL,
  `status` tinyint(4) DEFAULT NULL,
  `created_at` timestamp NULL DEFAULT '0000-00-00 00:00:00',
  `updated_at` timestamp NULL DEFAULT '0000-00-00 00:00:00',
  PRIMARY KEY (`id`)
) ENGINE=InnoDB DEFAULT CHARSET=utf8 COLLATE=utf8_unicode_ci;

/*Data for the table `renew_rent_log` */

/*Table structure for table `rent` */

DROP TABLE IF EXISTS `rent`;

CREATE TABLE `rent` (
  `id` int(10) unsigned NOT NULL AUTO_INCREMENT,
  `booking_id` int(11) NOT NULL,
  `apartment_room_category_map_id` int(11) DEFAULT NULL,
  `room_category_id` int(11) DEFAULT NULL,
  `room_id` int(11) DEFAULT NULL,
  `from_date` date DEFAULT NULL,
  `to_date` date DEFAULT NULL,
  `type` enum('room','parking') COLLATE utf8_unicode_ci DEFAULT NULL,
  `user_id` int(11) DEFAULT NULL,
  `assessor_user_id` int(11) NOT NULL,
  `rent_status` tinyint(4) DEFAULT NULL,
  `status` tinyint(4) DEFAULT NULL,
  `created_at` timestamp NULL DEFAULT '0000-00-00 00:00:00',
  `updated_at` timestamp NULL DEFAULT '0000-00-00 00:00:00',
  PRIMARY KEY (`id`)
) ENGINE=InnoDB DEFAULT CHARSET=utf8 COLLATE=utf8_unicode_ci;

/*Data for the table `rent` */

/*Table structure for table `room_category` */

DROP TABLE IF EXISTS `room_category`;

CREATE TABLE `room_category` (
  `id` int(10) unsigned NOT NULL AUTO_INCREMENT,
  `area` double(8,2) DEFAULT NULL,
  `to_area` double(8,2) NOT NULL,
  `type` enum('room','parking') COLLATE utf8_unicode_ci DEFAULT NULL,
  `number_room` smallint(6) NOT NULL DEFAULT '1',
  `user_id` int(11) DEFAULT NULL,
  `status` tinyint(4) DEFAULT NULL,
  `created_at` timestamp NULL DEFAULT '0000-00-00 00:00:00',
  `updated_at` timestamp NULL DEFAULT '0000-00-00 00:00:00',
  PRIMARY KEY (`id`)
) ENGINE=InnoDB DEFAULT CHARSET=utf8 COLLATE=utf8_unicode_ci;

/*Data for the table `room_category` */

/*Table structure for table `room_category_lang` */

DROP TABLE IF EXISTS `room_category_lang`;

CREATE TABLE `room_category_lang` (
  `id` int(11) NOT NULL,
  `lang_id` int(11) NOT NULL,
  `title` varchar(255) COLLATE utf8_unicode_ci DEFAULT NULL,
  `short_description` text COLLATE utf8_unicode_ci,
  `description` text COLLATE utf8_unicode_ci,
  PRIMARY KEY (`id`,`lang_id`)
) ENGINE=InnoDB DEFAULT CHARSET=utf8 COLLATE=utf8_unicode_ci;

/*Data for the table `room_category_lang` */

/*Table structure for table `room_pics` */

DROP TABLE IF EXISTS `room_pics`;

CREATE TABLE `room_pics` (
  `id` int(10) unsigned NOT NULL AUTO_INCREMENT,
  `room_id` int(11) NOT NULL,
  `media_id` int(11) NOT NULL,
  `title` varchar(255) COLLATE utf8_unicode_ci NOT NULL,
  `is_default` smallint(6) NOT NULL,
  `user_id` int(11) NOT NULL,
  `status` tinyint(4) NOT NULL,
  `created_at` timestamp NOT NULL DEFAULT '0000-00-00 00:00:00',
  `updated_at` timestamp NOT NULL DEFAULT '0000-00-00 00:00:00',
  PRIMARY KEY (`id`)
) ENGINE=InnoDB DEFAULT CHARSET=utf8 COLLATE=utf8_unicode_ci;

/*Data for the table `room_pics` */

/*Table structure for table `room_status` */

DROP TABLE IF EXISTS `room_status`;

CREATE TABLE `room_status` (
  `id` int(10) unsigned NOT NULL AUTO_INCREMENT,
  `room_id` int(11) NOT NULL,
  `room_status_item_id` int(11) NOT NULL,
  `value` varchar(255) COLLATE utf8_unicode_ci NOT NULL,
  `status` tinyint(4) NOT NULL DEFAULT '1',
  `created_at` timestamp NOT NULL DEFAULT '0000-00-00 00:00:00',
  `updated_at` timestamp NOT NULL DEFAULT '0000-00-00 00:00:00',
  PRIMARY KEY (`id`)
) ENGINE=InnoDB DEFAULT CHARSET=utf8 COLLATE=utf8_unicode_ci;

/*Data for the table `room_status` */

/*Table structure for table `room_status_items` */

DROP TABLE IF EXISTS `room_status_items`;

CREATE TABLE `room_status_items` (
  `id` int(10) unsigned NOT NULL AUTO_INCREMENT,
  `parent_id` int(11) NOT NULL DEFAULT '0',
  `status` tinyint(4) NOT NULL DEFAULT '1',
  `created_at` timestamp NOT NULL DEFAULT '0000-00-00 00:00:00',
  `updated_at` timestamp NOT NULL DEFAULT '0000-00-00 00:00:00',
  PRIMARY KEY (`id`)
) ENGINE=InnoDB DEFAULT CHARSET=utf8 COLLATE=utf8_unicode_ci;

/*Data for the table `room_status_items` */

/*Table structure for table `room_status_items_lang` */

DROP TABLE IF EXISTS `room_status_items_lang`;

CREATE TABLE `room_status_items_lang` (
  `id` int(11) NOT NULL,
  `lang_id` int(11) NOT NULL,
  `name` varchar(255) COLLATE utf8_unicode_ci NOT NULL
) ENGINE=InnoDB DEFAULT CHARSET=utf8 COLLATE=utf8_unicode_ci;

/*Data for the table `room_status_items_lang` */

/*Table structure for table `rooms` */

DROP TABLE IF EXISTS `rooms`;

CREATE TABLE `rooms` (
  `id` int(10) unsigned NOT NULL AUTO_INCREMENT,
  `room_category_id` int(11) DEFAULT NULL,
  `apartment_room_category_map_id` int(11) DEFAULT NULL,
  `room_number` varchar(10) COLLATE utf8_unicode_ci DEFAULT NULL,
  `price` double(8,2) NOT NULL,
  `description` text COLLATE utf8_unicode_ci NOT NULL,
  `digit_electric_controller` varchar(255) COLLATE utf8_unicode_ci DEFAULT NULL,
  `username_internet` varchar(255) COLLATE utf8_unicode_ci DEFAULT NULL,
  `password_internet` varchar(255) COLLATE utf8_unicode_ci DEFAULT NULL,
  `room_status` tinyint(4) DEFAULT NULL,
  `user_id` int(11) DEFAULT NULL,
  `status` int(11) DEFAULT NULL,
  `created_at` timestamp NULL DEFAULT '0000-00-00 00:00:00',
  `updated_at` timestamp NULL DEFAULT '0000-00-00 00:00:00',
  PRIMARY KEY (`id`)
) ENGINE=InnoDB DEFAULT CHARSET=utf8 COLLATE=utf8_unicode_ci;

/*Data for the table `rooms` */

/*Table structure for table `template_mail` */

DROP TABLE IF EXISTS `template_mail`;

CREATE TABLE `template_mail` (
  `id` int(10) unsigned NOT NULL AUTO_INCREMENT,
  `title` varchar(255) COLLATE utf8_unicode_ci NOT NULL,
  `text` text COLLATE utf8_unicode_ci NOT NULL,
  `created_at` timestamp NOT NULL DEFAULT '0000-00-00 00:00:00',
  `updated_at` timestamp NOT NULL DEFAULT '0000-00-00 00:00:00',
  PRIMARY KEY (`id`)
) ENGINE=InnoDB DEFAULT CHARSET=utf8 COLLATE=utf8_unicode_ci;

/*Data for the table `template_mail` */

/*Table structure for table `user_access_group` */

DROP TABLE IF EXISTS `user_access_group`;

CREATE TABLE `user_access_group` (
  `id` int(11) unsigned NOT NULL AUTO_INCREMENT,
  `user_id` int(11) DEFAULT NULL,
  `employee_id` int(11) DEFAULT NULL,
  `access_group_id` int(11) DEFAULT NULL,
  `status` tinyint(1) DEFAULT '1',
  `created_at` datetime DEFAULT NULL,
  `updated_at` datetime DEFAULT NULL,
  PRIMARY KEY (`id`)
) ENGINE=InnoDB AUTO_INCREMENT=2 DEFAULT CHARSET=utf8;

/*Data for the table `user_access_group` */

insert  into `user_access_group`(`id`,`user_id`,`employee_id`,`access_group_id`,`status`,`created_at`,`updated_at`) values (1,NULL,1,1,1,'2015-10-02 20:11:21','2015-10-02 20:29:03');

/*Table structure for table `user_parent` */

DROP TABLE IF EXISTS `user_parent`;

CREATE TABLE `user_parent` (
  `user_id` int(11) NOT NULL,
  `parent_first_name` varchar(150) COLLATE utf8_unicode_ci DEFAULT NULL,
  `parent_last_name` varchar(150) COLLATE utf8_unicode_ci DEFAULT NULL,
  `parent_email` varchar(255) COLLATE utf8_unicode_ci DEFAULT NULL,
  `parent_mobile` varchar(150) COLLATE utf8_unicode_ci DEFAULT NULL,
  `parent_tenant_address` enum('Oui','Non') COLLATE utf8_unicode_ci DEFAULT NULL,
  `parent_address` text COLLATE utf8_unicode_ci NOT NULL,
  `parent_postal_code` varchar(50) COLLATE utf8_unicode_ci DEFAULT NULL,
  `parent_country_id` int(11) DEFAULT NULL,
  `status` tinyint(4) NOT NULL,
  `created_at` timestamp NOT NULL DEFAULT '0000-00-00 00:00:00',
  `updated_at` timestamp NOT NULL DEFAULT '0000-00-00 00:00:00',
  PRIMARY KEY (`user_id`)
) ENGINE=InnoDB DEFAULT CHARSET=utf8 COLLATE=utf8_unicode_ci;

/*Data for the table `user_parent` */

/*Table structure for table `users` */

DROP TABLE IF EXISTS `users`;

CREATE TABLE `users` (
  `id` int(10) unsigned NOT NULL AUTO_INCREMENT,
  `firstname` varchar(255) COLLATE utf8_unicode_ci DEFAULT NULL,
  `lastname` varchar(255) COLLATE utf8_unicode_ci DEFAULT NULL,
  `email` varchar(255) COLLATE utf8_unicode_ci DEFAULT NULL,
  `password` varchar(60) COLLATE utf8_unicode_ci DEFAULT NULL,
  `gender` enum('male','female') COLLATE utf8_unicode_ci DEFAULT NULL,
  `student_number` varchar(50) COLLATE utf8_unicode_ci DEFAULT NULL,
  `type_personal` varchar(255) COLLATE utf8_unicode_ci NOT NULL DEFAULT 'real',
  `id_number` varchar(32) COLLATE utf8_unicode_ci DEFAULT NULL,
  `mobile` varchar(32) COLLATE utf8_unicode_ci DEFAULT NULL,
  `telephone` varchar(32) COLLATE utf8_unicode_ci DEFAULT NULL,
  `fax` varchar(32) COLLATE utf8_unicode_ci DEFAULT NULL,
  `birth_date` date DEFAULT '1900-01-01',
  `birth_place` varchar(255) COLLATE utf8_unicode_ci DEFAULT NULL,
  `address` text COLLATE utf8_unicode_ci,
  `code_postal` varchar(32) COLLATE utf8_unicode_ci DEFAULT NULL,
  `company` varchar(200) COLLATE utf8_unicode_ci DEFAULT NULL,
  `paypal` varchar(200) COLLATE utf8_unicode_ci DEFAULT NULL,
  `country_id` int(11) DEFAULT NULL,
  `city` varchar(255) COLLATE utf8_unicode_ci DEFAULT NULL,
  `zone_id` int(11) DEFAULT NULL,
  `status` tinyint(4) DEFAULT NULL,
  `remember_token` varchar(100) COLLATE utf8_unicode_ci DEFAULT NULL,
  `created_at` timestamp NULL DEFAULT '0000-00-00 00:00:00',
  `updated_at` timestamp NULL DEFAULT '0000-00-00 00:00:00',
  PRIMARY KEY (`id`),
  UNIQUE KEY `users_email_unique` (`email`)
) ENGINE=InnoDB AUTO_INCREMENT=15 DEFAULT CHARSET=utf8 COLLATE=utf8_unicode_ci;

/*Data for the table `users` */

insert  into `users`(`id`,`firstname`,`lastname`,`email`,`password`,`gender`,`student_number`,`type_personal`,`id_number`,`mobile`,`telephone`,`fax`,`birth_date`,`birth_place`,`address`,`code_postal`,`company`,`paypal`,`country_id`,`city`,`zone_id`,`status`,`remember_token`,`created_at`,`updated_at`) values (1,'Hamid','khorshidi','techniconline@yahoo.com','$2y$10$e0nfd6kvDJQH/fkiM6b9Q.TJc8HUNRf3rvV4ifHPpMq3gN.nv1IGK','male',NULL,'real','','09127654550','44806957','','1999-03-10',NULL,'tehran','12345','','',101,'tehran',0,1,'QGpwJRwsXBlj7p3415qIHpToCcYRlnLcp8MopnSOzQTyRPYh8Ghk1sLcBCjv','2015-06-09 13:58:29','2015-09-25 15:08:11'),(2,'ahmad','khorshidi','techniconline@gmail.com','$2y$10$K.lAHRMSAzA3uo0uy/gJuunc4DJT9I3VfE03xcC2M6YDOuLscBWke','male',NULL,'real',NULL,'095222','',NULL,'1900-01-01',NULL,'test 1','12345',NULL,NULL,1,NULL,NULL,1,'i8UJkRKpx2SuRplFcOP5EFjqDaO6BZJMrUHW7iVivpuf8uU2G1uqQF5MADgh','2015-06-26 06:54:05','2015-06-26 06:54:05'),(12,'hamid','khorshid','techniconline@yahoo.ir','$2y$10$NjxYT.d2vtHd088aOnuivOTeHnNnXT2KwAc3GDrJjfdjRDPbBx1xm','male',NULL,'real',NULL,'9127654','',NULL,'1900-01-01',NULL,'teh','12345',NULL,NULL,1,'tehran',NULL,1,NULL,'2015-07-03 13:14:29','2015-07-03 13:14:29'),(13,'ali','khorshidi','techniconline@yahoo.co','$2y$10$aNmYMnSimOIYh1OsH8mtOur1r7zOxnazlGtyPrlBG2prZqSr6Me.O','male',NULL,'real',NULL,'9127654','',NULL,'1983-01-01',NULL,'teh','123456',NULL,NULL,101,NULL,NULL,1,NULL,'2015-07-09 04:35:48','2015-07-09 04:35:48'),(14,'hamid ','khan','techniconline@yahoo.me','$2y$10$ihBz1wRPVr0pDzY5DVM5U.owmYVhp3Qxztu4pbsMAoQzSttBAOTs6','male',NULL,'real',NULL,'9127654','','','1999-01-01',NULL,'teh','12345',NULL,'',13,'tehran',0,1,'mnr6QMMYH1Y0K2pi0UaYJrpNhV6HxnonxSnOvtWySlmTyHQVrmlCist4phpc','2015-07-17 04:51:04','2015-07-26 18:37:16');

/*Table structure for table `visits` */

DROP TABLE IF EXISTS `visits`;

CREATE TABLE `visits` (
  `id` int(11) NOT NULL AUTO_INCREMENT,
  `system` varchar(50) DEFAULT 'comment',
  `item_id` int(11) DEFAULT NULL,
  `user_id` int(11) DEFAULT '0',
  `status` tinyint(1) DEFAULT '1',
  `ip` varchar(30) DEFAULT NULL,
  `created_at` datetime DEFAULT NULL,
  `updated_at` datetime DEFAULT NULL,
  PRIMARY KEY (`id`)
) ENGINE=InnoDB AUTO_INCREMENT=105 DEFAULT CHARSET=latin1;

/*Data for the table `visits` */

insert  into `visits`(`id`,`system`,`item_id`,`user_id`,`status`,`ip`,`created_at`,`updated_at`) values (1,'content',143,0,1,'::1','2015-11-11 07:12:04','2015-11-11 07:12:04'),(2,'content',143,0,1,'::1','2015-11-11 07:12:26','2015-11-11 07:12:26'),(3,'content',143,0,1,'::1','2015-11-11 07:26:33','2015-11-11 07:26:33'),(4,'product',2,0,1,'::1','2015-11-11 09:51:30','2015-11-11 09:51:30'),(5,'content',143,0,1,'::1','2015-11-11 19:44:36','2015-11-11 19:44:36'),(6,'content',3,0,1,'::1','2015-11-11 20:56:53','2015-11-11 20:56:53'),(7,'product',1,0,1,'::1','2015-11-11 20:56:56','2015-11-11 20:56:56'),(8,'content',3,0,1,'::1','2015-11-12 19:42:56','2015-11-12 19:42:56'),(9,'content',3,0,1,'127.0.0.1','2015-11-14 20:01:15','2015-11-14 20:01:15'),(10,'content',3,0,1,'127.0.0.1','2015-11-14 20:01:19','2015-11-14 20:01:19'),(11,'content',25,0,1,'127.0.0.1','2015-11-14 20:01:29','2015-11-14 20:01:29'),(12,'content',25,0,1,'127.0.0.1','2015-11-14 20:01:32','2015-11-14 20:01:32'),(13,'content',25,0,1,'::1','2015-11-14 20:02:08','2015-11-14 20:02:08'),(14,'content',3,0,1,'::1','2015-11-14 20:02:33','2015-11-14 20:02:33'),(15,'product',4,0,1,'::1','2015-11-14 20:06:22','2015-11-14 20:06:22'),(16,'product',4,0,1,'::1','2015-11-14 20:07:41','2015-11-14 20:07:41'),(17,'product',4,0,1,'::1','2015-11-14 20:11:21','2015-11-14 20:11:21'),(18,'product',4,0,1,'::1','2015-11-14 20:12:24','2015-11-14 20:12:24'),(19,'content',25,0,1,'127.0.0.1','2015-11-29 05:09:29','2015-11-29 05:09:29'),(20,'product',2,0,1,'127.0.0.1','2015-11-29 05:09:36','2015-11-29 05:09:36'),(21,'content',143,0,1,'127.0.0.1','2015-11-29 05:13:05','2015-11-29 05:13:05'),(22,'content',140,0,1,'127.0.0.1','2015-11-29 05:15:16','2015-11-29 05:15:16'),(23,'content',140,0,1,'127.0.0.1','2015-11-29 05:32:49','2015-11-29 05:32:49'),(24,'content',140,0,1,'127.0.0.1','2015-11-29 05:35:39','2015-11-29 05:35:39'),(25,'content',140,0,1,'127.0.0.1','2015-11-29 05:56:28','2015-11-29 05:56:28'),(26,'content',143,0,1,'::1','2015-11-29 14:42:36','2015-11-29 14:42:36'),(27,'content',143,0,1,'::1','2015-11-29 14:43:35','2015-11-29 14:43:35'),(28,'content',143,0,1,'::1','2015-11-29 14:47:58','2015-11-29 14:47:58'),(29,'content',143,0,1,'::1','2015-11-29 14:48:56','2015-11-29 14:48:56'),(30,'content',143,0,1,'::1','2015-11-29 14:49:13','2015-11-29 14:49:13'),(31,'content',143,0,1,'::1','2015-11-29 14:50:20','2015-11-29 14:50:20'),(32,'content',143,0,1,'::1','2015-11-29 14:51:50','2015-11-29 14:51:50'),(33,'content',143,0,1,'::1','2015-11-29 14:52:16','2015-11-29 14:52:16'),(34,'content',143,0,1,'::1','2015-11-29 14:52:54','2015-11-29 14:52:54'),(35,'content',143,0,1,'::1','2015-11-29 14:52:55','2015-11-29 14:52:55'),(36,'content',143,0,1,'::1','2015-11-29 14:55:21','2015-11-29 14:55:21'),(37,'content',143,0,1,'::1','2015-11-29 14:55:53','2015-11-29 14:55:53'),(38,'content',143,0,1,'::1','2015-11-29 14:56:49','2015-11-29 14:56:49'),(39,'content',143,0,1,'::1','2015-11-29 14:59:29','2015-11-29 14:59:29'),(40,'content',143,0,1,'::1','2015-11-29 15:00:42','2015-11-29 15:00:42'),(41,'content',143,0,1,'::1','2015-11-29 15:05:05','2015-11-29 15:05:05'),(42,'content',3,0,1,'::1','2015-11-29 15:05:40','2015-11-29 15:05:40'),(43,'content',3,0,1,'::1','2015-11-29 15:07:14','2015-11-29 15:07:14'),(44,'content',3,0,1,'::1','2015-11-29 15:08:38','2015-11-29 15:08:38'),(45,'content',3,0,1,'::1','2015-11-29 15:16:58','2015-11-29 15:16:58'),(46,'product',1,0,1,'::1','2015-11-29 15:18:07','2015-11-29 15:18:07'),(47,'product',1,0,1,'::1','2015-11-29 15:20:01','2015-11-29 15:20:01'),(48,'product',1,0,1,'::1','2015-11-29 15:23:21','2015-11-29 15:23:21'),(49,'product',1,0,1,'::1','2015-11-29 15:24:12','2015-11-29 15:24:12'),(50,'product',1,0,1,'::1','2015-11-29 15:24:26','2015-11-29 15:24:26'),(51,'product',1,0,1,'::1','2015-11-29 15:27:39','2015-11-29 15:27:39'),(52,'product',1,0,1,'::1','2015-11-29 15:28:12','2015-11-29 15:28:12'),(53,'product',1,0,1,'::1','2015-11-29 15:28:25','2015-11-29 15:28:25'),(54,'product',1,0,1,'::1','2015-11-29 15:30:37','2015-11-29 15:30:37'),(55,'product',1,0,1,'::1','2015-11-29 15:34:41','2015-11-29 15:34:41'),(56,'product',1,0,1,'::1','2015-11-29 15:35:42','2015-11-29 15:35:42'),(57,'product',1,0,1,'::1','2015-11-29 15:37:11','2015-11-29 15:37:11'),(58,'product',1,0,1,'::1','2015-11-29 15:47:39','2015-11-29 15:47:39'),(59,'product',1,0,1,'::1','2015-11-29 15:48:40','2015-11-29 15:48:40'),(60,'product',1,0,1,'::1','2015-11-29 15:50:19','2015-11-29 15:50:19'),(61,'product',1,0,1,'::1','2015-11-29 15:50:53','2015-11-29 15:50:53'),(62,'product',1,0,1,'::1','2015-11-29 15:51:40','2015-11-29 15:51:40'),(63,'product',1,0,1,'::1','2015-11-29 15:57:32','2015-11-29 15:57:32'),(64,'product',1,0,1,'::1','2015-11-29 15:59:06','2015-11-29 15:59:06'),(65,'product',1,0,1,'::1','2015-11-29 16:00:12','2015-11-29 16:00:12'),(66,'product',1,0,1,'::1','2015-11-29 16:02:16','2015-11-29 16:02:16'),(67,'product',1,0,1,'::1','2015-11-29 16:03:12','2015-11-29 16:03:12'),(68,'product',1,0,1,'::1','2015-11-29 16:03:42','2015-11-29 16:03:42'),(69,'product',1,0,1,'::1','2015-11-29 16:04:22','2015-11-29 16:04:22'),(70,'product',1,0,1,'::1','2015-11-29 16:04:44','2015-11-29 16:04:44'),(71,'product',1,0,1,'::1','2015-11-29 16:07:23','2015-11-29 16:07:23'),(72,'content',25,0,1,'::1','2015-11-29 16:10:05','2015-11-29 16:10:05'),(73,'product',2,0,1,'::1','2015-11-29 16:10:08','2015-11-29 16:10:08'),(74,'content',3,0,1,'::1','2015-11-29 16:13:12','2015-11-29 16:13:12'),(75,'product',1,0,1,'::1','2015-11-29 16:13:15','2015-11-29 16:13:15'),(76,'content',3,1,1,'::1','2015-11-29 16:14:05','2015-11-29 16:14:05'),(77,'product',1,1,1,'::1','2015-11-29 16:14:08','2015-11-29 16:14:08'),(78,'product',1,1,1,'::1','2015-11-29 16:15:41','2015-11-29 16:15:41'),(79,'product',1,0,1,'::1','2015-11-29 16:17:39','2015-11-29 16:17:39'),(80,'product',1,0,1,'::1','2015-11-29 16:20:14','2015-11-29 16:20:14'),(81,'product',1,1,1,'::1','2015-11-29 16:21:57','2015-11-29 16:21:57'),(82,'product',1,1,1,'::1','2015-11-29 16:24:07','2015-11-29 16:24:07'),(83,'content',25,1,1,'::1','2015-11-29 16:24:29','2015-11-29 16:24:29'),(84,'product',2,1,1,'::1','2015-11-29 16:24:30','2015-11-29 16:24:30'),(85,'product',1,1,1,'::1','2015-11-29 18:20:24','2015-11-29 18:20:24'),(86,'product',1,1,1,'::1','2015-11-29 18:50:29','2015-11-29 18:50:29'),(87,'product',1,0,1,'::1','2015-11-29 18:53:36','2015-11-29 18:53:36'),(88,'content',25,0,1,'::1','2015-12-03 15:47:28','2015-12-03 15:47:28'),(89,'product',2,0,1,'::1','2015-12-03 15:47:30','2015-12-03 15:47:30'),(90,'product',2,0,1,'::1','2015-12-03 15:49:50','2015-12-03 15:49:50'),(91,'content',3,0,1,'::1','2015-12-03 15:51:13','2015-12-03 15:51:13'),(92,'product',1,0,1,'::1','2015-12-03 15:51:17','2015-12-03 15:51:17'),(93,'product',1,0,1,'::1','2015-12-03 15:52:36','2015-12-03 15:52:36'),(94,'content',3,0,1,'::1','2015-12-03 15:52:44','2015-12-03 15:52:44'),(95,'content',3,0,1,'::1','2015-12-03 15:55:35','2015-12-03 15:55:35'),(96,'content',3,0,1,'::1','2015-12-03 15:56:47','2015-12-03 15:56:47'),(97,'product',4,0,1,'::1','2015-12-03 15:57:59','2015-12-03 15:57:59'),(98,'content',3,0,1,'::1','2015-12-03 15:59:17','2015-12-03 15:59:17'),(99,'content',3,0,1,'::1','2015-12-03 16:01:29','2015-12-03 16:01:29'),(100,'product',4,0,1,'::1','2015-12-03 16:02:14','2015-12-03 16:02:14'),(101,'product',4,0,1,'::1','2015-12-03 16:02:21','2015-12-03 16:02:21'),(102,'product',4,0,1,'::1','2015-12-03 16:03:30','2015-12-03 16:03:30'),(103,'product',4,0,1,'::1','2015-12-03 16:04:27','2015-12-03 16:04:27'),(104,'product',4,0,1,'::1','2015-12-03 16:04:50','2015-12-03 16:04:50');

/*!40101 SET SQL_MODE=@OLD_SQL_MODE */;
/*!40014 SET FOREIGN_KEY_CHECKS=@OLD_FOREIGN_KEY_CHECKS */;
/*!40014 SET UNIQUE_CHECKS=@OLD_UNIQUE_CHECKS */;
/*!40111 SET SQL_NOTES=@OLD_SQL_NOTES */;
